"Repeat","OuterFold","Model","SampleID","Actual","Probability_CRC","Predicted"
1,1,"BinaryLogistic","CCIS02124300ST-4-0","healthy",0.112978182157277,"healthy"
1,1,"BinaryLogistic","CCIS11354283ST-4-0","healthy",0.0262364294095378,"healthy"
1,1,"BinaryLogistic","CCIS14449628ST-4-0","CRC",1,"CRC"
1,1,"BinaryLogistic","CCIS38765456ST-20-0","CRC",1,"CRC"
1,1,"BinaryLogistic","CCIS40244499ST-3-0","CRC",1,"CRC"
1,1,"BinaryLogistic","CCIS41692898ST-4-0","healthy",0.0060365079290722,"healthy"
1,1,"BinaryLogistic","CCIS45793747ST-4-0","healthy",0.00251165919795475,"healthy"
1,1,"BinaryLogistic","CCIS64773582ST-4-0","healthy",0.832655825165488,"CRC"
1,1,"BinaryLogistic","CCIS84543192ST-4-0","CRC",0.988501348362178,"CRC"
1,1,"RandomForest","CCIS02124300ST-4-0","healthy",0.368,"healthy"
1,1,"RandomForest","CCIS11354283ST-4-0","healthy",0.122,"healthy"
1,1,"RandomForest","CCIS14449628ST-4-0","CRC",0.868,"CRC"
1,1,"RandomForest","CCIS38765456ST-20-0","CRC",0.898,"CRC"
1,1,"RandomForest","CCIS40244499ST-3-0","CRC",0.84,"CRC"
1,1,"RandomForest","CCIS41692898ST-4-0","healthy",0.176,"healthy"
1,1,"RandomForest","CCIS45793747ST-4-0","healthy",0.07,"healthy"
1,1,"RandomForest","CCIS64773582ST-4-0","healthy",0.388,"healthy"
1,1,"RandomForest","CCIS84543192ST-4-0","CRC",0.508,"CRC"
1,1,"SVM","CCIS02124300ST-4-0","healthy",0.250009706261613,"healthy"
1,1,"SVM","CCIS11354283ST-4-0","healthy",0.285002475398979,"healthy"
1,1,"SVM","CCIS14449628ST-4-0","CRC",0.999438343627346,"CRC"
1,1,"SVM","CCIS38765456ST-20-0","CRC",0.983716188482873,"CRC"
1,1,"SVM","CCIS40244499ST-3-0","CRC",0.442547465240691,"healthy"
1,1,"SVM","CCIS41692898ST-4-0","healthy",0.205291596082632,"healthy"
1,1,"SVM","CCIS45793747ST-4-0","healthy",0.360882627917874,"healthy"
1,1,"SVM","CCIS64773582ST-4-0","healthy",0.726012438641066,"CRC"
1,1,"SVM","CCIS84543192ST-4-0","CRC",0.178064205199786,"healthy"
1,1,"XGBoost","CCIS02124300ST-4-0","healthy",0.551672041416168,"CRC"
1,1,"XGBoost","CCIS11354283ST-4-0","healthy",0.0278045982122421,"healthy"
1,1,"XGBoost","CCIS14449628ST-4-0","CRC",0.995211958885193,"CRC"
1,1,"XGBoost","CCIS38765456ST-20-0","CRC",0.991185009479523,"CRC"
1,1,"XGBoost","CCIS40244499ST-3-0","CRC",0.855268776416779,"CRC"
1,1,"XGBoost","CCIS41692898ST-4-0","healthy",0.0269061606377363,"healthy"
1,1,"XGBoost","CCIS45793747ST-4-0","healthy",0.00146230834070593,"healthy"
1,1,"XGBoost","CCIS64773582ST-4-0","healthy",0.270682245492935,"healthy"
1,1,"XGBoost","CCIS84543192ST-4-0","CRC",0.935679614543915,"CRC"
1,2,"BinaryLogistic","CCIS16561622ST-4-0","healthy",0.0000015905446201661,"healthy"
1,2,"BinaryLogistic","CCIS22958137ST-20-0","CRC",1,"CRC"
1,2,"BinaryLogistic","CCIS36797902ST-4-0","healthy",1,"CRC"
1,2,"BinaryLogistic","CCIS53355328ST-4-0","CRC",1,"CRC"
1,2,"BinaryLogistic","CCIS63910149ST-4-0","healthy",0.000000000000000222044604925031,"healthy"
1,2,"BinaryLogistic","CCIS77252613ST-4-0","CRC",0.000000000000000222044604925031,"healthy"
1,2,"BinaryLogistic","CCIS81139242ST-4-0","healthy",0.993932365898845,"CRC"
1,2,"BinaryLogistic","CCIS83870198ST-4-0","CRC",1,"CRC"
1,2,"BinaryLogistic","CCIS93040568ST-20-0","healthy",0.999999999997035,"CRC"
1,2,"RandomForest","CCIS16561622ST-4-0","healthy",0.318,"healthy"
1,2,"RandomForest","CCIS22958137ST-20-0","CRC",0.754,"CRC"
1,2,"RandomForest","CCIS36797902ST-4-0","healthy",0.6,"CRC"
1,2,"RandomForest","CCIS53355328ST-4-0","CRC",0.454,"healthy"
1,2,"RandomForest","CCIS63910149ST-4-0","healthy",0.336,"healthy"
1,2,"RandomForest","CCIS77252613ST-4-0","CRC",0.198,"healthy"
1,2,"RandomForest","CCIS81139242ST-4-0","healthy",0.352,"healthy"
1,2,"RandomForest","CCIS83870198ST-4-0","CRC",0.544,"CRC"
1,2,"RandomForest","CCIS93040568ST-20-0","healthy",0.588,"CRC"
1,2,"SVM","CCIS16561622ST-4-0","healthy",0.290477011867003,"healthy"
1,2,"SVM","CCIS22958137ST-20-0","CRC",0.938424641320243,"CRC"
1,2,"SVM","CCIS36797902ST-4-0","healthy",0.978020191748003,"CRC"
1,2,"SVM","CCIS53355328ST-4-0","CRC",0.174383412266768,"healthy"
1,2,"SVM","CCIS63910149ST-4-0","healthy",0.309132086172688,"healthy"
1,2,"SVM","CCIS77252613ST-4-0","CRC",0.183906050995203,"healthy"
1,2,"SVM","CCIS81139242ST-4-0","healthy",0.658231990653881,"CRC"
1,2,"SVM","CCIS83870198ST-4-0","CRC",0.712241306708383,"CRC"
1,2,"SVM","CCIS93040568ST-20-0","healthy",0.582658206402297,"CRC"
1,2,"XGBoost","CCIS16561622ST-4-0","healthy",0.756420075893402,"CRC"
1,2,"XGBoost","CCIS22958137ST-20-0","CRC",0.928090989589691,"CRC"
1,2,"XGBoost","CCIS36797902ST-4-0","healthy",0.988394379615784,"CRC"
1,2,"XGBoost","CCIS53355328ST-4-0","CRC",0.00959400739520788,"healthy"
1,2,"XGBoost","CCIS63910149ST-4-0","healthy",0.374842315912247,"healthy"
1,2,"XGBoost","CCIS77252613ST-4-0","CRC",0.00737903034314513,"healthy"
1,2,"XGBoost","CCIS81139242ST-4-0","healthy",0.207739800214767,"healthy"
1,2,"XGBoost","CCIS83870198ST-4-0","CRC",0.975917816162109,"CRC"
1,2,"XGBoost","CCIS93040568ST-20-0","healthy",0.973822832107544,"CRC"
1,3,"BinaryLogistic","CCIS07277498ST-4-0","healthy",1,"CRC"
1,3,"BinaryLogistic","CCIS20795251ST-4-0","healthy",1,"CRC"
1,3,"BinaryLogistic","CCIS21278152ST-4-0","CRC",1,"CRC"
1,3,"BinaryLogistic","CCIS29688262ST-20-0","healthy",0.000000000000000222044604925031,"healthy"
1,3,"BinaryLogistic","CCIS34055159ST-4-0","CRC",0.000000000000000222044604925031,"healthy"
1,3,"BinaryLogistic","CCIS50148151ST-4-0","CRC",0.000000000000000222044604925031,"healthy"
1,3,"BinaryLogistic","CCIS50471204ST-4-0","healthy",0.000000000000000222044604925031,"healthy"
1,3,"BinaryLogistic","CCIS63448910ST-4-0","healthy",0.000000000000000222044604925031,"healthy"
1,3,"BinaryLogistic","CCIS87167916ST-4-0","CRC",1,"CRC"
1,3,"RandomForest","CCIS07277498ST-4-0","healthy",0.402,"healthy"
1,3,"RandomForest","CCIS20795251ST-4-0","healthy",0.45,"healthy"
1,3,"RandomForest","CCIS21278152ST-4-0","CRC",0.736,"CRC"
1,3,"RandomForest","CCIS29688262ST-20-0","healthy",0.37,"healthy"
1,3,"RandomForest","CCIS34055159ST-4-0","CRC",0.724,"CRC"
1,3,"RandomForest","CCIS50148151ST-4-0","CRC",0.504,"CRC"
1,3,"RandomForest","CCIS50471204ST-4-0","healthy",0.276,"healthy"
1,3,"RandomForest","CCIS63448910ST-4-0","healthy",0.534,"CRC"
1,3,"RandomForest","CCIS87167916ST-4-0","CRC",0.708,"CRC"
1,3,"SVM","CCIS07277498ST-4-0","healthy",0.645119519175486,"CRC"
1,3,"SVM","CCIS20795251ST-4-0","healthy",0.801008962093861,"CRC"
1,3,"SVM","CCIS21278152ST-4-0","CRC",0.462947999451076,"healthy"
1,3,"SVM","CCIS29688262ST-20-0","healthy",0.0517674327252828,"healthy"
1,3,"SVM","CCIS34055159ST-4-0","CRC",0.201168403930325,"healthy"
1,3,"SVM","CCIS50148151ST-4-0","CRC",0.215969374169476,"healthy"
1,3,"SVM","CCIS50471204ST-4-0","healthy",0.0487884447472169,"healthy"
1,3,"SVM","CCIS63448910ST-4-0","healthy",0.107616124409103,"healthy"
1,3,"SVM","CCIS87167916ST-4-0","CRC",0.994296093755921,"CRC"
1,3,"XGBoost","CCIS07277498ST-4-0","healthy",0.252648055553436,"healthy"
1,3,"XGBoost","CCIS20795251ST-4-0","healthy",0.685038805007935,"CRC"
1,3,"XGBoost","CCIS21278152ST-4-0","CRC",0.47358101606369,"healthy"
1,3,"XGBoost","CCIS29688262ST-20-0","healthy",0.0101148830726743,"healthy"
1,3,"XGBoost","CCIS34055159ST-4-0","CRC",0.970115125179291,"CRC"
1,3,"XGBoost","CCIS50148151ST-4-0","CRC",0.0192915238440037,"healthy"
1,3,"XGBoost","CCIS50471204ST-4-0","healthy",0.141914531588554,"healthy"
1,3,"XGBoost","CCIS63448910ST-4-0","healthy",0.685397505760193,"CRC"
1,3,"XGBoost","CCIS87167916ST-4-0","CRC",0.929306507110596,"CRC"
1,4,"BinaryLogistic","CCIS02856720ST-4-0","healthy",0.000000000000000222044604925031,"healthy"
1,4,"BinaryLogistic","CCIS23164343ST-4-0","healthy",0.000000000000000222044604925031,"healthy"
1,4,"BinaryLogistic","CCIS32452666ST-4-0","healthy",0.000000000000000222044604925031,"healthy"
1,4,"BinaryLogistic","CCIS33816588ST-4-0","CRC",1,"CRC"
1,4,"BinaryLogistic","CCIS41548810ST-4-0","CRC",0.000000000000000222044604925031,"healthy"
1,4,"BinaryLogistic","CCIS47284573ST-4-0","CRC",0.000000000000000222044604925031,"healthy"
1,4,"BinaryLogistic","CCIS62794166ST-4-0","CRC",0.000000000000000222044604925031,"healthy"
1,4,"BinaryLogistic","CCIS63468405ST-4-0","healthy",0.000000000000000222044604925031,"healthy"
1,4,"BinaryLogistic","CCIS78318719ST-4-0","CRC",0.000000000000000222044604925031,"healthy"
1,4,"BinaryLogistic","CCIS95097901ST-4-0","healthy",1,"CRC"
1,4,"RandomForest","CCIS02856720ST-4-0","healthy",0.176,"healthy"
1,4,"RandomForest","CCIS23164343ST-4-0","healthy",0.128,"healthy"
1,4,"RandomForest","CCIS32452666ST-4-0","healthy",0.336,"healthy"
1,4,"RandomForest","CCIS33816588ST-4-0","CRC",0.934,"CRC"
1,4,"RandomForest","CCIS41548810ST-4-0","CRC",0.354,"healthy"
1,4,"RandomForest","CCIS47284573ST-4-0","CRC",0.108,"healthy"
1,4,"RandomForest","CCIS62794166ST-4-0","CRC",0.304,"healthy"
1,4,"RandomForest","CCIS63468405ST-4-0","healthy",0.422,"healthy"
1,4,"RandomForest","CCIS78318719ST-4-0","CRC",0.26,"healthy"
1,4,"RandomForest","CCIS95097901ST-4-0","healthy",0.472,"healthy"
1,4,"SVM","CCIS02856720ST-4-0","healthy",0.131537771249676,"healthy"
1,4,"SVM","CCIS23164343ST-4-0","healthy",0.123770953356826,"healthy"
1,4,"SVM","CCIS32452666ST-4-0","healthy",0.189725363096427,"healthy"
1,4,"SVM","CCIS33816588ST-4-0","CRC",0.930554418530085,"CRC"
1,4,"SVM","CCIS41548810ST-4-0","CRC",0.223559337664416,"healthy"
1,4,"SVM","CCIS47284573ST-4-0","CRC",0.299273062043529,"healthy"
1,4,"SVM","CCIS62794166ST-4-0","CRC",0.110122857136021,"healthy"
1,4,"SVM","CCIS63468405ST-4-0","healthy",0.142967221645605,"healthy"
1,4,"SVM","CCIS78318719ST-4-0","CRC",0.111170242215507,"healthy"
1,4,"SVM","CCIS95097901ST-4-0","healthy",0.874118284676128,"CRC"
1,4,"XGBoost","CCIS02856720ST-4-0","healthy",0.0549602583050728,"healthy"
1,4,"XGBoost","CCIS23164343ST-4-0","healthy",0.0119787324219942,"healthy"
1,4,"XGBoost","CCIS32452666ST-4-0","healthy",0.399020880460739,"healthy"
1,4,"XGBoost","CCIS33816588ST-4-0","CRC",0.994116425514221,"CRC"
1,4,"XGBoost","CCIS41548810ST-4-0","CRC",0.517915189266205,"CRC"
1,4,"XGBoost","CCIS47284573ST-4-0","CRC",0.00361253414303064,"healthy"
1,4,"XGBoost","CCIS62794166ST-4-0","CRC",0.0362909249961376,"healthy"
1,4,"XGBoost","CCIS63468405ST-4-0","healthy",0.00660328567028046,"healthy"
1,4,"XGBoost","CCIS78318719ST-4-0","CRC",0.0876497104763985,"healthy"
1,4,"XGBoost","CCIS95097901ST-4-0","healthy",0.0789801999926567,"healthy"
1,5,"BinaryLogistic","CCIS03473770ST-4-0","healthy",0.00128957262566664,"healthy"
1,5,"BinaryLogistic","CCIS05314658ST-4-0","healthy",0.996261073283878,"CRC"
1,5,"BinaryLogistic","CCIS15794887ST-4-0","healthy",0.00189409891390741,"healthy"
1,5,"BinaryLogistic","CCIS44093303ST-4-0","healthy",0.999551090225235,"CRC"
1,5,"BinaryLogistic","CCIS53043478ST-4-0","CRC",1,"CRC"
1,5,"BinaryLogistic","CCIS59132091ST-4-0","CRC",0.999995233448229,"CRC"
1,5,"BinaryLogistic","CCIS71301801ST-4-0","CRC",1,"CRC"
1,5,"BinaryLogistic","CCIS80834637ST-4-0","healthy",0.124864692092097,"healthy"
1,5,"BinaryLogistic","CCIS87116798ST-4-0","CRC",0.954233067858867,"CRC"
1,5,"RandomForest","CCIS03473770ST-4-0","healthy",0.198,"healthy"
1,5,"RandomForest","CCIS05314658ST-4-0","healthy",0.418,"healthy"
1,5,"RandomForest","CCIS15794887ST-4-0","healthy",0.184,"healthy"
1,5,"RandomForest","CCIS44093303ST-4-0","healthy",0.598,"CRC"
1,5,"RandomForest","CCIS53043478ST-4-0","CRC",0.786,"CRC"
1,5,"RandomForest","CCIS59132091ST-4-0","CRC",0.502,"CRC"
1,5,"RandomForest","CCIS71301801ST-4-0","CRC",0.972,"CRC"
1,5,"RandomForest","CCIS80834637ST-4-0","healthy",0.578,"CRC"
1,5,"RandomForest","CCIS87116798ST-4-0","CRC",0.646,"CRC"
1,5,"SVM","CCIS03473770ST-4-0","healthy",0.31746623120592,"healthy"
1,5,"SVM","CCIS05314658ST-4-0","healthy",0.735377462227235,"CRC"
1,5,"SVM","CCIS15794887ST-4-0","healthy",0.823825951478649,"CRC"
1,5,"SVM","CCIS44093303ST-4-0","healthy",0.380097169548377,"healthy"
1,5,"SVM","CCIS53043478ST-4-0","CRC",0.289584427036221,"healthy"
1,5,"SVM","CCIS59132091ST-4-0","CRC",0.544803314461092,"CRC"
1,5,"SVM","CCIS71301801ST-4-0","CRC",0.997202268582482,"CRC"
1,5,"SVM","CCIS80834637ST-4-0","healthy",0.863170486189777,"CRC"
1,5,"SVM","CCIS87116798ST-4-0","CRC",0.952422856928749,"CRC"
1,5,"XGBoost","CCIS03473770ST-4-0","healthy",0.159854799509048,"healthy"
1,5,"XGBoost","CCIS05314658ST-4-0","healthy",0.339969635009766,"healthy"
1,5,"XGBoost","CCIS15794887ST-4-0","healthy",0.0017212926177308,"healthy"
1,5,"XGBoost","CCIS44093303ST-4-0","healthy",0.779593408107758,"CRC"
1,5,"XGBoost","CCIS53043478ST-4-0","CRC",0.954484701156616,"CRC"
1,5,"XGBoost","CCIS59132091ST-4-0","CRC",0.343651860952377,"healthy"
1,5,"XGBoost","CCIS71301801ST-4-0","CRC",0.999494433403015,"CRC"
1,5,"XGBoost","CCIS80834637ST-4-0","healthy",0.777710855007172,"CRC"
1,5,"XGBoost","CCIS87116798ST-4-0","CRC",0.978726923465729,"CRC"
1,6,"BinaryLogistic","CCIS07539127ST-4-0","healthy",0.191984032950225,"healthy"
1,6,"BinaryLogistic","CCIS09568613ST-4-0","healthy",0.00000000192306687567342,"healthy"
1,6,"BinaryLogistic","CCIS21126322ST-4-0","healthy",0.21786659524928,"healthy"
1,6,"BinaryLogistic","CCIS41222843ST-4-0","CRC",0.736510506205308,"CRC"
1,6,"BinaryLogistic","CCIS44757994ST-4-0","CRC",0.949417191905398,"CRC"
1,6,"BinaryLogistic","CCIS46047672ST-4-0","CRC",0.0000246353493144523,"healthy"
1,6,"BinaryLogistic","CCIS58234805ST-4-0","CRC",1,"CRC"
1,6,"BinaryLogistic","CCIS78100604ST-4-0","healthy",0.270668401225414,"healthy"
1,6,"BinaryLogistic","CCIS85214191ST-3-0","CRC",1,"CRC"
1,6,"BinaryLogistic","CCIS98482370ST-3-0","healthy",0.0915081167013502,"healthy"
1,6,"RandomForest","CCIS07539127ST-4-0","healthy",0.53,"CRC"
1,6,"RandomForest","CCIS09568613ST-4-0","healthy",0.436,"healthy"
1,6,"RandomForest","CCIS21126322ST-4-0","healthy",0.084,"healthy"
1,6,"RandomForest","CCIS41222843ST-4-0","CRC",0.204,"healthy"
1,6,"RandomForest","CCIS44757994ST-4-0","CRC",0.686,"CRC"
1,6,"RandomForest","CCIS46047672ST-4-0","CRC",0.15,"healthy"
1,6,"RandomForest","CCIS58234805ST-4-0","CRC",0.81,"CRC"
1,6,"RandomForest","CCIS78100604ST-4-0","healthy",0.322,"healthy"
1,6,"RandomForest","CCIS85214191ST-3-0","CRC",0.584,"CRC"
1,6,"RandomForest","CCIS98482370ST-3-0","healthy",0.254,"healthy"
1,6,"SVM","CCIS07539127ST-4-0","healthy",0.777068170192296,"CRC"
1,6,"SVM","CCIS09568613ST-4-0","healthy",0.561736096781713,"CRC"
1,6,"SVM","CCIS21126322ST-4-0","healthy",0.248193447449314,"healthy"
1,6,"SVM","CCIS41222843ST-4-0","CRC",0.278792276946546,"healthy"
1,6,"SVM","CCIS44757994ST-4-0","CRC",0.882510491045875,"CRC"
1,6,"SVM","CCIS46047672ST-4-0","CRC",0.256895414340235,"healthy"
1,6,"SVM","CCIS58234805ST-4-0","CRC",0.997084749979288,"CRC"
1,6,"SVM","CCIS78100604ST-4-0","healthy",0.30860120076837,"healthy"
1,6,"SVM","CCIS85214191ST-3-0","CRC",0.536146094940139,"CRC"
1,6,"SVM","CCIS98482370ST-3-0","healthy",0.254173900128918,"healthy"
1,6,"XGBoost","CCIS07539127ST-4-0","healthy",0.940269231796265,"CRC"
1,6,"XGBoost","CCIS09568613ST-4-0","healthy",0.109606236219406,"healthy"
1,6,"XGBoost","CCIS21126322ST-4-0","healthy",0.0203947443515062,"healthy"
1,6,"XGBoost","CCIS41222843ST-4-0","CRC",0.583215296268463,"CRC"
1,6,"XGBoost","CCIS44757994ST-4-0","CRC",0.980744302272797,"CRC"
1,6,"XGBoost","CCIS46047672ST-4-0","CRC",0.02779321372509,"healthy"
1,6,"XGBoost","CCIS58234805ST-4-0","CRC",0.93570601940155,"CRC"
1,6,"XGBoost","CCIS78100604ST-4-0","healthy",0.209576651453972,"healthy"
1,6,"XGBoost","CCIS85214191ST-3-0","CRC",0.47887596487999,"healthy"
1,6,"XGBoost","CCIS98482370ST-3-0","healthy",0.0300025139003992,"healthy"
1,7,"BinaryLogistic","CCIS00146684ST-4-0","healthy",0.0000132520412833133,"healthy"
1,7,"BinaryLogistic","CCIS11558985ST-4-0","healthy",0.918637932607329,"CRC"
1,7,"BinaryLogistic","CCIS12370844ST-4-0","CRC",0.148222037088987,"healthy"
1,7,"BinaryLogistic","CCIS45571137ST-3-0","healthy",0.916659446617788,"CRC"
1,7,"BinaryLogistic","CCIS50003399ST-4-0","healthy",0.00000000496995884248349,"healthy"
1,7,"BinaryLogistic","CCIS76845094ST-20-0","CRC",1,"CRC"
1,7,"BinaryLogistic","CCIS79210440ST-3-0","healthy",0.107096638749168,"healthy"
1,7,"BinaryLogistic","CCIS91228662ST-4-0","CRC",0.838363913081779,"CRC"
1,7,"BinaryLogistic","CCIS98512455ST-4-0","CRC",0.988000021818354,"CRC"
1,7,"RandomForest","CCIS00146684ST-4-0","healthy",0.08,"healthy"
1,7,"RandomForest","CCIS11558985ST-4-0","healthy",0.41,"healthy"
1,7,"RandomForest","CCIS12370844ST-4-0","CRC",0.436,"healthy"
1,7,"RandomForest","CCIS45571137ST-3-0","healthy",0.406,"healthy"
1,7,"RandomForest","CCIS50003399ST-4-0","healthy",0.094,"healthy"
1,7,"RandomForest","CCIS76845094ST-20-0","CRC",0.854,"CRC"
1,7,"RandomForest","CCIS79210440ST-3-0","healthy",0.388,"healthy"
1,7,"RandomForest","CCIS91228662ST-4-0","CRC",0.678,"CRC"
1,7,"RandomForest","CCIS98512455ST-4-0","CRC",0.54,"CRC"
1,7,"SVM","CCIS00146684ST-4-0","healthy",0.0637986983633343,"healthy"
1,7,"SVM","CCIS11558985ST-4-0","healthy",0.743538028526929,"CRC"
1,7,"SVM","CCIS12370844ST-4-0","CRC",0.322516748503192,"healthy"
1,7,"SVM","CCIS45571137ST-3-0","healthy",0.90843751184221,"CRC"
1,7,"SVM","CCIS50003399ST-4-0","healthy",0.0168319770222934,"healthy"
1,7,"SVM","CCIS76845094ST-20-0","CRC",0.738808909973876,"CRC"
1,7,"SVM","CCIS79210440ST-3-0","healthy",0.286718033919522,"healthy"
1,7,"SVM","CCIS91228662ST-4-0","CRC",0.702581828858533,"CRC"
1,7,"SVM","CCIS98512455ST-4-0","CRC",0.762319871488053,"CRC"
1,7,"XGBoost","CCIS00146684ST-4-0","healthy",0.0176830291748047,"healthy"
1,7,"XGBoost","CCIS11558985ST-4-0","healthy",0.943693995475769,"CRC"
1,7,"XGBoost","CCIS12370844ST-4-0","CRC",0.763826072216034,"CRC"
1,7,"XGBoost","CCIS45571137ST-3-0","healthy",0.795439004898071,"CRC"
1,7,"XGBoost","CCIS50003399ST-4-0","healthy",0.011384055018425,"healthy"
1,7,"XGBoost","CCIS76845094ST-20-0","CRC",0.940885126590729,"CRC"
1,7,"XGBoost","CCIS79210440ST-3-0","healthy",0.256847739219666,"healthy"
1,7,"XGBoost","CCIS91228662ST-4-0","CRC",0.992042124271393,"CRC"
1,7,"XGBoost","CCIS98512455ST-4-0","CRC",0.896131694316864,"CRC"
1,8,"BinaryLogistic","CCIS16326685ST-4-0","healthy",0.00000172230237482636,"healthy"
1,8,"BinaryLogistic","CCIS41288781ST-4-0","CRC",0.9993808252011,"CRC"
1,8,"BinaryLogistic","CCIS52370277ST-4-0","CRC",0.000000000000000222044604925031,"healthy"
1,8,"BinaryLogistic","CCIS62605362ST-3-0","CRC",0.999999950566248,"CRC"
1,8,"BinaryLogistic","CCIS82146115ST-4-0","CRC",0.999981930719261,"CRC"
1,8,"BinaryLogistic","CCIS82944710ST-20-0","healthy",0.93550972216667,"CRC"
1,8,"BinaryLogistic","CCIS88007743ST-4-0","healthy",0.118527849907509,"healthy"
1,8,"BinaryLogistic","CCIS94417875ST-3-0","healthy",0.758728922417023,"CRC"
1,8,"BinaryLogistic","CCIS98832363ST-4-0","CRC",0.157279996136403,"healthy"
1,8,"RandomForest","CCIS16326685ST-4-0","healthy",0.536,"CRC"
1,8,"RandomForest","CCIS41288781ST-4-0","CRC",0.522,"CRC"
1,8,"RandomForest","CCIS52370277ST-4-0","CRC",0.6,"CRC"
1,8,"RandomForest","CCIS62605362ST-3-0","CRC",0.636,"CRC"
1,8,"RandomForest","CCIS82146115ST-4-0","CRC",0.264,"healthy"
1,8,"RandomForest","CCIS82944710ST-20-0","healthy",0.31,"healthy"
1,8,"RandomForest","CCIS88007743ST-4-0","healthy",0.3,"healthy"
1,8,"RandomForest","CCIS94417875ST-3-0","healthy",0.204,"healthy"
1,8,"RandomForest","CCIS98832363ST-4-0","CRC",0.34,"healthy"
1,8,"SVM","CCIS16326685ST-4-0","healthy",0.701127459610725,"CRC"
1,8,"SVM","CCIS41288781ST-4-0","CRC",0.996037345083077,"CRC"
1,8,"SVM","CCIS52370277ST-4-0","CRC",0.546227919152731,"CRC"
1,8,"SVM","CCIS62605362ST-3-0","CRC",0.547454631734215,"CRC"
1,8,"SVM","CCIS82146115ST-4-0","CRC",0.3287078155165,"healthy"
1,8,"SVM","CCIS82944710ST-20-0","healthy",0.177711942047581,"healthy"
1,8,"SVM","CCIS88007743ST-4-0","healthy",0.578211370162225,"CRC"
1,8,"SVM","CCIS94417875ST-3-0","healthy",0.419009845772575,"healthy"
1,8,"SVM","CCIS98832363ST-4-0","CRC",0.385550267513322,"healthy"
1,8,"XGBoost","CCIS16326685ST-4-0","healthy",0.862489759922028,"CRC"
1,8,"XGBoost","CCIS41288781ST-4-0","CRC",0.60979038476944,"CRC"
1,8,"XGBoost","CCIS52370277ST-4-0","CRC",0.919258415699005,"CRC"
1,8,"XGBoost","CCIS62605362ST-3-0","CRC",0.994182884693146,"CRC"
1,8,"XGBoost","CCIS82146115ST-4-0","CRC",0.0254349615424871,"healthy"
1,8,"XGBoost","CCIS82944710ST-20-0","healthy",0.262377679347992,"healthy"
1,8,"XGBoost","CCIS88007743ST-4-0","healthy",0.164589256048203,"healthy"
1,8,"XGBoost","CCIS94417875ST-3-0","healthy",0.0344061516225338,"healthy"
1,8,"XGBoost","CCIS98832363ST-4-0","CRC",0.285770207643509,"healthy"
1,9,"BinaryLogistic","CCIS02379307ST-4-0","CRC",1,"CRC"
1,9,"BinaryLogistic","CCIS10706551ST-3-0","healthy",0.000000000000000222044604925031,"healthy"
1,9,"BinaryLogistic","CCIS13047523ST-4-0","healthy",0.000000000000000222044604925031,"healthy"
1,9,"BinaryLogistic","CCIS16383318ST-4-0","healthy",0.000000000000000222044604925031,"healthy"
1,9,"BinaryLogistic","CCIS46467422ST-4-0","CRC",0.000000000000000222044604925031,"healthy"
1,9,"BinaryLogistic","CCIS48174381ST-4-0","healthy",0.000000000000000222044604925031,"healthy"
1,9,"BinaryLogistic","CCIS55230578ST-4-0","CRC",1,"CRC"
1,9,"BinaryLogistic","CCIS61287323ST-4-0","CRC",1,"CRC"
1,9,"BinaryLogistic","CCIS82507866ST-3-0","healthy",0.000000000000000222044604925031,"healthy"
1,9,"RandomForest","CCIS02379307ST-4-0","CRC",0.592,"CRC"
1,9,"RandomForest","CCIS10706551ST-3-0","healthy",0.194,"healthy"
1,9,"RandomForest","CCIS13047523ST-4-0","healthy",0.256,"healthy"
1,9,"RandomForest","CCIS16383318ST-4-0","healthy",0.632,"CRC"
1,9,"RandomForest","CCIS46467422ST-4-0","CRC",0.192,"healthy"
1,9,"RandomForest","CCIS48174381ST-4-0","healthy",0.288,"healthy"
1,9,"RandomForest","CCIS55230578ST-4-0","CRC",0.386,"healthy"
1,9,"RandomForest","CCIS61287323ST-4-0","CRC",0.558,"CRC"
1,9,"RandomForest","CCIS82507866ST-3-0","healthy",0.22,"healthy"
1,9,"SVM","CCIS02379307ST-4-0","CRC",0.87158987288897,"CRC"
1,9,"SVM","CCIS10706551ST-3-0","healthy",0.0832759357834749,"healthy"
1,9,"SVM","CCIS13047523ST-4-0","healthy",0.198169722513019,"healthy"
1,9,"SVM","CCIS16383318ST-4-0","healthy",0.992895953418005,"CRC"
1,9,"SVM","CCIS46467422ST-4-0","CRC",0.379776329183589,"healthy"
1,9,"SVM","CCIS48174381ST-4-0","healthy",0.949254960627301,"CRC"
1,9,"SVM","CCIS55230578ST-4-0","CRC",0.496439209205131,"healthy"
1,9,"SVM","CCIS61287323ST-4-0","CRC",0.187294037767185,"healthy"
1,9,"SVM","CCIS82507866ST-3-0","healthy",0.297396392013061,"healthy"
1,9,"XGBoost","CCIS02379307ST-4-0","CRC",0.936150133609772,"CRC"
1,9,"XGBoost","CCIS10706551ST-3-0","healthy",0.00645420281216502,"healthy"
1,9,"XGBoost","CCIS13047523ST-4-0","healthy",0.0408810004591942,"healthy"
1,9,"XGBoost","CCIS16383318ST-4-0","healthy",0.527656376361847,"CRC"
1,9,"XGBoost","CCIS46467422ST-4-0","CRC",0.0373547412455082,"healthy"
1,9,"XGBoost","CCIS48174381ST-4-0","healthy",0.122092947363853,"healthy"
1,9,"XGBoost","CCIS55230578ST-4-0","CRC",0.771047353744507,"CRC"
1,9,"XGBoost","CCIS61287323ST-4-0","CRC",0.0698602274060249,"healthy"
1,9,"XGBoost","CCIS82507866ST-3-0","healthy",0.0530937239527702,"healthy"
1,10,"BinaryLogistic","CCIS11015875ST-4-0","CRC",1,"CRC"
1,10,"BinaryLogistic","CCIS17669415ST-4-0","CRC",0.000000000000000222044604925031,"healthy"
1,10,"BinaryLogistic","CCIS27304052ST-3-0","healthy",0.000000000000000222044604925031,"healthy"
1,10,"BinaryLogistic","CCIS27927933ST-4-0","healthy",1,"CRC"
1,10,"BinaryLogistic","CCIS34604008ST-4-0","healthy",0.000000000000000222044604925031,"healthy"
1,10,"BinaryLogistic","CCIS64785924ST-20-0","healthy",0.000000000000000222044604925031,"healthy"
1,10,"BinaryLogistic","CCIS71578391ST-4-0","healthy",0.000000000000000222044604925031,"healthy"
1,10,"BinaryLogistic","CCIS87252800ST-4-0","CRC",0.000000000000000222044604925031,"healthy"
1,10,"BinaryLogistic","CCIS87605453ST-4-0","CRC",0.000000000000000222044604925031,"healthy"
1,10,"RandomForest","CCIS11015875ST-4-0","CRC",0.878,"CRC"
1,10,"RandomForest","CCIS17669415ST-4-0","CRC",0.5,"CRC"
1,10,"RandomForest","CCIS27304052ST-3-0","healthy",0.114,"healthy"
1,10,"RandomForest","CCIS27927933ST-4-0","healthy",0.298,"healthy"
1,10,"RandomForest","CCIS34604008ST-4-0","healthy",0.292,"healthy"
1,10,"RandomForest","CCIS64785924ST-20-0","healthy",0.182,"healthy"
1,10,"RandomForest","CCIS71578391ST-4-0","healthy",0.102,"healthy"
1,10,"RandomForest","CCIS87252800ST-4-0","CRC",0.63,"CRC"
1,10,"RandomForest","CCIS87605453ST-4-0","CRC",0.538,"CRC"
1,10,"SVM","CCIS11015875ST-4-0","CRC",0.682015539474935,"CRC"
1,10,"SVM","CCIS17669415ST-4-0","CRC",0.206390129660861,"healthy"
1,10,"SVM","CCIS27304052ST-3-0","healthy",0.112652924773708,"healthy"
1,10,"SVM","CCIS27927933ST-4-0","healthy",0.594529216558894,"CRC"
1,10,"SVM","CCIS34604008ST-4-0","healthy",0.299022371446485,"healthy"
1,10,"SVM","CCIS64785924ST-20-0","healthy",0.239311299001001,"healthy"
1,10,"SVM","CCIS71578391ST-4-0","healthy",0.113279453782906,"healthy"
1,10,"SVM","CCIS87252800ST-4-0","CRC",0.561502128040947,"CRC"
1,10,"SVM","CCIS87605453ST-4-0","CRC",0.45646203481193,"healthy"
1,10,"XGBoost","CCIS11015875ST-4-0","CRC",0.96559739112854,"CRC"
1,10,"XGBoost","CCIS17669415ST-4-0","CRC",0.681848227977753,"CRC"
1,10,"XGBoost","CCIS27304052ST-3-0","healthy",0.00493942154571414,"healthy"
1,10,"XGBoost","CCIS27927933ST-4-0","healthy",0.118780665099621,"healthy"
1,10,"XGBoost","CCIS34604008ST-4-0","healthy",0.327064752578735,"healthy"
1,10,"XGBoost","CCIS64785924ST-20-0","healthy",0.261658221483231,"healthy"
1,10,"XGBoost","CCIS71578391ST-4-0","healthy",0.0050584813579917,"healthy"
1,10,"XGBoost","CCIS87252800ST-4-0","CRC",0.828981578350067,"CRC"
1,10,"XGBoost","CCIS87605453ST-4-0","CRC",0.533089458942413,"CRC"
2,1,"BinaryLogistic","CCIS00146684ST-4-0","healthy",0.000267670441799072,"healthy"
2,1,"BinaryLogistic","CCIS20795251ST-4-0","healthy",0.0694460243191765,"healthy"
2,1,"BinaryLogistic","CCIS32452666ST-4-0","healthy",0.0689922008035226,"healthy"
2,1,"BinaryLogistic","CCIS50003399ST-4-0","healthy",0.00000259331378678386,"healthy"
2,1,"BinaryLogistic","CCIS50148151ST-4-0","CRC",1,"CRC"
2,1,"BinaryLogistic","CCIS61287323ST-4-0","CRC",1,"CRC"
2,1,"BinaryLogistic","CCIS80834637ST-4-0","healthy",0.0408890490012433,"healthy"
2,1,"BinaryLogistic","CCIS87167916ST-4-0","CRC",0.00588802988738613,"healthy"
2,1,"BinaryLogistic","CCIS87605453ST-4-0","CRC",0.994920453711111,"CRC"
2,1,"RandomForest","CCIS00146684ST-4-0","healthy",0.298,"healthy"
2,1,"RandomForest","CCIS20795251ST-4-0","healthy",0.438,"healthy"
2,1,"RandomForest","CCIS32452666ST-4-0","healthy",0.392,"healthy"
2,1,"RandomForest","CCIS50003399ST-4-0","healthy",0.034,"healthy"
2,1,"RandomForest","CCIS50148151ST-4-0","CRC",0.59,"CRC"
2,1,"RandomForest","CCIS61287323ST-4-0","CRC",0.666,"CRC"
2,1,"RandomForest","CCIS80834637ST-4-0","healthy",0.32,"healthy"
2,1,"RandomForest","CCIS87167916ST-4-0","CRC",0.692,"CRC"
2,1,"RandomForest","CCIS87605453ST-4-0","CRC",0.746,"CRC"
2,1,"SVM","CCIS00146684ST-4-0","healthy",0.113992576679123,"healthy"
2,1,"SVM","CCIS20795251ST-4-0","healthy",0.52872546167903,"CRC"
2,1,"SVM","CCIS32452666ST-4-0","healthy",0.44353505532932,"healthy"
2,1,"SVM","CCIS50003399ST-4-0","healthy",0.0646572320240807,"healthy"
2,1,"SVM","CCIS50148151ST-4-0","CRC",0.565468221899856,"CRC"
2,1,"SVM","CCIS61287323ST-4-0","CRC",0.476356672236287,"healthy"
2,1,"SVM","CCIS80834637ST-4-0","healthy",0.315714774905863,"healthy"
2,1,"SVM","CCIS87167916ST-4-0","CRC",0.796912404145065,"CRC"
2,1,"SVM","CCIS87605453ST-4-0","CRC",0.937259929631833,"CRC"
2,1,"XGBoost","CCIS00146684ST-4-0","healthy",0.0523703582584858,"healthy"
2,1,"XGBoost","CCIS20795251ST-4-0","healthy",0.72152304649353,"CRC"
2,1,"XGBoost","CCIS32452666ST-4-0","healthy",0.20671521127224,"healthy"
2,1,"XGBoost","CCIS50003399ST-4-0","healthy",0.00182007055263966,"healthy"
2,1,"XGBoost","CCIS50148151ST-4-0","CRC",0.00644008815288544,"healthy"
2,1,"XGBoost","CCIS61287323ST-4-0","CRC",0.377896994352341,"healthy"
2,1,"XGBoost","CCIS80834637ST-4-0","healthy",0.510480225086212,"CRC"
2,1,"XGBoost","CCIS87167916ST-4-0","CRC",0.950402736663818,"CRC"
2,1,"XGBoost","CCIS87605453ST-4-0","CRC",0.997574269771576,"CRC"
2,2,"BinaryLogistic","CCIS11558985ST-4-0","healthy",1,"CRC"
2,2,"BinaryLogistic","CCIS16561622ST-4-0","healthy",1,"CRC"
2,2,"BinaryLogistic","CCIS21278152ST-4-0","CRC",1,"CRC"
2,2,"BinaryLogistic","CCIS34055159ST-4-0","CRC",0.000000000000000222044604925031,"healthy"
2,2,"BinaryLogistic","CCIS44093303ST-4-0","healthy",0.000000000000000222044604925031,"healthy"
2,2,"BinaryLogistic","CCIS53043478ST-4-0","CRC",1,"CRC"
2,2,"BinaryLogistic","CCIS63448910ST-4-0","healthy",0.000000000000000222044604925031,"healthy"
2,2,"BinaryLogistic","CCIS63910149ST-4-0","healthy",1,"CRC"
2,2,"BinaryLogistic","CCIS78318719ST-4-0","CRC",1,"CRC"
2,2,"RandomForest","CCIS11558985ST-4-0","healthy",0.524,"CRC"
2,2,"RandomForest","CCIS16561622ST-4-0","healthy",0.458,"healthy"
2,2,"RandomForest","CCIS21278152ST-4-0","CRC",0.71,"CRC"
2,2,"RandomForest","CCIS34055159ST-4-0","CRC",0.898,"CRC"
2,2,"RandomForest","CCIS44093303ST-4-0","healthy",0.594,"CRC"
2,2,"RandomForest","CCIS53043478ST-4-0","CRC",0.758,"CRC"
2,2,"RandomForest","CCIS63448910ST-4-0","healthy",0.554,"CRC"
2,2,"RandomForest","CCIS63910149ST-4-0","healthy",0.348,"healthy"
2,2,"RandomForest","CCIS78318719ST-4-0","CRC",0.664,"CRC"
2,2,"SVM","CCIS11558985ST-4-0","healthy",0.911339635868403,"CRC"
2,2,"SVM","CCIS16561622ST-4-0","healthy",0.946647098940471,"CRC"
2,2,"SVM","CCIS21278152ST-4-0","CRC",0.665395280218272,"CRC"
2,2,"SVM","CCIS34055159ST-4-0","CRC",0.697260294424662,"CRC"
2,2,"SVM","CCIS44093303ST-4-0","healthy",0.801752689816353,"CRC"
2,2,"SVM","CCIS53043478ST-4-0","CRC",0.72813833045988,"CRC"
2,2,"SVM","CCIS63448910ST-4-0","healthy",0.133922239606518,"healthy"
2,2,"SVM","CCIS63910149ST-4-0","healthy",0.621540679865674,"CRC"
2,2,"SVM","CCIS78318719ST-4-0","CRC",0.901503071660645,"CRC"
2,2,"XGBoost","CCIS11558985ST-4-0","healthy",0.912290692329407,"CRC"
2,2,"XGBoost","CCIS16561622ST-4-0","healthy",0.94146990776062,"CRC"
2,2,"XGBoost","CCIS21278152ST-4-0","CRC",0.298576414585114,"healthy"
2,2,"XGBoost","CCIS34055159ST-4-0","CRC",0.990538477897644,"CRC"
2,2,"XGBoost","CCIS44093303ST-4-0","healthy",0.915510833263397,"CRC"
2,2,"XGBoost","CCIS53043478ST-4-0","CRC",0.917941272258759,"CRC"
2,2,"XGBoost","CCIS63448910ST-4-0","healthy",0.543439388275146,"CRC"
2,2,"XGBoost","CCIS63910149ST-4-0","healthy",0.268071860074997,"healthy"
2,2,"XGBoost","CCIS78318719ST-4-0","CRC",0.967714726924896,"CRC"
2,3,"BinaryLogistic","CCIS07539127ST-4-0","healthy",0.000000000000000222044604925031,"healthy"
2,3,"BinaryLogistic","CCIS10706551ST-3-0","healthy",0.000000000000000222044604925031,"healthy"
2,3,"BinaryLogistic","CCIS14449628ST-4-0","CRC",1,"CRC"
2,3,"BinaryLogistic","CCIS22958137ST-20-0","CRC",1,"CRC"
2,3,"BinaryLogistic","CCIS27927933ST-4-0","healthy",1,"CRC"
2,3,"BinaryLogistic","CCIS36797902ST-4-0","healthy",1,"CRC"
2,3,"BinaryLogistic","CCIS53355328ST-4-0","CRC",1,"CRC"
2,3,"BinaryLogistic","CCIS62794166ST-4-0","CRC",0.000000000000000222044604925031,"healthy"
2,3,"BinaryLogistic","CCIS82507866ST-3-0","healthy",1,"CRC"
2,3,"RandomForest","CCIS07539127ST-4-0","healthy",0.314,"healthy"
2,3,"RandomForest","CCIS10706551ST-3-0","healthy",0.308,"healthy"
2,3,"RandomForest","CCIS14449628ST-4-0","CRC",0.854,"CRC"
2,3,"RandomForest","CCIS22958137ST-20-0","CRC",0.78,"CRC"
2,3,"RandomForest","CCIS27927933ST-4-0","healthy",0.358,"healthy"
2,3,"RandomForest","CCIS36797902ST-4-0","healthy",0.696,"CRC"
2,3,"RandomForest","CCIS53355328ST-4-0","CRC",0.502,"CRC"
2,3,"RandomForest","CCIS62794166ST-4-0","CRC",0.362,"healthy"
2,3,"RandomForest","CCIS82507866ST-3-0","healthy",0.522,"CRC"
2,3,"SVM","CCIS07539127ST-4-0","healthy",0.246600391885843,"healthy"
2,3,"SVM","CCIS10706551ST-3-0","healthy",0.221764380406501,"healthy"
2,3,"SVM","CCIS14449628ST-4-0","CRC",0.96552760692347,"CRC"
2,3,"SVM","CCIS22958137ST-20-0","CRC",0.959172458193277,"CRC"
2,3,"SVM","CCIS27927933ST-4-0","healthy",0.837042974048612,"CRC"
2,3,"SVM","CCIS36797902ST-4-0","healthy",0.798156366067924,"CRC"
2,3,"SVM","CCIS53355328ST-4-0","CRC",0.178380024197244,"healthy"
2,3,"SVM","CCIS62794166ST-4-0","CRC",0.120602273344918,"healthy"
2,3,"SVM","CCIS82507866ST-3-0","healthy",0.765383290438667,"CRC"
2,3,"XGBoost","CCIS07539127ST-4-0","healthy",0.346446007490158,"healthy"
2,3,"XGBoost","CCIS10706551ST-3-0","healthy",0.0905407220125198,"healthy"
2,3,"XGBoost","CCIS14449628ST-4-0","CRC",0.82681542634964,"CRC"
2,3,"XGBoost","CCIS22958137ST-20-0","CRC",0.989613354206085,"CRC"
2,3,"XGBoost","CCIS27927933ST-4-0","healthy",0.0726721733808517,"healthy"
2,3,"XGBoost","CCIS36797902ST-4-0","healthy",0.816524624824524,"CRC"
2,3,"XGBoost","CCIS53355328ST-4-0","CRC",0.00887593440711498,"healthy"
2,3,"XGBoost","CCIS62794166ST-4-0","CRC",0.0703898295760155,"healthy"
2,3,"XGBoost","CCIS82507866ST-3-0","healthy",0.755254328250885,"CRC"
2,4,"BinaryLogistic","CCIS03473770ST-4-0","healthy",0.000000000000000222044604925031,"healthy"
2,4,"BinaryLogistic","CCIS15794887ST-4-0","healthy",0.733314669713347,"CRC"
2,4,"BinaryLogistic","CCIS16326685ST-4-0","healthy",0.0518508106377111,"healthy"
2,4,"BinaryLogistic","CCIS17669415ST-4-0","CRC",0.000000000000000222044604925031,"healthy"
2,4,"BinaryLogistic","CCIS46467422ST-4-0","CRC",0.0780974509249958,"healthy"
2,4,"BinaryLogistic","CCIS63468405ST-4-0","healthy",1,"CRC"
2,4,"BinaryLogistic","CCIS71301801ST-4-0","CRC",1,"CRC"
2,4,"BinaryLogistic","CCIS82146115ST-4-0","CRC",0.999999969181796,"CRC"
2,4,"BinaryLogistic","CCIS87116798ST-4-0","CRC",0.981011622036253,"CRC"
2,4,"BinaryLogistic","CCIS98482370ST-3-0","healthy",0.413141734464455,"healthy"
2,4,"RandomForest","CCIS03473770ST-4-0","healthy",0.128,"healthy"
2,4,"RandomForest","CCIS15794887ST-4-0","healthy",0.322,"healthy"
2,4,"RandomForest","CCIS16326685ST-4-0","healthy",0.374,"healthy"
2,4,"RandomForest","CCIS17669415ST-4-0","CRC",0.516,"CRC"
2,4,"RandomForest","CCIS46467422ST-4-0","CRC",0.164,"healthy"
2,4,"RandomForest","CCIS63468405ST-4-0","healthy",0.322,"healthy"
2,4,"RandomForest","CCIS71301801ST-4-0","CRC",0.884,"CRC"
2,4,"RandomForest","CCIS82146115ST-4-0","CRC",0.194,"healthy"
2,4,"RandomForest","CCIS87116798ST-4-0","CRC",0.77,"CRC"
2,4,"RandomForest","CCIS98482370ST-3-0","healthy",0.208,"healthy"
2,4,"SVM","CCIS03473770ST-4-0","healthy",0.0801045868273218,"healthy"
2,4,"SVM","CCIS15794887ST-4-0","healthy",0.952388167209773,"CRC"
2,4,"SVM","CCIS16326685ST-4-0","healthy",0.655590436403453,"CRC"
2,4,"SVM","CCIS17669415ST-4-0","CRC",0.4996578551274,"healthy"
2,4,"SVM","CCIS46467422ST-4-0","CRC",0.455352889059118,"healthy"
2,4,"SVM","CCIS63468405ST-4-0","healthy",0.668258150968911,"CRC"
2,4,"SVM","CCIS71301801ST-4-0","CRC",0.824448812302502,"CRC"
2,4,"SVM","CCIS82146115ST-4-0","CRC",0.325007546188662,"healthy"
2,4,"SVM","CCIS87116798ST-4-0","CRC",0.803990818717475,"CRC"
2,4,"SVM","CCIS98482370ST-3-0","healthy",0.315477749075522,"healthy"
2,4,"XGBoost","CCIS03473770ST-4-0","healthy",0.00103146827314049,"healthy"
2,4,"XGBoost","CCIS15794887ST-4-0","healthy",0.0331338122487068,"healthy"
2,4,"XGBoost","CCIS16326685ST-4-0","healthy",0.561488151550293,"CRC"
2,4,"XGBoost","CCIS17669415ST-4-0","CRC",0.669589579105377,"CRC"
2,4,"XGBoost","CCIS46467422ST-4-0","CRC",0.00725097395479679,"healthy"
2,4,"XGBoost","CCIS63468405ST-4-0","healthy",0.0361715815961361,"healthy"
2,4,"XGBoost","CCIS71301801ST-4-0","CRC",0.974599957466125,"CRC"
2,4,"XGBoost","CCIS82146115ST-4-0","CRC",0.00556517299264669,"healthy"
2,4,"XGBoost","CCIS87116798ST-4-0","CRC",0.980532467365265,"CRC"
2,4,"XGBoost","CCIS98482370ST-3-0","healthy",0.0137784434482455,"healthy"
2,5,"BinaryLogistic","CCIS02856720ST-4-0","healthy",0.000000000000000222044604925031,"healthy"
2,5,"BinaryLogistic","CCIS16383318ST-4-0","healthy",1,"CRC"
2,5,"BinaryLogistic","CCIS27304052ST-3-0","healthy",0.000000000000000222044604925031,"healthy"
2,5,"BinaryLogistic","CCIS50471204ST-4-0","healthy",0.000000000000000222044604925031,"healthy"
2,5,"BinaryLogistic","CCIS52370277ST-4-0","CRC",0.000000000000000222044604925031,"healthy"
2,5,"BinaryLogistic","CCIS82944710ST-20-0","healthy",0.000000000000000222044604925031,"healthy"
2,5,"BinaryLogistic","CCIS83870198ST-4-0","CRC",0.000000000000000222044604925031,"healthy"
2,5,"BinaryLogistic","CCIS91228662ST-4-0","CRC",1,"CRC"
2,5,"BinaryLogistic","CCIS98512455ST-4-0","CRC",0.000000000000000222044604925031,"healthy"
2,5,"RandomForest","CCIS02856720ST-4-0","healthy",0.276,"healthy"
2,5,"RandomForest","CCIS16383318ST-4-0","healthy",0.702,"CRC"
2,5,"RandomForest","CCIS27304052ST-3-0","healthy",0.104,"healthy"
2,5,"RandomForest","CCIS50471204ST-4-0","healthy",0.262,"healthy"
2,5,"RandomForest","CCIS52370277ST-4-0","CRC",0.412,"healthy"
2,5,"RandomForest","CCIS82944710ST-20-0","healthy",0.176,"healthy"
2,5,"RandomForest","CCIS83870198ST-4-0","CRC",0.404,"healthy"
2,5,"RandomForest","CCIS91228662ST-4-0","CRC",0.64,"CRC"
2,5,"RandomForest","CCIS98512455ST-4-0","CRC",0.698,"CRC"
2,5,"SVM","CCIS02856720ST-4-0","healthy",0.356019187237881,"healthy"
2,5,"SVM","CCIS16383318ST-4-0","healthy",0.99986690034287,"CRC"
2,5,"SVM","CCIS27304052ST-3-0","healthy",0.161567673622669,"healthy"
2,5,"SVM","CCIS50471204ST-4-0","healthy",0.531997401365986,"CRC"
2,5,"SVM","CCIS52370277ST-4-0","CRC",0.312218843644146,"healthy"
2,5,"SVM","CCIS82944710ST-20-0","healthy",0.0722242449812902,"healthy"
2,5,"SVM","CCIS83870198ST-4-0","CRC",0.737112365446992,"CRC"
2,5,"SVM","CCIS91228662ST-4-0","CRC",0.509873184555901,"CRC"
2,5,"SVM","CCIS98512455ST-4-0","CRC",0.494842655001862,"healthy"
2,5,"XGBoost","CCIS02856720ST-4-0","healthy",0.410796165466309,"healthy"
2,5,"XGBoost","CCIS16383318ST-4-0","healthy",0.902799963951111,"CRC"
2,5,"XGBoost","CCIS27304052ST-3-0","healthy",0.00321477255783975,"healthy"
2,5,"XGBoost","CCIS50471204ST-4-0","healthy",0.123019225895405,"healthy"
2,5,"XGBoost","CCIS52370277ST-4-0","CRC",0.0545133650302887,"healthy"
2,5,"XGBoost","CCIS82944710ST-20-0","healthy",0.0688879415392876,"healthy"
2,5,"XGBoost","CCIS83870198ST-4-0","CRC",0.0349879860877991,"healthy"
2,5,"XGBoost","CCIS91228662ST-4-0","CRC",0.990227222442627,"CRC"
2,5,"XGBoost","CCIS98512455ST-4-0","CRC",0.991136074066162,"CRC"
2,6,"BinaryLogistic","CCIS02124300ST-4-0","healthy",0.000000000000000222044604925031,"healthy"
2,6,"BinaryLogistic","CCIS02379307ST-4-0","CRC",1,"CRC"
2,6,"BinaryLogistic","CCIS11354283ST-4-0","healthy",0.000000000000000222044604925031,"healthy"
2,6,"BinaryLogistic","CCIS12370844ST-4-0","CRC",0.000000000000000222044604925031,"healthy"
2,6,"BinaryLogistic","CCIS34604008ST-4-0","healthy",0.000000000000000222044604925031,"healthy"
2,6,"BinaryLogistic","CCIS38765456ST-20-0","CRC",1,"CRC"
2,6,"BinaryLogistic","CCIS41692898ST-4-0","healthy",0.000000000000000222044604925031,"healthy"
2,6,"BinaryLogistic","CCIS76845094ST-20-0","CRC",1,"CRC"
2,6,"BinaryLogistic","CCIS93040568ST-20-0","healthy",0.000000000000000222044604925031,"healthy"
2,6,"RandomForest","CCIS02124300ST-4-0","healthy",0.322,"healthy"
2,6,"RandomForest","CCIS02379307ST-4-0","CRC",0.65,"CRC"
2,6,"RandomForest","CCIS11354283ST-4-0","healthy",0.248,"healthy"
2,6,"RandomForest","CCIS12370844ST-4-0","CRC",0.568,"CRC"
2,6,"RandomForest","CCIS34604008ST-4-0","healthy",0.3,"healthy"
2,6,"RandomForest","CCIS38765456ST-20-0","CRC",0.844,"CRC"
2,6,"RandomForest","CCIS41692898ST-4-0","healthy",0.148,"healthy"
2,6,"RandomForest","CCIS76845094ST-20-0","CRC",0.77,"CRC"
2,6,"RandomForest","CCIS93040568ST-20-0","healthy",0.566,"CRC"
2,6,"SVM","CCIS02124300ST-4-0","healthy",0.141508773159322,"healthy"
2,6,"SVM","CCIS02379307ST-4-0","CRC",0.619820496978256,"CRC"
2,6,"SVM","CCIS11354283ST-4-0","healthy",0.295648998729406,"healthy"
2,6,"SVM","CCIS12370844ST-4-0","CRC",0.898535125463588,"CRC"
2,6,"SVM","CCIS34604008ST-4-0","healthy",0.222134101192573,"healthy"
2,6,"SVM","CCIS38765456ST-20-0","CRC",0.992713389152159,"CRC"
2,6,"SVM","CCIS41692898ST-4-0","healthy",0.0655297495230331,"healthy"
2,6,"SVM","CCIS76845094ST-20-0","CRC",0.583052980008601,"CRC"
2,6,"SVM","CCIS93040568ST-20-0","healthy",0.550106924097629,"CRC"
2,6,"XGBoost","CCIS02124300ST-4-0","healthy",0.305995523929596,"healthy"
2,6,"XGBoost","CCIS02379307ST-4-0","CRC",0.778638243675232,"CRC"
2,6,"XGBoost","CCIS11354283ST-4-0","healthy",0.13881029188633,"healthy"
2,6,"XGBoost","CCIS12370844ST-4-0","CRC",0.931847214698792,"CRC"
2,6,"XGBoost","CCIS34604008ST-4-0","healthy",0.10823131352663,"healthy"
2,6,"XGBoost","CCIS38765456ST-20-0","CRC",0.893503665924072,"CRC"
2,6,"XGBoost","CCIS41692898ST-4-0","healthy",0.0222692713141441,"healthy"
2,6,"XGBoost","CCIS76845094ST-20-0","CRC",0.811567306518555,"CRC"
2,6,"XGBoost","CCIS93040568ST-20-0","healthy",0.52273017168045,"CRC"
2,7,"BinaryLogistic","CCIS09568613ST-4-0","healthy",0.000000000000000222044604925031,"healthy"
2,7,"BinaryLogistic","CCIS13047523ST-4-0","healthy",0.000000000000000222044604925031,"healthy"
2,7,"BinaryLogistic","CCIS47284573ST-4-0","CRC",1,"CRC"
2,7,"BinaryLogistic","CCIS55230578ST-4-0","CRC",1,"CRC"
2,7,"BinaryLogistic","CCIS77252613ST-4-0","CRC",0.000000000000000222044604925031,"healthy"
2,7,"BinaryLogistic","CCIS78100604ST-4-0","healthy",0.000000000000000222044604925031,"healthy"
2,7,"BinaryLogistic","CCIS79210440ST-3-0","healthy",1,"CRC"
2,7,"BinaryLogistic","CCIS84543192ST-4-0","CRC",1,"CRC"
2,7,"BinaryLogistic","CCIS95097901ST-4-0","healthy",0.000000000000000222044604925031,"healthy"
2,7,"RandomForest","CCIS09568613ST-4-0","healthy",0.412,"healthy"
2,7,"RandomForest","CCIS13047523ST-4-0","healthy",0.334,"healthy"
2,7,"RandomForest","CCIS47284573ST-4-0","CRC",0.164,"healthy"
2,7,"RandomForest","CCIS55230578ST-4-0","CRC",0.358,"healthy"
2,7,"RandomForest","CCIS77252613ST-4-0","CRC",0.238,"healthy"
2,7,"RandomForest","CCIS78100604ST-4-0","healthy",0.198,"healthy"
2,7,"RandomForest","CCIS79210440ST-3-0","healthy",0.382,"healthy"
2,7,"RandomForest","CCIS84543192ST-4-0","CRC",0.662,"CRC"
2,7,"RandomForest","CCIS95097901ST-4-0","healthy",0.124,"healthy"
2,7,"SVM","CCIS09568613ST-4-0","healthy",0.308796041420698,"healthy"
2,7,"SVM","CCIS13047523ST-4-0","healthy",0.273447162573714,"healthy"
2,7,"SVM","CCIS47284573ST-4-0","CRC",0.24244207711114,"healthy"
2,7,"SVM","CCIS55230578ST-4-0","CRC",0.485409918815775,"healthy"
2,7,"SVM","CCIS77252613ST-4-0","CRC",0.364745808236245,"healthy"
2,7,"SVM","CCIS78100604ST-4-0","healthy",0.208904357810107,"healthy"
2,7,"SVM","CCIS79210440ST-3-0","healthy",0.377347162599117,"healthy"
2,7,"SVM","CCIS84543192ST-4-0","CRC",0.471388666909174,"healthy"
2,7,"SVM","CCIS95097901ST-4-0","healthy",0.221046680218494,"healthy"
2,7,"XGBoost","CCIS09568613ST-4-0","healthy",0.220172747969627,"healthy"
2,7,"XGBoost","CCIS13047523ST-4-0","healthy",0.0599857866764069,"healthy"
2,7,"XGBoost","CCIS47284573ST-4-0","CRC",0.0467276759445667,"healthy"
2,7,"XGBoost","CCIS55230578ST-4-0","CRC",0.872735798358917,"CRC"
2,7,"XGBoost","CCIS77252613ST-4-0","CRC",0.0351913683116436,"healthy"
2,7,"XGBoost","CCIS78100604ST-4-0","healthy",0.0586484558880329,"healthy"
2,7,"XGBoost","CCIS79210440ST-3-0","healthy",0.147218883037567,"healthy"
2,7,"XGBoost","CCIS84543192ST-4-0","CRC",0.959378182888031,"CRC"
2,7,"XGBoost","CCIS95097901ST-4-0","healthy",0.00763827655464411,"healthy"
2,8,"BinaryLogistic","CCIS07277498ST-4-0","healthy",1,"CRC"
2,8,"BinaryLogistic","CCIS21126322ST-4-0","healthy",0.000000000000000222044604925031,"healthy"
2,8,"BinaryLogistic","CCIS41548810ST-4-0","CRC",0.000000000000000222044604925031,"healthy"
2,8,"BinaryLogistic","CCIS44757994ST-4-0","CRC",0.000000000000000222044604925031,"healthy"
2,8,"BinaryLogistic","CCIS48174381ST-4-0","healthy",0.000000000000000222044604925031,"healthy"
2,8,"BinaryLogistic","CCIS59132091ST-4-0","CRC",0.000000000000000222044604925031,"healthy"
2,8,"BinaryLogistic","CCIS71578391ST-4-0","healthy",0.000000000000000222044604925031,"healthy"
2,8,"BinaryLogistic","CCIS81139242ST-4-0","healthy",1,"CRC"
2,8,"BinaryLogistic","CCIS85214191ST-3-0","CRC",1,"CRC"
2,8,"BinaryLogistic","CCIS98832363ST-4-0","CRC",0.000000000000000222044604925031,"healthy"
2,8,"RandomForest","CCIS07277498ST-4-0","healthy",0.514,"CRC"
2,8,"RandomForest","CCIS21126322ST-4-0","healthy",0.04,"healthy"
2,8,"RandomForest","CCIS41548810ST-4-0","CRC",0.376,"healthy"
2,8,"RandomForest","CCIS44757994ST-4-0","CRC",0.634,"CRC"
2,8,"RandomForest","CCIS48174381ST-4-0","healthy",0.316,"healthy"
2,8,"RandomForest","CCIS59132091ST-4-0","CRC",0.25,"healthy"
2,8,"RandomForest","CCIS71578391ST-4-0","healthy",0.224,"healthy"
2,8,"RandomForest","CCIS81139242ST-4-0","healthy",0.448,"healthy"
2,8,"RandomForest","CCIS85214191ST-3-0","CRC",0.538,"CRC"
2,8,"RandomForest","CCIS98832363ST-4-0","CRC",0.228,"healthy"
2,8,"SVM","CCIS07277498ST-4-0","healthy",0.328459149481167,"healthy"
2,8,"SVM","CCIS21126322ST-4-0","healthy",0.149064645732584,"healthy"
2,8,"SVM","CCIS41548810ST-4-0","CRC",0.327541708304952,"healthy"
2,8,"SVM","CCIS44757994ST-4-0","CRC",0.874454006105183,"CRC"
2,8,"SVM","CCIS48174381ST-4-0","healthy",0.958833811496526,"CRC"
2,8,"SVM","CCIS59132091ST-4-0","CRC",0.493854653431632,"healthy"
2,8,"SVM","CCIS71578391ST-4-0","healthy",0.382074472601026,"healthy"
2,8,"SVM","CCIS81139242ST-4-0","healthy",0.772044221386827,"CRC"
2,8,"SVM","CCIS85214191ST-3-0","CRC",0.598919499126876,"CRC"
2,8,"SVM","CCIS98832363ST-4-0","CRC",0.139164165125774,"healthy"
2,8,"XGBoost","CCIS07277498ST-4-0","healthy",0.578756809234619,"CRC"
2,8,"XGBoost","CCIS21126322ST-4-0","healthy",0.124863892793655,"healthy"
2,8,"XGBoost","CCIS41548810ST-4-0","CRC",0.523538708686829,"CRC"
2,8,"XGBoost","CCIS44757994ST-4-0","CRC",0.980376005172729,"CRC"
2,8,"XGBoost","CCIS48174381ST-4-0","healthy",0.375120788812637,"healthy"
2,8,"XGBoost","CCIS59132091ST-4-0","CRC",0.0113615160807967,"healthy"
2,8,"XGBoost","CCIS71578391ST-4-0","healthy",0.0376626588404179,"healthy"
2,8,"XGBoost","CCIS81139242ST-4-0","healthy",0.0545411929488182,"healthy"
2,8,"XGBoost","CCIS85214191ST-3-0","CRC",0.618202924728394,"CRC"
2,8,"XGBoost","CCIS98832363ST-4-0","CRC",0.0200584940612316,"healthy"
2,9,"BinaryLogistic","CCIS11015875ST-4-0","CRC",1,"CRC"
2,9,"BinaryLogistic","CCIS23164343ST-4-0","healthy",0.0786123944074484,"healthy"
2,9,"BinaryLogistic","CCIS33816588ST-4-0","CRC",1,"CRC"
2,9,"BinaryLogistic","CCIS41222843ST-4-0","CRC",0.998633870242554,"CRC"
2,9,"BinaryLogistic","CCIS45571137ST-3-0","healthy",0.244983539343445,"healthy"
2,9,"BinaryLogistic","CCIS62605362ST-3-0","CRC",0.971310659702161,"CRC"
2,9,"BinaryLogistic","CCIS64773582ST-4-0","healthy",0.8811432710305,"CRC"
2,9,"BinaryLogistic","CCIS87252800ST-4-0","CRC",0.999999955928036,"CRC"
2,9,"BinaryLogistic","CCIS88007743ST-4-0","healthy",0.994474714609012,"CRC"
2,9,"BinaryLogistic","CCIS94417875ST-3-0","healthy",0.1136933528658,"healthy"
2,9,"RandomForest","CCIS11015875ST-4-0","CRC",0.9,"CRC"
2,9,"RandomForest","CCIS23164343ST-4-0","healthy",0.262,"healthy"
2,9,"RandomForest","CCIS33816588ST-4-0","CRC",0.896,"CRC"
2,9,"RandomForest","CCIS41222843ST-4-0","CRC",0.51,"CRC"
2,9,"RandomForest","CCIS45571137ST-3-0","healthy",0.436,"healthy"
2,9,"RandomForest","CCIS62605362ST-3-0","CRC",0.628,"CRC"
2,9,"RandomForest","CCIS64773582ST-4-0","healthy",0.518,"CRC"
2,9,"RandomForest","CCIS87252800ST-4-0","CRC",0.852,"CRC"
2,9,"RandomForest","CCIS88007743ST-4-0","healthy",0.518,"CRC"
2,9,"RandomForest","CCIS94417875ST-3-0","healthy",0.084,"healthy"
2,9,"SVM","CCIS11015875ST-4-0","CRC",0.866735165885866,"CRC"
2,9,"SVM","CCIS23164343ST-4-0","healthy",0.13043064806151,"healthy"
2,9,"SVM","CCIS33816588ST-4-0","CRC",0.991352263512261,"CRC"
2,9,"SVM","CCIS41222843ST-4-0","CRC",0.643893297707297,"CRC"
2,9,"SVM","CCIS45571137ST-3-0","healthy",0.300621702978822,"healthy"
2,9,"SVM","CCIS62605362ST-3-0","CRC",0.297225197214356,"healthy"
2,9,"SVM","CCIS64773582ST-4-0","healthy",0.707132016589707,"CRC"
2,9,"SVM","CCIS87252800ST-4-0","CRC",0.917114251246196,"CRC"
2,9,"SVM","CCIS88007743ST-4-0","healthy",0.561038427344238,"CRC"
2,9,"SVM","CCIS94417875ST-3-0","healthy",0.253432908005544,"healthy"
2,9,"XGBoost","CCIS11015875ST-4-0","CRC",0.996969521045685,"CRC"
2,9,"XGBoost","CCIS23164343ST-4-0","healthy",0.034028634428978,"healthy"
2,9,"XGBoost","CCIS33816588ST-4-0","CRC",0.999711453914642,"CRC"
2,9,"XGBoost","CCIS41222843ST-4-0","CRC",0.636223316192627,"CRC"
2,9,"XGBoost","CCIS45571137ST-3-0","healthy",0.290827125310898,"healthy"
2,9,"XGBoost","CCIS62605362ST-3-0","CRC",0.6940598487854,"CRC"
2,9,"XGBoost","CCIS64773582ST-4-0","healthy",0.435661166906357,"healthy"
2,9,"XGBoost","CCIS87252800ST-4-0","CRC",0.972716629505157,"CRC"
2,9,"XGBoost","CCIS88007743ST-4-0","healthy",0.688013195991516,"CRC"
2,9,"XGBoost","CCIS94417875ST-3-0","healthy",0.0114316092804074,"healthy"
2,10,"BinaryLogistic","CCIS05314658ST-4-0","healthy",0.000000000000000222044604925031,"healthy"
2,10,"BinaryLogistic","CCIS29688262ST-20-0","healthy",0.000000000000000222044604925031,"healthy"
2,10,"BinaryLogistic","CCIS40244499ST-3-0","CRC",1,"CRC"
2,10,"BinaryLogistic","CCIS41288781ST-4-0","CRC",1,"CRC"
2,10,"BinaryLogistic","CCIS45793747ST-4-0","healthy",0.000000000000000222044604925031,"healthy"
2,10,"BinaryLogistic","CCIS46047672ST-4-0","CRC",0.000000000000000222044604925031,"healthy"
2,10,"BinaryLogistic","CCIS58234805ST-4-0","CRC",1,"CRC"
2,10,"BinaryLogistic","CCIS64785924ST-20-0","healthy",0.000000000000000222044604925031,"healthy"
2,10,"RandomForest","CCIS05314658ST-4-0","healthy",0.274,"healthy"
2,10,"RandomForest","CCIS29688262ST-20-0","healthy",0.412,"healthy"
2,10,"RandomForest","CCIS40244499ST-3-0","CRC",0.856,"CRC"
2,10,"RandomForest","CCIS41288781ST-4-0","CRC",0.344,"healthy"
2,10,"RandomForest","CCIS45793747ST-4-0","healthy",0.244,"healthy"
2,10,"RandomForest","CCIS46047672ST-4-0","CRC",0.174,"healthy"
2,10,"RandomForest","CCIS58234805ST-4-0","CRC",0.846,"CRC"
2,10,"RandomForest","CCIS64785924ST-20-0","healthy",0.238,"healthy"
2,10,"SVM","CCIS05314658ST-4-0","healthy",0.376956042029347,"healthy"
2,10,"SVM","CCIS29688262ST-20-0","healthy",0.0789982265077274,"healthy"
2,10,"SVM","CCIS40244499ST-3-0","CRC",0.850069569459767,"CRC"
2,10,"SVM","CCIS41288781ST-4-0","CRC",0.999861290650629,"CRC"
2,10,"SVM","CCIS45793747ST-4-0","healthy",0.0588132514650485,"healthy"
2,10,"SVM","CCIS46047672ST-4-0","CRC",0.148895839803671,"healthy"
2,10,"SVM","CCIS58234805ST-4-0","CRC",0.999993018658644,"CRC"
2,10,"SVM","CCIS64785924ST-20-0","healthy",0.203256081113713,"healthy"
2,10,"XGBoost","CCIS05314658ST-4-0","healthy",0.115309901535511,"healthy"
2,10,"XGBoost","CCIS29688262ST-20-0","healthy",0.00594704505056143,"healthy"
2,10,"XGBoost","CCIS40244499ST-3-0","CRC",0.915742635726929,"CRC"
2,10,"XGBoost","CCIS41288781ST-4-0","CRC",0.495665669441223,"healthy"
2,10,"XGBoost","CCIS45793747ST-4-0","healthy",0.00419289199635386,"healthy"
2,10,"XGBoost","CCIS46047672ST-4-0","CRC",0.0265706945210695,"healthy"
2,10,"XGBoost","CCIS58234805ST-4-0","CRC",0.865469038486481,"CRC"
2,10,"XGBoost","CCIS64785924ST-20-0","healthy",0.288909763097763,"healthy"
3,1,"BinaryLogistic","CCIS09568613ST-4-0","healthy",0.999749362032458,"CRC"
3,1,"BinaryLogistic","CCIS13047523ST-4-0","healthy",0.0293350888952891,"healthy"
3,1,"BinaryLogistic","CCIS22958137ST-20-0","CRC",1,"CRC"
3,1,"BinaryLogistic","CCIS23164343ST-4-0","healthy",0.876858017518415,"CRC"
3,1,"BinaryLogistic","CCIS29688262ST-20-0","healthy",0.952951076460161,"CRC"
3,1,"BinaryLogistic","CCIS32452666ST-4-0","healthy",0.204428463132002,"healthy"
3,1,"BinaryLogistic","CCIS41222843ST-4-0","CRC",0.668864932324933,"CRC"
3,1,"BinaryLogistic","CCIS44757994ST-4-0","CRC",0.150772608971508,"healthy"
3,1,"BinaryLogistic","CCIS85214191ST-3-0","CRC",1,"CRC"
3,1,"RandomForest","CCIS09568613ST-4-0","healthy",0.502,"CRC"
3,1,"RandomForest","CCIS13047523ST-4-0","healthy",0.458,"healthy"
3,1,"RandomForest","CCIS22958137ST-20-0","CRC",0.76,"CRC"
3,1,"RandomForest","CCIS23164343ST-4-0","healthy",0.32,"healthy"
3,1,"RandomForest","CCIS29688262ST-20-0","healthy",0.402,"healthy"
3,1,"RandomForest","CCIS32452666ST-4-0","healthy",0.354,"healthy"
3,1,"RandomForest","CCIS41222843ST-4-0","CRC",0.248,"healthy"
3,1,"RandomForest","CCIS44757994ST-4-0","CRC",0.558,"CRC"
3,1,"RandomForest","CCIS85214191ST-3-0","CRC",0.634,"CRC"
3,1,"SVM","CCIS09568613ST-4-0","healthy",0.229355146705071,"healthy"
3,1,"SVM","CCIS13047523ST-4-0","healthy",0.673713064488269,"CRC"
3,1,"SVM","CCIS22958137ST-20-0","CRC",0.963445452330577,"CRC"
3,1,"SVM","CCIS23164343ST-4-0","healthy",0.443000076799837,"healthy"
3,1,"SVM","CCIS29688262ST-20-0","healthy",0.935912420124971,"CRC"
3,1,"SVM","CCIS32452666ST-4-0","healthy",0.496889951091125,"healthy"
3,1,"SVM","CCIS41222843ST-4-0","CRC",0.492521017444753,"healthy"
3,1,"SVM","CCIS44757994ST-4-0","CRC",0.910791321128117,"CRC"
3,1,"SVM","CCIS85214191ST-3-0","CRC",0.747420698294818,"CRC"
3,1,"XGBoost","CCIS09568613ST-4-0","healthy",0.145800411701202,"healthy"
3,1,"XGBoost","CCIS13047523ST-4-0","healthy",0.893617570400238,"CRC"
3,1,"XGBoost","CCIS22958137ST-20-0","CRC",0.914935886859894,"CRC"
3,1,"XGBoost","CCIS23164343ST-4-0","healthy",0.23361624777317,"healthy"
3,1,"XGBoost","CCIS29688262ST-20-0","healthy",0.0131395598873496,"healthy"
3,1,"XGBoost","CCIS32452666ST-4-0","healthy",0.919474542140961,"CRC"
3,1,"XGBoost","CCIS41222843ST-4-0","CRC",0.0504164323210716,"healthy"
3,1,"XGBoost","CCIS44757994ST-4-0","CRC",0.922212362289429,"CRC"
3,1,"XGBoost","CCIS85214191ST-3-0","CRC",0.917608916759491,"CRC"
3,2,"BinaryLogistic","CCIS55230578ST-4-0","CRC",1,"CRC"
3,2,"BinaryLogistic","CCIS63448910ST-4-0","healthy",1,"CRC"
3,2,"BinaryLogistic","CCIS64773582ST-4-0","healthy",1,"CRC"
3,2,"BinaryLogistic","CCIS64785924ST-20-0","healthy",0.000000000000000222044604925031,"healthy"
3,2,"BinaryLogistic","CCIS71578391ST-4-0","healthy",1,"CRC"
3,2,"BinaryLogistic","CCIS82146115ST-4-0","CRC",1,"CRC"
3,2,"BinaryLogistic","CCIS83870198ST-4-0","CRC",1,"CRC"
3,2,"BinaryLogistic","CCIS87116798ST-4-0","CRC",1,"CRC"
3,2,"BinaryLogistic","CCIS95097901ST-4-0","healthy",0.000000000000000222044604925031,"healthy"
3,2,"RandomForest","CCIS55230578ST-4-0","CRC",0.232,"healthy"
3,2,"RandomForest","CCIS63448910ST-4-0","healthy",0.598,"CRC"
3,2,"RandomForest","CCIS64773582ST-4-0","healthy",0.428,"healthy"
3,2,"RandomForest","CCIS64785924ST-20-0","healthy",0.05,"healthy"
3,2,"RandomForest","CCIS71578391ST-4-0","healthy",0.384,"healthy"
3,2,"RandomForest","CCIS82146115ST-4-0","CRC",0.324,"healthy"
3,2,"RandomForest","CCIS83870198ST-4-0","CRC",0.318,"healthy"
3,2,"RandomForest","CCIS87116798ST-4-0","CRC",0.688,"CRC"
3,2,"RandomForest","CCIS95097901ST-4-0","healthy",0.324,"healthy"
3,2,"SVM","CCIS55230578ST-4-0","CRC",0.339493166376176,"healthy"
3,2,"SVM","CCIS63448910ST-4-0","healthy",0.363315185503152,"healthy"
3,2,"SVM","CCIS64773582ST-4-0","healthy",0.733142623974184,"CRC"
3,2,"SVM","CCIS64785924ST-20-0","healthy",0.0831158937034782,"healthy"
3,2,"SVM","CCIS71578391ST-4-0","healthy",0.537697094969553,"CRC"
3,2,"SVM","CCIS82146115ST-4-0","CRC",0.893672690114929,"CRC"
3,2,"SVM","CCIS83870198ST-4-0","CRC",0.618752389778926,"CRC"
3,2,"SVM","CCIS87116798ST-4-0","CRC",0.835248482283853,"CRC"
3,2,"SVM","CCIS95097901ST-4-0","healthy",0.563586717816909,"CRC"
3,2,"XGBoost","CCIS55230578ST-4-0","CRC",0.112061157822609,"healthy"
3,2,"XGBoost","CCIS63448910ST-4-0","healthy",0.475528389215469,"healthy"
3,2,"XGBoost","CCIS64773582ST-4-0","healthy",0.749576687812805,"CRC"
3,2,"XGBoost","CCIS64785924ST-20-0","healthy",0.00376356486231089,"healthy"
3,2,"XGBoost","CCIS71578391ST-4-0","healthy",0.515096604824066,"CRC"
3,2,"XGBoost","CCIS82146115ST-4-0","CRC",0.00108051637653261,"healthy"
3,2,"XGBoost","CCIS83870198ST-4-0","CRC",0.571748018264771,"CRC"
3,2,"XGBoost","CCIS87116798ST-4-0","CRC",0.89059966802597,"CRC"
3,2,"XGBoost","CCIS95097901ST-4-0","healthy",0.0331243053078651,"healthy"
3,3,"BinaryLogistic","CCIS16326685ST-4-0","healthy",0.000000000000000222044604925031,"healthy"
3,3,"BinaryLogistic","CCIS27304052ST-3-0","healthy",0.000000000000000222044604925031,"healthy"
3,3,"BinaryLogistic","CCIS34055159ST-4-0","CRC",1,"CRC"
3,3,"BinaryLogistic","CCIS36797902ST-4-0","healthy",1,"CRC"
3,3,"BinaryLogistic","CCIS50003399ST-4-0","healthy",0.000000000000000222044604925031,"healthy"
3,3,"BinaryLogistic","CCIS62794166ST-4-0","CRC",0.000000000000000222044604925031,"healthy"
3,3,"BinaryLogistic","CCIS79210440ST-3-0","healthy",1,"CRC"
3,3,"BinaryLogistic","CCIS87167916ST-4-0","CRC",1,"CRC"
3,3,"BinaryLogistic","CCIS98512455ST-4-0","CRC",1,"CRC"
3,3,"RandomForest","CCIS16326685ST-4-0","healthy",0.536,"CRC"
3,3,"RandomForest","CCIS27304052ST-3-0","healthy",0.312,"healthy"
3,3,"RandomForest","CCIS34055159ST-4-0","CRC",0.932,"CRC"
3,3,"RandomForest","CCIS36797902ST-4-0","healthy",0.48,"healthy"
3,3,"RandomForest","CCIS50003399ST-4-0","healthy",0.064,"healthy"
3,3,"RandomForest","CCIS62794166ST-4-0","CRC",0.124,"healthy"
3,3,"RandomForest","CCIS79210440ST-3-0","healthy",0.576,"CRC"
3,3,"RandomForest","CCIS87167916ST-4-0","CRC",0.72,"CRC"
3,3,"RandomForest","CCIS98512455ST-4-0","CRC",0.504,"CRC"
3,3,"SVM","CCIS16326685ST-4-0","healthy",0.861320923160426,"CRC"
3,3,"SVM","CCIS27304052ST-3-0","healthy",0.724427770404097,"CRC"
3,3,"SVM","CCIS34055159ST-4-0","CRC",0.872274910500131,"CRC"
3,3,"SVM","CCIS36797902ST-4-0","healthy",0.64360908492034,"CRC"
3,3,"SVM","CCIS50003399ST-4-0","healthy",0.100702646346757,"healthy"
3,3,"SVM","CCIS62794166ST-4-0","CRC",0.338760891382099,"healthy"
3,3,"SVM","CCIS79210440ST-3-0","healthy",0.605523618401838,"CRC"
3,3,"SVM","CCIS87167916ST-4-0","CRC",0.565801763942431,"CRC"
3,3,"SVM","CCIS98512455ST-4-0","CRC",0.726419924974815,"CRC"
3,3,"XGBoost","CCIS16326685ST-4-0","healthy",0.783056974411011,"CRC"
3,3,"XGBoost","CCIS27304052ST-3-0","healthy",0.0544936805963516,"healthy"
3,3,"XGBoost","CCIS34055159ST-4-0","CRC",0.998772442340851,"CRC"
3,3,"XGBoost","CCIS36797902ST-4-0","healthy",0.924507558345795,"CRC"
3,3,"XGBoost","CCIS50003399ST-4-0","healthy",0.00510366167873144,"healthy"
3,3,"XGBoost","CCIS62794166ST-4-0","CRC",0.0402222201228142,"healthy"
3,3,"XGBoost","CCIS79210440ST-3-0","healthy",0.907352268695831,"CRC"
3,3,"XGBoost","CCIS87167916ST-4-0","CRC",0.951523900032043,"CRC"
3,3,"XGBoost","CCIS98512455ST-4-0","CRC",0.491752207279205,"healthy"
3,4,"BinaryLogistic","CCIS05314658ST-4-0","healthy",0.000000000000000222044604925031,"healthy"
3,4,"BinaryLogistic","CCIS10706551ST-3-0","healthy",0.000000000000000222044604925031,"healthy"
3,4,"BinaryLogistic","CCIS16561622ST-4-0","healthy",1,"CRC"
3,4,"BinaryLogistic","CCIS33816588ST-4-0","CRC",1,"CRC"
3,4,"BinaryLogistic","CCIS41288781ST-4-0","CRC",1,"CRC"
3,4,"BinaryLogistic","CCIS50471204ST-4-0","healthy",0.000000000000000222044604925031,"healthy"
3,4,"BinaryLogistic","CCIS59132091ST-4-0","CRC",0.000000000000000222044604925031,"healthy"
3,4,"BinaryLogistic","CCIS76845094ST-20-0","CRC",1,"CRC"
3,4,"BinaryLogistic","CCIS82507866ST-3-0","healthy",0.000000000000000222044604925031,"healthy"
3,4,"BinaryLogistic","CCIS87252800ST-4-0","CRC",1,"CRC"
3,4,"RandomForest","CCIS05314658ST-4-0","healthy",0.176,"healthy"
3,4,"RandomForest","CCIS10706551ST-3-0","healthy",0.242,"healthy"
3,4,"RandomForest","CCIS16561622ST-4-0","healthy",0.504,"CRC"
3,4,"RandomForest","CCIS33816588ST-4-0","CRC",0.776,"CRC"
3,4,"RandomForest","CCIS41288781ST-4-0","CRC",0.516,"CRC"
3,4,"RandomForest","CCIS50471204ST-4-0","healthy",0.386,"healthy"
3,4,"RandomForest","CCIS59132091ST-4-0","CRC",0.424,"healthy"
3,4,"RandomForest","CCIS76845094ST-20-0","CRC",0.736,"CRC"
3,4,"RandomForest","CCIS82507866ST-3-0","healthy",0.432,"healthy"
3,4,"RandomForest","CCIS87252800ST-4-0","CRC",0.69,"CRC"
3,4,"SVM","CCIS05314658ST-4-0","healthy",0.456202853301844,"healthy"
3,4,"SVM","CCIS10706551ST-3-0","healthy",0.194232996594861,"healthy"
3,4,"SVM","CCIS16561622ST-4-0","healthy",0.903228251939028,"CRC"
3,4,"SVM","CCIS33816588ST-4-0","CRC",0.983147622351123,"CRC"
3,4,"SVM","CCIS41288781ST-4-0","CRC",0.986057720285978,"CRC"
3,4,"SVM","CCIS50471204ST-4-0","healthy",0.414568349744273,"healthy"
3,4,"SVM","CCIS59132091ST-4-0","CRC",0.197020735738475,"healthy"
3,4,"SVM","CCIS76845094ST-20-0","CRC",0.960494068987788,"CRC"
3,4,"SVM","CCIS82507866ST-3-0","healthy",0.505645630624362,"CRC"
3,4,"SVM","CCIS87252800ST-4-0","CRC",0.801646166308314,"CRC"
3,4,"XGBoost","CCIS05314658ST-4-0","healthy",0.0304112490266562,"healthy"
3,4,"XGBoost","CCIS10706551ST-3-0","healthy",0.0279263108968735,"healthy"
3,4,"XGBoost","CCIS16561622ST-4-0","healthy",0.951665222644806,"CRC"
3,4,"XGBoost","CCIS33816588ST-4-0","CRC",0.996469140052795,"CRC"
3,4,"XGBoost","CCIS41288781ST-4-0","CRC",0.990500032901764,"CRC"
3,4,"XGBoost","CCIS50471204ST-4-0","healthy",0.588815331459045,"CRC"
3,4,"XGBoost","CCIS59132091ST-4-0","CRC",0.496043652296066,"healthy"
3,4,"XGBoost","CCIS76845094ST-20-0","CRC",0.777600049972534,"CRC"
3,4,"XGBoost","CCIS82507866ST-3-0","healthy",0.840861797332764,"CRC"
3,4,"XGBoost","CCIS87252800ST-4-0","CRC",0.881673276424408,"CRC"
3,5,"BinaryLogistic","CCIS02124300ST-4-0","healthy",0.000000000000000222044604925031,"healthy"
3,5,"BinaryLogistic","CCIS02856720ST-4-0","healthy",0.000000000000000222044604925031,"healthy"
3,5,"BinaryLogistic","CCIS41548810ST-4-0","CRC",0.000000000000000222044604925031,"healthy"
3,5,"BinaryLogistic","CCIS41692898ST-4-0","healthy",0.000000000000000222044604925031,"healthy"
3,5,"BinaryLogistic","CCIS46467422ST-4-0","CRC",0.000000000000000222044604925031,"healthy"
3,5,"BinaryLogistic","CCIS53043478ST-4-0","CRC",1,"CRC"
3,5,"BinaryLogistic","CCIS78318719ST-4-0","CRC",0.000000000000000222044604925031,"healthy"
3,5,"BinaryLogistic","CCIS80834637ST-4-0","healthy",0.000000000000000222044604925031,"healthy"
3,5,"BinaryLogistic","CCIS98482370ST-3-0","healthy",0.000000000000000222044604925031,"healthy"
3,5,"RandomForest","CCIS02124300ST-4-0","healthy",0.272,"healthy"
3,5,"RandomForest","CCIS02856720ST-4-0","healthy",0.252,"healthy"
3,5,"RandomForest","CCIS41548810ST-4-0","CRC",0.472,"healthy"
3,5,"RandomForest","CCIS41692898ST-4-0","healthy",0.256,"healthy"
3,5,"RandomForest","CCIS46467422ST-4-0","CRC",0.406,"healthy"
3,5,"RandomForest","CCIS53043478ST-4-0","CRC",0.756,"CRC"
3,5,"RandomForest","CCIS78318719ST-4-0","CRC",0.356,"healthy"
3,5,"RandomForest","CCIS80834637ST-4-0","healthy",0.472,"healthy"
3,5,"RandomForest","CCIS98482370ST-3-0","healthy",0.118,"healthy"
3,5,"SVM","CCIS02124300ST-4-0","healthy",0.332461563148768,"healthy"
3,5,"SVM","CCIS02856720ST-4-0","healthy",0.435022230897632,"healthy"
3,5,"SVM","CCIS41548810ST-4-0","CRC",0.459634415022497,"healthy"
3,5,"SVM","CCIS41692898ST-4-0","healthy",0.415221360101427,"healthy"
3,5,"SVM","CCIS46467422ST-4-0","CRC",0.884375776885704,"CRC"
3,5,"SVM","CCIS53043478ST-4-0","CRC",0.463063064087119,"healthy"
3,5,"SVM","CCIS78318719ST-4-0","CRC",0.209879621770415,"healthy"
3,5,"SVM","CCIS80834637ST-4-0","healthy",0.82659221528695,"CRC"
3,5,"SVM","CCIS98482370ST-3-0","healthy",0.250837920709973,"healthy"
3,5,"XGBoost","CCIS02124300ST-4-0","healthy",0.469381719827652,"healthy"
3,5,"XGBoost","CCIS02856720ST-4-0","healthy",0.0171800181269646,"healthy"
3,5,"XGBoost","CCIS41548810ST-4-0","CRC",0.524097442626953,"CRC"
3,5,"XGBoost","CCIS41692898ST-4-0","healthy",0.088024690747261,"healthy"
3,5,"XGBoost","CCIS46467422ST-4-0","CRC",0.63062983751297,"CRC"
3,5,"XGBoost","CCIS53043478ST-4-0","CRC",0.969529986381531,"CRC"
3,5,"XGBoost","CCIS78318719ST-4-0","CRC",0.942121684551239,"CRC"
3,5,"XGBoost","CCIS80834637ST-4-0","healthy",0.523097157478333,"CRC"
3,5,"XGBoost","CCIS98482370ST-3-0","healthy",0.00818245578557253,"healthy"
3,6,"BinaryLogistic","CCIS02379307ST-4-0","CRC",0.000000000000000222044604925031,"healthy"
3,6,"BinaryLogistic","CCIS03473770ST-4-0","healthy",0.000000000000000222044604925031,"healthy"
3,6,"BinaryLogistic","CCIS12370844ST-4-0","CRC",1,"CRC"
3,6,"BinaryLogistic","CCIS45571137ST-3-0","healthy",1,"CRC"
3,6,"BinaryLogistic","CCIS48174381ST-4-0","healthy",1,"CRC"
3,6,"BinaryLogistic","CCIS62605362ST-3-0","CRC",1,"CRC"
3,6,"BinaryLogistic","CCIS63468405ST-4-0","healthy",0.000000000000000222044604925031,"healthy"
3,6,"BinaryLogistic","CCIS91228662ST-4-0","CRC",1,"CRC"
3,6,"BinaryLogistic","CCIS93040568ST-20-0","healthy",1,"CRC"
3,6,"RandomForest","CCIS02379307ST-4-0","CRC",0.598,"CRC"
3,6,"RandomForest","CCIS03473770ST-4-0","healthy",0.178,"healthy"
3,6,"RandomForest","CCIS12370844ST-4-0","CRC",0.604,"CRC"
3,6,"RandomForest","CCIS45571137ST-3-0","healthy",0.252,"healthy"
3,6,"RandomForest","CCIS48174381ST-4-0","healthy",0.436,"healthy"
3,6,"RandomForest","CCIS62605362ST-3-0","CRC",0.574,"CRC"
3,6,"RandomForest","CCIS63468405ST-4-0","healthy",0.236,"healthy"
3,6,"RandomForest","CCIS91228662ST-4-0","CRC",0.728,"CRC"
3,6,"RandomForest","CCIS93040568ST-20-0","healthy",0.554,"CRC"
3,6,"SVM","CCIS02379307ST-4-0","CRC",0.865238950340565,"CRC"
3,6,"SVM","CCIS03473770ST-4-0","healthy",0.193783328968071,"healthy"
3,6,"SVM","CCIS12370844ST-4-0","CRC",0.928303852648797,"CRC"
3,6,"SVM","CCIS45571137ST-3-0","healthy",0.187228275478283,"healthy"
3,6,"SVM","CCIS48174381ST-4-0","healthy",0.921077535392988,"CRC"
3,6,"SVM","CCIS62605362ST-3-0","CRC",0.491914885212653,"healthy"
3,6,"SVM","CCIS63468405ST-4-0","healthy",0.540328153871633,"CRC"
3,6,"SVM","CCIS91228662ST-4-0","CRC",0.68409313188178,"CRC"
3,6,"SVM","CCIS93040568ST-20-0","healthy",0.558288526593005,"CRC"
3,6,"XGBoost","CCIS02379307ST-4-0","CRC",0.704630017280579,"CRC"
3,6,"XGBoost","CCIS03473770ST-4-0","healthy",0.051239188760519,"healthy"
3,6,"XGBoost","CCIS12370844ST-4-0","CRC",0.925058305263519,"CRC"
3,6,"XGBoost","CCIS45571137ST-3-0","healthy",0.0558487065136433,"healthy"
3,6,"XGBoost","CCIS48174381ST-4-0","healthy",0.261241167783737,"healthy"
3,6,"XGBoost","CCIS62605362ST-3-0","CRC",0.931220769882202,"CRC"
3,6,"XGBoost","CCIS63468405ST-4-0","healthy",0.0236861687153578,"healthy"
3,6,"XGBoost","CCIS91228662ST-4-0","CRC",0.997477948665619,"CRC"
3,6,"XGBoost","CCIS93040568ST-20-0","healthy",0.692244529724121,"CRC"
3,7,"BinaryLogistic","CCIS07277498ST-4-0","healthy",0.450092879715979,"healthy"
3,7,"BinaryLogistic","CCIS07539127ST-4-0","healthy",0.000000000000000222044604925031,"healthy"
3,7,"BinaryLogistic","CCIS14449628ST-4-0","CRC",1,"CRC"
3,7,"BinaryLogistic","CCIS20795251ST-4-0","healthy",0.231249127603167,"healthy"
3,7,"BinaryLogistic","CCIS21278152ST-4-0","CRC",1,"CRC"
3,7,"BinaryLogistic","CCIS27927933ST-4-0","healthy",0.917592059119127,"CRC"
3,7,"BinaryLogistic","CCIS53355328ST-4-0","CRC",1,"CRC"
3,7,"BinaryLogistic","CCIS58234805ST-4-0","CRC",1,"CRC"
3,7,"BinaryLogistic","CCIS94417875ST-3-0","healthy",0.295725396803936,"healthy"
3,7,"RandomForest","CCIS07277498ST-4-0","healthy",0.422,"healthy"
3,7,"RandomForest","CCIS07539127ST-4-0","healthy",0.214,"healthy"
3,7,"RandomForest","CCIS14449628ST-4-0","CRC",0.824,"CRC"
3,7,"RandomForest","CCIS20795251ST-4-0","healthy",0.3,"healthy"
3,7,"RandomForest","CCIS21278152ST-4-0","CRC",0.746,"CRC"
3,7,"RandomForest","CCIS27927933ST-4-0","healthy",0.28,"healthy"
3,7,"RandomForest","CCIS53355328ST-4-0","CRC",0.518,"CRC"
3,7,"RandomForest","CCIS58234805ST-4-0","CRC",0.868,"CRC"
3,7,"RandomForest","CCIS94417875ST-3-0","healthy",0.188,"healthy"
3,7,"SVM","CCIS07277498ST-4-0","healthy",0.682542891633835,"CRC"
3,7,"SVM","CCIS07539127ST-4-0","healthy",0.806356275109797,"CRC"
3,7,"SVM","CCIS14449628ST-4-0","CRC",0.999914441039679,"CRC"
3,7,"SVM","CCIS20795251ST-4-0","healthy",0.523158943192151,"CRC"
3,7,"SVM","CCIS21278152ST-4-0","CRC",0.999988582299186,"CRC"
3,7,"SVM","CCIS27927933ST-4-0","healthy",0.89345924750931,"CRC"
3,7,"SVM","CCIS53355328ST-4-0","CRC",0.953165691302667,"CRC"
3,7,"SVM","CCIS58234805ST-4-0","CRC",0.999361600814309,"CRC"
3,7,"SVM","CCIS94417875ST-3-0","healthy",0.443881293603166,"healthy"
3,7,"XGBoost","CCIS07277498ST-4-0","healthy",0.169720321893692,"healthy"
3,7,"XGBoost","CCIS07539127ST-4-0","healthy",0.109331123530865,"healthy"
3,7,"XGBoost","CCIS14449628ST-4-0","CRC",0.986844182014465,"CRC"
3,7,"XGBoost","CCIS20795251ST-4-0","healthy",0.231686621904373,"healthy"
3,7,"XGBoost","CCIS21278152ST-4-0","CRC",0.562146663665771,"CRC"
3,7,"XGBoost","CCIS27927933ST-4-0","healthy",0.0239549875259399,"healthy"
3,7,"XGBoost","CCIS53355328ST-4-0","CRC",0.0651450380682945,"healthy"
3,7,"XGBoost","CCIS58234805ST-4-0","CRC",0.949817657470703,"CRC"
3,7,"XGBoost","CCIS94417875ST-3-0","healthy",0.0253318361938,"healthy"
3,8,"BinaryLogistic","CCIS00146684ST-4-0","healthy",0.000000000000000222044604925031,"healthy"
3,8,"BinaryLogistic","CCIS11354283ST-4-0","healthy",1,"CRC"
3,8,"BinaryLogistic","CCIS11558985ST-4-0","healthy",1,"CRC"
3,8,"BinaryLogistic","CCIS17669415ST-4-0","CRC",0.000000000000000222044604925031,"healthy"
3,8,"BinaryLogistic","CCIS38765456ST-20-0","CRC",1,"CRC"
3,8,"BinaryLogistic","CCIS45793747ST-4-0","healthy",0.000000000000000222044604925031,"healthy"
3,8,"BinaryLogistic","CCIS61287323ST-4-0","CRC",1,"CRC"
3,8,"BinaryLogistic","CCIS82944710ST-20-0","healthy",0.000000000000000222044604925031,"healthy"
3,8,"BinaryLogistic","CCIS84543192ST-4-0","CRC",0.000000000000000222044604925031,"healthy"
3,8,"BinaryLogistic","CCIS87605453ST-4-0","CRC",1,"CRC"
3,8,"RandomForest","CCIS00146684ST-4-0","healthy",0.318,"healthy"
3,8,"RandomForest","CCIS11354283ST-4-0","healthy",0.286,"healthy"
3,8,"RandomForest","CCIS11558985ST-4-0","healthy",0.31,"healthy"
3,8,"RandomForest","CCIS17669415ST-4-0","CRC",0.406,"healthy"
3,8,"RandomForest","CCIS38765456ST-20-0","CRC",0.78,"CRC"
3,8,"RandomForest","CCIS45793747ST-4-0","healthy",0.092,"healthy"
3,8,"RandomForest","CCIS61287323ST-4-0","CRC",0.562,"CRC"
3,8,"RandomForest","CCIS82944710ST-20-0","healthy",0.194,"healthy"
3,8,"RandomForest","CCIS84543192ST-4-0","CRC",0.472,"healthy"
3,8,"RandomForest","CCIS87605453ST-4-0","CRC",0.608,"CRC"
3,8,"SVM","CCIS00146684ST-4-0","healthy",0.697010887358566,"CRC"
3,8,"SVM","CCIS11354283ST-4-0","healthy",0.45412046218666,"healthy"
3,8,"SVM","CCIS11558985ST-4-0","healthy",0.615805873743362,"CRC"
3,8,"SVM","CCIS17669415ST-4-0","CRC",0.226849394819552,"healthy"
3,8,"SVM","CCIS38765456ST-20-0","CRC",0.992226347124639,"CRC"
3,8,"SVM","CCIS45793747ST-4-0","healthy",0.17859843721816,"healthy"
3,8,"SVM","CCIS61287323ST-4-0","CRC",0.217449659896268,"healthy"
3,8,"SVM","CCIS82944710ST-20-0","healthy",0.23647886057558,"healthy"
3,8,"SVM","CCIS84543192ST-4-0","CRC",0.164501004936455,"healthy"
3,8,"SVM","CCIS87605453ST-4-0","CRC",0.877022916671662,"CRC"
3,8,"XGBoost","CCIS00146684ST-4-0","healthy",0.576703310012817,"CRC"
3,8,"XGBoost","CCIS11354283ST-4-0","healthy",0.131990969181061,"healthy"
3,8,"XGBoost","CCIS11558985ST-4-0","healthy",0.247688591480255,"healthy"
3,8,"XGBoost","CCIS17669415ST-4-0","CRC",0.0831044241786003,"healthy"
3,8,"XGBoost","CCIS38765456ST-20-0","CRC",0.888576924800873,"CRC"
3,8,"XGBoost","CCIS45793747ST-4-0","healthy",0.00228313216939569,"healthy"
3,8,"XGBoost","CCIS61287323ST-4-0","CRC",0.093975730240345,"healthy"
3,8,"XGBoost","CCIS82944710ST-20-0","healthy",0.022796394303441,"healthy"
3,8,"XGBoost","CCIS84543192ST-4-0","CRC",0.459251761436462,"healthy"
3,8,"XGBoost","CCIS87605453ST-4-0","CRC",0.963713645935059,"CRC"
3,9,"BinaryLogistic","CCIS11015875ST-4-0","CRC",1,"CRC"
3,9,"BinaryLogistic","CCIS21126322ST-4-0","healthy",0.000000000000000222044604925031,"healthy"
3,9,"BinaryLogistic","CCIS34604008ST-4-0","healthy",0.000000000000000222044604925031,"healthy"
3,9,"BinaryLogistic","CCIS40244499ST-3-0","CRC",1,"CRC"
3,9,"BinaryLogistic","CCIS44093303ST-4-0","healthy",0.000000000000000222044604925031,"healthy"
3,9,"BinaryLogistic","CCIS52370277ST-4-0","CRC",0.000000000000000222044604925031,"healthy"
3,9,"BinaryLogistic","CCIS63910149ST-4-0","healthy",0.000000000000000222044604925031,"healthy"
3,9,"BinaryLogistic","CCIS77252613ST-4-0","CRC",0.000000000000000222044604925031,"healthy"
3,9,"BinaryLogistic","CCIS88007743ST-4-0","healthy",0.000000000000000222044604925031,"healthy"
3,9,"RandomForest","CCIS11015875ST-4-0","CRC",0.872,"CRC"
3,9,"RandomForest","CCIS21126322ST-4-0","healthy",0.09,"healthy"
3,9,"RandomForest","CCIS34604008ST-4-0","healthy",0.264,"healthy"
3,9,"RandomForest","CCIS40244499ST-3-0","CRC",0.8,"CRC"
3,9,"RandomForest","CCIS44093303ST-4-0","healthy",0.588,"CRC"
3,9,"RandomForest","CCIS52370277ST-4-0","CRC",0.488,"healthy"
3,9,"RandomForest","CCIS63910149ST-4-0","healthy",0.24,"healthy"
3,9,"RandomForest","CCIS77252613ST-4-0","CRC",0.198,"healthy"
3,9,"RandomForest","CCIS88007743ST-4-0","healthy",0.314,"healthy"
3,9,"SVM","CCIS11015875ST-4-0","CRC",0.943946346842472,"CRC"
3,9,"SVM","CCIS21126322ST-4-0","healthy",0.0573798142381132,"healthy"
3,9,"SVM","CCIS34604008ST-4-0","healthy",0.501601543614676,"CRC"
3,9,"SVM","CCIS40244499ST-3-0","CRC",0.71414275449133,"CRC"
3,9,"SVM","CCIS44093303ST-4-0","healthy",0.775762789985815,"CRC"
3,9,"SVM","CCIS52370277ST-4-0","CRC",0.144254939737432,"healthy"
3,9,"SVM","CCIS63910149ST-4-0","healthy",0.185349459924923,"healthy"
3,9,"SVM","CCIS77252613ST-4-0","CRC",0.414815323786637,"healthy"
3,9,"SVM","CCIS88007743ST-4-0","healthy",0.0740912938672051,"healthy"
3,9,"XGBoost","CCIS11015875ST-4-0","CRC",0.996938586235046,"CRC"
3,9,"XGBoost","CCIS21126322ST-4-0","healthy",0.0907143205404282,"healthy"
3,9,"XGBoost","CCIS34604008ST-4-0","healthy",0.0777717083692551,"healthy"
3,9,"XGBoost","CCIS40244499ST-3-0","CRC",0.904555916786194,"CRC"
3,9,"XGBoost","CCIS44093303ST-4-0","healthy",0.751249134540558,"CRC"
3,9,"XGBoost","CCIS52370277ST-4-0","CRC",0.821655750274658,"CRC"
3,9,"XGBoost","CCIS63910149ST-4-0","healthy",0.0514986924827099,"healthy"
3,9,"XGBoost","CCIS77252613ST-4-0","CRC",0.0783845037221909,"healthy"
3,9,"XGBoost","CCIS88007743ST-4-0","healthy",0.0466522909700871,"healthy"
3,10,"BinaryLogistic","CCIS15794887ST-4-0","healthy",0.000000000000000222044604925031,"healthy"
3,10,"BinaryLogistic","CCIS16383318ST-4-0","healthy",1,"CRC"
3,10,"BinaryLogistic","CCIS46047672ST-4-0","CRC",0.000000000000000222044604925031,"healthy"
3,10,"BinaryLogistic","CCIS47284573ST-4-0","CRC",0.000000000000000222044604925031,"healthy"
3,10,"BinaryLogistic","CCIS50148151ST-4-0","CRC",1,"CRC"
3,10,"BinaryLogistic","CCIS71301801ST-4-0","CRC",1,"CRC"
3,10,"BinaryLogistic","CCIS78100604ST-4-0","healthy",0.000000000000000222044604925031,"healthy"
3,10,"BinaryLogistic","CCIS81139242ST-4-0","healthy",0.000000000000000222044604925031,"healthy"
3,10,"BinaryLogistic","CCIS98832363ST-4-0","CRC",0.000000000000000222044604925031,"healthy"
3,10,"RandomForest","CCIS15794887ST-4-0","healthy",0.084,"healthy"
3,10,"RandomForest","CCIS16383318ST-4-0","healthy",0.628,"CRC"
3,10,"RandomForest","CCIS46047672ST-4-0","CRC",0.408,"healthy"
3,10,"RandomForest","CCIS47284573ST-4-0","CRC",0.186,"healthy"
3,10,"RandomForest","CCIS50148151ST-4-0","CRC",0.52,"CRC"
3,10,"RandomForest","CCIS71301801ST-4-0","CRC",0.93,"CRC"
3,10,"RandomForest","CCIS78100604ST-4-0","healthy",0.208,"healthy"
3,10,"RandomForest","CCIS81139242ST-4-0","healthy",0.252,"healthy"
3,10,"RandomForest","CCIS98832363ST-4-0","CRC",0.18,"healthy"
3,10,"SVM","CCIS15794887ST-4-0","healthy",0.0471520489935048,"healthy"
3,10,"SVM","CCIS16383318ST-4-0","healthy",0.999643648566562,"CRC"
3,10,"SVM","CCIS46047672ST-4-0","CRC",0.396929584141501,"healthy"
3,10,"SVM","CCIS47284573ST-4-0","CRC",0.184421707970716,"healthy"
3,10,"SVM","CCIS50148151ST-4-0","CRC",0.869067429066273,"CRC"
3,10,"SVM","CCIS71301801ST-4-0","CRC",0.91822245768417,"CRC"
3,10,"SVM","CCIS78100604ST-4-0","healthy",0.160884845788575,"healthy"
3,10,"SVM","CCIS81139242ST-4-0","healthy",0.0615819590743024,"healthy"
3,10,"SVM","CCIS98832363ST-4-0","CRC",0.275592309624787,"healthy"
3,10,"XGBoost","CCIS15794887ST-4-0","healthy",0.000661205442156643,"healthy"
3,10,"XGBoost","CCIS16383318ST-4-0","healthy",0.617483854293823,"CRC"
3,10,"XGBoost","CCIS46047672ST-4-0","CRC",0.505490243434906,"CRC"
3,10,"XGBoost","CCIS47284573ST-4-0","CRC",0.118917882442474,"healthy"
3,10,"XGBoost","CCIS50148151ST-4-0","CRC",0.158975288271904,"healthy"
3,10,"XGBoost","CCIS71301801ST-4-0","CRC",0.997173547744751,"CRC"
3,10,"XGBoost","CCIS78100604ST-4-0","healthy",0.0611362308263779,"healthy"
3,10,"XGBoost","CCIS81139242ST-4-0","healthy",0.208227545022964,"healthy"
3,10,"XGBoost","CCIS98832363ST-4-0","CRC",0.159500375390053,"healthy"
4,1,"BinaryLogistic","CCIS03473770ST-4-0","healthy",0.999999999998707,"CRC"
4,1,"BinaryLogistic","CCIS07277498ST-4-0","healthy",0.999999999996232,"CRC"
4,1,"BinaryLogistic","CCIS52370277ST-4-0","CRC",1,"CRC"
4,1,"BinaryLogistic","CCIS53355328ST-4-0","CRC",1,"CRC"
4,1,"BinaryLogistic","CCIS62605362ST-3-0","CRC",0.000000000000000222044604925031,"healthy"
4,1,"BinaryLogistic","CCIS77252613ST-4-0","CRC",0.000000000000000222044604925031,"healthy"
4,1,"BinaryLogistic","CCIS87167916ST-4-0","CRC",0.000000000000000222044604925031,"healthy"
4,1,"BinaryLogistic","CCIS88007743ST-4-0","healthy",1,"CRC"
4,1,"BinaryLogistic","CCIS94417875ST-3-0","healthy",0.000000000000000222044604925031,"healthy"
4,1,"BinaryLogistic","CCIS98482370ST-3-0","healthy",0.000000000000000222044604925031,"healthy"
4,1,"RandomForest","CCIS03473770ST-4-0","healthy",0.218,"healthy"
4,1,"RandomForest","CCIS07277498ST-4-0","healthy",0.372,"healthy"
4,1,"RandomForest","CCIS52370277ST-4-0","CRC",0.49,"healthy"
4,1,"RandomForest","CCIS53355328ST-4-0","CRC",0.376,"healthy"
4,1,"RandomForest","CCIS62605362ST-3-0","CRC",0.55,"CRC"
4,1,"RandomForest","CCIS77252613ST-4-0","CRC",0.21,"healthy"
4,1,"RandomForest","CCIS87167916ST-4-0","CRC",0.802,"CRC"
4,1,"RandomForest","CCIS88007743ST-4-0","healthy",0.434,"healthy"
4,1,"RandomForest","CCIS94417875ST-3-0","healthy",0.116,"healthy"
4,1,"RandomForest","CCIS98482370ST-3-0","healthy",0.16,"healthy"
4,1,"SVM","CCIS03473770ST-4-0","healthy",0.271962822832306,"healthy"
4,1,"SVM","CCIS07277498ST-4-0","healthy",0.248468677288686,"healthy"
4,1,"SVM","CCIS52370277ST-4-0","CRC",0.539558435304117,"CRC"
4,1,"SVM","CCIS53355328ST-4-0","CRC",0.205847789535952,"healthy"
4,1,"SVM","CCIS62605362ST-3-0","CRC",0.333807891417087,"healthy"
4,1,"SVM","CCIS77252613ST-4-0","CRC",0.227585956484568,"healthy"
4,1,"SVM","CCIS87167916ST-4-0","CRC",0.991007565886336,"CRC"
4,1,"SVM","CCIS88007743ST-4-0","healthy",0.470974247298305,"healthy"
4,1,"SVM","CCIS94417875ST-3-0","healthy",0.216686023334279,"healthy"
4,1,"SVM","CCIS98482370ST-3-0","healthy",0.255715441914972,"healthy"
4,1,"XGBoost","CCIS03473770ST-4-0","healthy",0.0217227432876825,"healthy"
4,1,"XGBoost","CCIS07277498ST-4-0","healthy",0.173914849758148,"healthy"
4,1,"XGBoost","CCIS52370277ST-4-0","CRC",0.910485982894897,"CRC"
4,1,"XGBoost","CCIS53355328ST-4-0","CRC",0.00682365708053112,"healthy"
4,1,"XGBoost","CCIS62605362ST-3-0","CRC",0.800116956233978,"CRC"
4,1,"XGBoost","CCIS77252613ST-4-0","CRC",0.00793692003935575,"healthy"
4,1,"XGBoost","CCIS87167916ST-4-0","CRC",0.989484846591949,"CRC"
4,1,"XGBoost","CCIS88007743ST-4-0","healthy",0.323413014411926,"healthy"
4,1,"XGBoost","CCIS94417875ST-3-0","healthy",0.00778949353843927,"healthy"
4,1,"XGBoost","CCIS98482370ST-3-0","healthy",0.0647543147206306,"healthy"
4,2,"BinaryLogistic","CCIS11558985ST-4-0","healthy",1,"CRC"
4,2,"BinaryLogistic","CCIS23164343ST-4-0","healthy",0.000000000000000222044604925031,"healthy"
4,2,"BinaryLogistic","CCIS34604008ST-4-0","healthy",1,"CRC"
4,2,"BinaryLogistic","CCIS41548810ST-4-0","CRC",1,"CRC"
4,2,"BinaryLogistic","CCIS44093303ST-4-0","healthy",1,"CRC"
4,2,"BinaryLogistic","CCIS45571137ST-3-0","healthy",0.000000000000000222044604925031,"healthy"
4,2,"BinaryLogistic","CCIS58234805ST-4-0","CRC",1,"CRC"
4,2,"BinaryLogistic","CCIS61287323ST-4-0","CRC",1,"CRC"
4,2,"BinaryLogistic","CCIS78318719ST-4-0","CRC",1,"CRC"
4,2,"RandomForest","CCIS11558985ST-4-0","healthy",0.35,"healthy"
4,2,"RandomForest","CCIS23164343ST-4-0","healthy",0.226,"healthy"
4,2,"RandomForest","CCIS34604008ST-4-0","healthy",0.406,"healthy"
4,2,"RandomForest","CCIS41548810ST-4-0","CRC",0.414,"healthy"
4,2,"RandomForest","CCIS44093303ST-4-0","healthy",0.642,"CRC"
4,2,"RandomForest","CCIS45571137ST-3-0","healthy",0.3,"healthy"
4,2,"RandomForest","CCIS58234805ST-4-0","CRC",0.702,"CRC"
4,2,"RandomForest","CCIS61287323ST-4-0","CRC",0.59,"CRC"
4,2,"RandomForest","CCIS78318719ST-4-0","CRC",0.466,"healthy"
4,2,"SVM","CCIS11558985ST-4-0","healthy",0.679895304163622,"CRC"
4,2,"SVM","CCIS23164343ST-4-0","healthy",0.0261748125425963,"healthy"
4,2,"SVM","CCIS34604008ST-4-0","healthy",0.274157104457708,"healthy"
4,2,"SVM","CCIS41548810ST-4-0","CRC",0.458492270532319,"healthy"
4,2,"SVM","CCIS44093303ST-4-0","healthy",0.791371970739061,"CRC"
4,2,"SVM","CCIS45571137ST-3-0","healthy",0.1801321785611,"healthy"
4,2,"SVM","CCIS58234805ST-4-0","CRC",0.988515400302227,"CRC"
4,2,"SVM","CCIS61287323ST-4-0","CRC",0.383715490774536,"healthy"
4,2,"SVM","CCIS78318719ST-4-0","CRC",0.284633106524946,"healthy"
4,2,"XGBoost","CCIS11558985ST-4-0","healthy",0.238866955041885,"healthy"
4,2,"XGBoost","CCIS23164343ST-4-0","healthy",0.00963596347719431,"healthy"
4,2,"XGBoost","CCIS34604008ST-4-0","healthy",0.328838974237442,"healthy"
4,2,"XGBoost","CCIS41548810ST-4-0","CRC",0.453618139028549,"healthy"
4,2,"XGBoost","CCIS44093303ST-4-0","healthy",0.945480763912201,"CRC"
4,2,"XGBoost","CCIS45571137ST-3-0","healthy",0.468285411596298,"healthy"
4,2,"XGBoost","CCIS58234805ST-4-0","CRC",0.96634179353714,"CRC"
4,2,"XGBoost","CCIS61287323ST-4-0","CRC",0.319095969200134,"healthy"
4,2,"XGBoost","CCIS78318719ST-4-0","CRC",0.266643315553665,"healthy"
4,3,"BinaryLogistic","CCIS02124300ST-4-0","healthy",0.00131566928990437,"healthy"
4,3,"BinaryLogistic","CCIS15794887ST-4-0","healthy",0.0000000936492001045777,"healthy"
4,3,"BinaryLogistic","CCIS16326685ST-4-0","healthy",0.414814515673798,"healthy"
4,3,"BinaryLogistic","CCIS27304052ST-3-0","healthy",0.0102895838382925,"healthy"
4,3,"BinaryLogistic","CCIS36797902ST-4-0","healthy",0.999999995745465,"CRC"
4,3,"BinaryLogistic","CCIS40244499ST-3-0","CRC",1,"CRC"
4,3,"BinaryLogistic","CCIS41288781ST-4-0","CRC",1,"CRC"
4,3,"BinaryLogistic","CCIS83870198ST-4-0","CRC",0.399279591190192,"healthy"
4,3,"BinaryLogistic","CCIS87605453ST-4-0","CRC",0.978442478904818,"CRC"
4,3,"RandomForest","CCIS02124300ST-4-0","healthy",0.342,"healthy"
4,3,"RandomForest","CCIS15794887ST-4-0","healthy",0.24,"healthy"
4,3,"RandomForest","CCIS16326685ST-4-0","healthy",0.458,"healthy"
4,3,"RandomForest","CCIS27304052ST-3-0","healthy",0.12,"healthy"
4,3,"RandomForest","CCIS36797902ST-4-0","healthy",0.644,"CRC"
4,3,"RandomForest","CCIS40244499ST-3-0","CRC",0.816,"CRC"
4,3,"RandomForest","CCIS41288781ST-4-0","CRC",0.504,"CRC"
4,3,"RandomForest","CCIS83870198ST-4-0","CRC",0.308,"healthy"
4,3,"RandomForest","CCIS87605453ST-4-0","CRC",0.572,"CRC"
4,3,"SVM","CCIS02124300ST-4-0","healthy",0.124782255628469,"healthy"
4,3,"SVM","CCIS15794887ST-4-0","healthy",0.086312484562696,"healthy"
4,3,"SVM","CCIS16326685ST-4-0","healthy",0.987374060694266,"CRC"
4,3,"SVM","CCIS27304052ST-3-0","healthy",0.151736362538497,"healthy"
4,3,"SVM","CCIS36797902ST-4-0","healthy",0.999996445187158,"CRC"
4,3,"SVM","CCIS40244499ST-3-0","CRC",0.73865451985539,"CRC"
4,3,"SVM","CCIS41288781ST-4-0","CRC",0.999997169147473,"CRC"
4,3,"SVM","CCIS83870198ST-4-0","CRC",0.46407923852498,"healthy"
4,3,"SVM","CCIS87605453ST-4-0","CRC",0.633084554380914,"CRC"
4,3,"XGBoost","CCIS02124300ST-4-0","healthy",0.905735969543457,"CRC"
4,3,"XGBoost","CCIS15794887ST-4-0","healthy",0.12061507999897,"healthy"
4,3,"XGBoost","CCIS16326685ST-4-0","healthy",0.770334541797638,"CRC"
4,3,"XGBoost","CCIS27304052ST-3-0","healthy",0.00523257814347744,"healthy"
4,3,"XGBoost","CCIS36797902ST-4-0","healthy",0.977560818195343,"CRC"
4,3,"XGBoost","CCIS40244499ST-3-0","CRC",0.429581671953201,"healthy"
4,3,"XGBoost","CCIS41288781ST-4-0","CRC",0.927003145217896,"CRC"
4,3,"XGBoost","CCIS83870198ST-4-0","CRC",0.490102887153625,"healthy"
4,3,"XGBoost","CCIS87605453ST-4-0","CRC",0.469331204891205,"healthy"
4,4,"BinaryLogistic","CCIS05314658ST-4-0","healthy",0.859617083630114,"CRC"
4,4,"BinaryLogistic","CCIS07539127ST-4-0","healthy",0.000000000000000222044604925031,"healthy"
4,4,"BinaryLogistic","CCIS16561622ST-4-0","healthy",0.999999554356432,"CRC"
4,4,"BinaryLogistic","CCIS21126322ST-4-0","healthy",0.000000000000109281285469425,"healthy"
4,4,"BinaryLogistic","CCIS32452666ST-4-0","healthy",0.144452728700188,"healthy"
4,4,"BinaryLogistic","CCIS34055159ST-4-0","CRC",1,"CRC"
4,4,"BinaryLogistic","CCIS38765456ST-20-0","CRC",1,"CRC"
4,4,"BinaryLogistic","CCIS46467422ST-4-0","CRC",0.0521234135732356,"healthy"
4,4,"BinaryLogistic","CCIS98512455ST-4-0","CRC",0.999996913190858,"CRC"
4,4,"RandomForest","CCIS05314658ST-4-0","healthy",0.288,"healthy"
4,4,"RandomForest","CCIS07539127ST-4-0","healthy",0.452,"healthy"
4,4,"RandomForest","CCIS16561622ST-4-0","healthy",0.614,"CRC"
4,4,"RandomForest","CCIS21126322ST-4-0","healthy",0.2,"healthy"
4,4,"RandomForest","CCIS32452666ST-4-0","healthy",0.512,"CRC"
4,4,"RandomForest","CCIS34055159ST-4-0","CRC",0.816,"CRC"
4,4,"RandomForest","CCIS38765456ST-20-0","CRC",0.818,"CRC"
4,4,"RandomForest","CCIS46467422ST-4-0","CRC",0.096,"healthy"
4,4,"RandomForest","CCIS98512455ST-4-0","CRC",0.658,"CRC"
4,4,"SVM","CCIS05314658ST-4-0","healthy",0.513002708828537,"CRC"
4,4,"SVM","CCIS07539127ST-4-0","healthy",0.999557613386796,"CRC"
4,4,"SVM","CCIS16561622ST-4-0","healthy",0.994367718880886,"CRC"
4,4,"SVM","CCIS21126322ST-4-0","healthy",0.137366918183506,"healthy"
4,4,"SVM","CCIS32452666ST-4-0","healthy",0.315335677354653,"healthy"
4,4,"SVM","CCIS34055159ST-4-0","CRC",0.60584338910192,"CRC"
4,4,"SVM","CCIS38765456ST-20-0","CRC",0.691175748018649,"CRC"
4,4,"SVM","CCIS46467422ST-4-0","CRC",0.299599843060801,"healthy"
4,4,"SVM","CCIS98512455ST-4-0","CRC",0.989859403929921,"CRC"
4,4,"XGBoost","CCIS05314658ST-4-0","healthy",0.29122319817543,"healthy"
4,4,"XGBoost","CCIS07539127ST-4-0","healthy",0.0510022304952145,"healthy"
4,4,"XGBoost","CCIS16561622ST-4-0","healthy",0.951479732990265,"CRC"
4,4,"XGBoost","CCIS21126322ST-4-0","healthy",0.018647238612175,"healthy"
4,4,"XGBoost","CCIS32452666ST-4-0","healthy",0.384026885032654,"healthy"
4,4,"XGBoost","CCIS34055159ST-4-0","CRC",0.97117805480957,"CRC"
4,4,"XGBoost","CCIS38765456ST-20-0","CRC",0.817640602588654,"CRC"
4,4,"XGBoost","CCIS46467422ST-4-0","CRC",0.0574099123477936,"healthy"
4,4,"XGBoost","CCIS98512455ST-4-0","CRC",0.989734530448914,"CRC"
4,5,"BinaryLogistic","CCIS02379307ST-4-0","CRC",1,"CRC"
4,5,"BinaryLogistic","CCIS41222843ST-4-0","CRC",0.258105104551313,"healthy"
4,5,"BinaryLogistic","CCIS45793747ST-4-0","healthy",0.00000725102298091425,"healthy"
4,5,"BinaryLogistic","CCIS63448910ST-4-0","healthy",0.907050715088151,"CRC"
4,5,"BinaryLogistic","CCIS63910149ST-4-0","healthy",0.256117391424701,"healthy"
4,5,"BinaryLogistic","CCIS78100604ST-4-0","healthy",0.348466577133036,"healthy"
4,5,"BinaryLogistic","CCIS80834637ST-4-0","healthy",0.129909975649135,"healthy"
4,5,"BinaryLogistic","CCIS85214191ST-3-0","CRC",1,"CRC"
4,5,"BinaryLogistic","CCIS87116798ST-4-0","CRC",0.979152160644791,"CRC"
4,5,"BinaryLogistic","CCIS87252800ST-4-0","CRC",0.997806649980012,"CRC"
4,5,"RandomForest","CCIS02379307ST-4-0","CRC",0.672,"CRC"
4,5,"RandomForest","CCIS41222843ST-4-0","CRC",0.166,"healthy"
4,5,"RandomForest","CCIS45793747ST-4-0","healthy",0.048,"healthy"
4,5,"RandomForest","CCIS63448910ST-4-0","healthy",0.516,"CRC"
4,5,"RandomForest","CCIS63910149ST-4-0","healthy",0.174,"healthy"
4,5,"RandomForest","CCIS78100604ST-4-0","healthy",0.378,"healthy"
4,5,"RandomForest","CCIS80834637ST-4-0","healthy",0.318,"healthy"
4,5,"RandomForest","CCIS85214191ST-3-0","CRC",0.816,"CRC"
4,5,"RandomForest","CCIS87116798ST-4-0","CRC",0.466,"healthy"
4,5,"RandomForest","CCIS87252800ST-4-0","CRC",0.7,"CRC"
4,5,"SVM","CCIS02379307ST-4-0","CRC",0.928215070022813,"CRC"
4,5,"SVM","CCIS41222843ST-4-0","CRC",0.295411973578913,"healthy"
4,5,"SVM","CCIS45793747ST-4-0","healthy",0.350847305894672,"healthy"
4,5,"SVM","CCIS63448910ST-4-0","healthy",0.466203673409753,"healthy"
4,5,"SVM","CCIS63910149ST-4-0","healthy",0.326076178920966,"healthy"
4,5,"SVM","CCIS78100604ST-4-0","healthy",0.570520787353224,"CRC"
4,5,"SVM","CCIS80834637ST-4-0","healthy",0.189129467533745,"healthy"
4,5,"SVM","CCIS85214191ST-3-0","CRC",0.800597700414751,"CRC"
4,5,"SVM","CCIS87116798ST-4-0","CRC",0.588385811395621,"CRC"
4,5,"SVM","CCIS87252800ST-4-0","CRC",0.701906667808738,"CRC"
4,5,"XGBoost","CCIS02379307ST-4-0","CRC",0.842198073863983,"CRC"
4,5,"XGBoost","CCIS41222843ST-4-0","CRC",0.282288312911987,"healthy"
4,5,"XGBoost","CCIS45793747ST-4-0","healthy",0.000617674668319523,"healthy"
4,5,"XGBoost","CCIS63448910ST-4-0","healthy",0.683069229125977,"CRC"
4,5,"XGBoost","CCIS63910149ST-4-0","healthy",0.0723357573151588,"healthy"
4,5,"XGBoost","CCIS78100604ST-4-0","healthy",0.609860062599182,"CRC"
4,5,"XGBoost","CCIS80834637ST-4-0","healthy",0.295488864183426,"healthy"
4,5,"XGBoost","CCIS85214191ST-3-0","CRC",0.996569991111755,"CRC"
4,5,"XGBoost","CCIS87116798ST-4-0","CRC",0.950166404247284,"CRC"
4,5,"XGBoost","CCIS87252800ST-4-0","CRC",0.98054963350296,"CRC"
4,6,"BinaryLogistic","CCIS10706551ST-3-0","healthy",0.000000000000000222044604925031,"healthy"
4,6,"BinaryLogistic","CCIS12370844ST-4-0","CRC",0.000000000000000222044604925031,"healthy"
4,6,"BinaryLogistic","CCIS41692898ST-4-0","healthy",0.000000000000000222044604925031,"healthy"
4,6,"BinaryLogistic","CCIS50148151ST-4-0","CRC",0.000000000000000222044604925031,"healthy"
4,6,"BinaryLogistic","CCIS64785924ST-20-0","healthy",0.000000000000000222044604925031,"healthy"
4,6,"BinaryLogistic","CCIS71301801ST-4-0","CRC",1,"CRC"
4,6,"BinaryLogistic","CCIS71578391ST-4-0","healthy",0.000000000000000222044604925031,"healthy"
4,6,"BinaryLogistic","CCIS84543192ST-4-0","CRC",1,"CRC"
4,6,"RandomForest","CCIS10706551ST-3-0","healthy",0.15,"healthy"
4,6,"RandomForest","CCIS12370844ST-4-0","CRC",0.396,"healthy"
4,6,"RandomForest","CCIS41692898ST-4-0","healthy",0.174,"healthy"
4,6,"RandomForest","CCIS50148151ST-4-0","CRC",0.408,"healthy"
4,6,"RandomForest","CCIS64785924ST-20-0","healthy",0.082,"healthy"
4,6,"RandomForest","CCIS71301801ST-4-0","CRC",0.802,"CRC"
4,6,"RandomForest","CCIS71578391ST-4-0","healthy",0.172,"healthy"
4,6,"RandomForest","CCIS84543192ST-4-0","CRC",0.554,"CRC"
4,6,"SVM","CCIS10706551ST-3-0","healthy",0.205573386174898,"healthy"
4,6,"SVM","CCIS12370844ST-4-0","CRC",0.966381719397875,"CRC"
4,6,"SVM","CCIS41692898ST-4-0","healthy",0.120653183515046,"healthy"
4,6,"SVM","CCIS50148151ST-4-0","CRC",0.699755670728416,"CRC"
4,6,"SVM","CCIS64785924ST-20-0","healthy",0.102089154268115,"healthy"
4,6,"SVM","CCIS71301801ST-4-0","CRC",0.99568946711461,"CRC"
4,6,"SVM","CCIS71578391ST-4-0","healthy",0.129913036002015,"healthy"
4,6,"SVM","CCIS84543192ST-4-0","CRC",0.197163501763862,"healthy"
4,6,"XGBoost","CCIS10706551ST-3-0","healthy",0.0252924840897322,"healthy"
4,6,"XGBoost","CCIS12370844ST-4-0","CRC",0.202443584799767,"healthy"
4,6,"XGBoost","CCIS41692898ST-4-0","healthy",0.112863384187222,"healthy"
4,6,"XGBoost","CCIS50148151ST-4-0","CRC",0.00376423541456461,"healthy"
4,6,"XGBoost","CCIS64785924ST-20-0","healthy",0.0253954529762268,"healthy"
4,6,"XGBoost","CCIS71301801ST-4-0","CRC",0.987491130828857,"CRC"
4,6,"XGBoost","CCIS71578391ST-4-0","healthy",0.118797652423382,"healthy"
4,6,"XGBoost","CCIS84543192ST-4-0","CRC",0.895120918750763,"CRC"
4,7,"BinaryLogistic","CCIS11015875ST-4-0","CRC",1,"CRC"
4,7,"BinaryLogistic","CCIS11354283ST-4-0","healthy",0.233200808619706,"healthy"
4,7,"BinaryLogistic","CCIS22958137ST-20-0","CRC",1,"CRC"
4,7,"BinaryLogistic","CCIS53043478ST-4-0","CRC",1,"CRC"
4,7,"BinaryLogistic","CCIS76845094ST-20-0","CRC",1,"CRC"
4,7,"BinaryLogistic","CCIS79210440ST-3-0","healthy",0.94206962675754,"CRC"
4,7,"BinaryLogistic","CCIS81139242ST-4-0","healthy",0.999999999970592,"CRC"
4,7,"BinaryLogistic","CCIS82507866ST-3-0","healthy",0.776483896826625,"CRC"
4,7,"BinaryLogistic","CCIS93040568ST-20-0","healthy",0.861462341841035,"CRC"
4,7,"RandomForest","CCIS11015875ST-4-0","CRC",0.85,"CRC"
4,7,"RandomForest","CCIS11354283ST-4-0","healthy",0.114,"healthy"
4,7,"RandomForest","CCIS22958137ST-20-0","CRC",0.758,"CRC"
4,7,"RandomForest","CCIS53043478ST-4-0","CRC",0.74,"CRC"
4,7,"RandomForest","CCIS76845094ST-20-0","CRC",0.65,"CRC"
4,7,"RandomForest","CCIS79210440ST-3-0","healthy",0.578,"CRC"
4,7,"RandomForest","CCIS81139242ST-4-0","healthy",0.406,"healthy"
4,7,"RandomForest","CCIS82507866ST-3-0","healthy",0.476,"healthy"
4,7,"RandomForest","CCIS93040568ST-20-0","healthy",0.762,"CRC"
4,7,"SVM","CCIS11015875ST-4-0","CRC",0.826299126391135,"CRC"
4,7,"SVM","CCIS11354283ST-4-0","healthy",0.319063106705924,"healthy"
4,7,"SVM","CCIS22958137ST-20-0","CRC",0.965229500024415,"CRC"
4,7,"SVM","CCIS53043478ST-4-0","CRC",0.181188040762635,"healthy"
4,7,"SVM","CCIS76845094ST-20-0","CRC",0.387817099921632,"healthy"
4,7,"SVM","CCIS79210440ST-3-0","healthy",0.695792997975448,"CRC"
4,7,"SVM","CCIS81139242ST-4-0","healthy",0.655491986849507,"CRC"
4,7,"SVM","CCIS82507866ST-3-0","healthy",0.684450309373576,"CRC"
4,7,"SVM","CCIS93040568ST-20-0","healthy",0.809551257661823,"CRC"
4,7,"XGBoost","CCIS11015875ST-4-0","CRC",0.981994092464447,"CRC"
4,7,"XGBoost","CCIS11354283ST-4-0","healthy",0.141296699643135,"healthy"
4,7,"XGBoost","CCIS22958137ST-20-0","CRC",0.99103856086731,"CRC"
4,7,"XGBoost","CCIS53043478ST-4-0","CRC",0.510560750961304,"CRC"
4,7,"XGBoost","CCIS76845094ST-20-0","CRC",0.481053441762924,"healthy"
4,7,"XGBoost","CCIS79210440ST-3-0","healthy",0.786897718906403,"CRC"
4,7,"XGBoost","CCIS81139242ST-4-0","healthy",0.308679759502411,"healthy"
4,7,"XGBoost","CCIS82507866ST-3-0","healthy",0.716123700141907,"CRC"
4,7,"XGBoost","CCIS93040568ST-20-0","healthy",0.984273970127106,"CRC"
4,8,"BinaryLogistic","CCIS00146684ST-4-0","healthy",0.000000000000000222044604925031,"healthy"
4,8,"BinaryLogistic","CCIS14449628ST-4-0","CRC",1,"CRC"
4,8,"BinaryLogistic","CCIS20795251ST-4-0","healthy",0.000000000000000222044604925031,"healthy"
4,8,"BinaryLogistic","CCIS27927933ST-4-0","healthy",0.000000000000000222044604925031,"healthy"
4,8,"BinaryLogistic","CCIS46047672ST-4-0","CRC",1,"CRC"
4,8,"BinaryLogistic","CCIS50471204ST-4-0","healthy",0.000000000000000222044604925031,"healthy"
4,8,"BinaryLogistic","CCIS55230578ST-4-0","CRC",0.000000000000000222044604925031,"healthy"
4,8,"BinaryLogistic","CCIS82146115ST-4-0","CRC",0.000000000000000222044604925031,"healthy"
4,8,"BinaryLogistic","CCIS82944710ST-20-0","healthy",1,"CRC"
4,8,"RandomForest","CCIS00146684ST-4-0","healthy",0.352,"healthy"
4,8,"RandomForest","CCIS14449628ST-4-0","CRC",0.836,"CRC"
4,8,"RandomForest","CCIS20795251ST-4-0","healthy",0.37,"healthy"
4,8,"RandomForest","CCIS27927933ST-4-0","healthy",0.258,"healthy"
4,8,"RandomForest","CCIS46047672ST-4-0","CRC",0.406,"healthy"
4,8,"RandomForest","CCIS50471204ST-4-0","healthy",0.344,"healthy"
4,8,"RandomForest","CCIS55230578ST-4-0","CRC",0.4,"healthy"
4,8,"RandomForest","CCIS82146115ST-4-0","CRC",0.268,"healthy"
4,8,"RandomForest","CCIS82944710ST-20-0","healthy",0.298,"healthy"
4,8,"SVM","CCIS00146684ST-4-0","healthy",0.536380012470103,"CRC"
4,8,"SVM","CCIS14449628ST-4-0","CRC",0.953862415515371,"CRC"
4,8,"SVM","CCIS20795251ST-4-0","healthy",0.326935648901215,"healthy"
4,8,"SVM","CCIS27927933ST-4-0","healthy",0.41930621453265,"healthy"
4,8,"SVM","CCIS46047672ST-4-0","CRC",0.600288032681047,"CRC"
4,8,"SVM","CCIS50471204ST-4-0","healthy",0.235868630567035,"healthy"
4,8,"SVM","CCIS55230578ST-4-0","CRC",0.395176405743408,"healthy"
4,8,"SVM","CCIS82146115ST-4-0","CRC",0.647311394432617,"CRC"
4,8,"SVM","CCIS82944710ST-20-0","healthy",0.422843098702319,"healthy"
4,8,"XGBoost","CCIS00146684ST-4-0","healthy",0.690999925136566,"CRC"
4,8,"XGBoost","CCIS14449628ST-4-0","CRC",0.949879050254822,"CRC"
4,8,"XGBoost","CCIS20795251ST-4-0","healthy",0.443202555179596,"healthy"
4,8,"XGBoost","CCIS27927933ST-4-0","healthy",0.101583771407604,"healthy"
4,8,"XGBoost","CCIS46047672ST-4-0","CRC",0.0338633432984352,"healthy"
4,8,"XGBoost","CCIS50471204ST-4-0","healthy",0.196414723992348,"healthy"
4,8,"XGBoost","CCIS55230578ST-4-0","CRC",0.763820350170135,"CRC"
4,8,"XGBoost","CCIS82146115ST-4-0","CRC",0.0823221653699875,"healthy"
4,8,"XGBoost","CCIS82944710ST-20-0","healthy",0.0924592390656471,"healthy"
4,9,"BinaryLogistic","CCIS09568613ST-4-0","healthy",0.000000000000000222044604925031,"healthy"
4,9,"BinaryLogistic","CCIS17669415ST-4-0","CRC",0.000000000000000222044604925031,"healthy"
4,9,"BinaryLogistic","CCIS21278152ST-4-0","CRC",1,"CRC"
4,9,"BinaryLogistic","CCIS29688262ST-20-0","healthy",0.000000000000000222044604925031,"healthy"
4,9,"BinaryLogistic","CCIS47284573ST-4-0","CRC",0.000000000000000222044604925031,"healthy"
4,9,"BinaryLogistic","CCIS48174381ST-4-0","healthy",0.000000000000000222044604925031,"healthy"
4,9,"BinaryLogistic","CCIS50003399ST-4-0","healthy",0.000000000000000222044604925031,"healthy"
4,9,"BinaryLogistic","CCIS63468405ST-4-0","healthy",0.000000000000000222044604925031,"healthy"
4,9,"BinaryLogistic","CCIS91228662ST-4-0","CRC",1,"CRC"
4,9,"RandomForest","CCIS09568613ST-4-0","healthy",0.426,"healthy"
4,9,"RandomForest","CCIS17669415ST-4-0","CRC",0.39,"healthy"
4,9,"RandomForest","CCIS21278152ST-4-0","CRC",0.748,"CRC"
4,9,"RandomForest","CCIS29688262ST-20-0","healthy",0.114,"healthy"
4,9,"RandomForest","CCIS47284573ST-4-0","CRC",0.168,"healthy"
4,9,"RandomForest","CCIS48174381ST-4-0","healthy",0.28,"healthy"
4,9,"RandomForest","CCIS50003399ST-4-0","healthy",0.026,"healthy"
4,9,"RandomForest","CCIS63468405ST-4-0","healthy",0.352,"healthy"
4,9,"RandomForest","CCIS91228662ST-4-0","CRC",0.772,"CRC"
4,9,"SVM","CCIS09568613ST-4-0","healthy",0.336595930573254,"healthy"
4,9,"SVM","CCIS17669415ST-4-0","CRC",0.488857632219741,"healthy"
4,9,"SVM","CCIS21278152ST-4-0","CRC",0.999193607671325,"CRC"
4,9,"SVM","CCIS29688262ST-20-0","healthy",0.0550376275705567,"healthy"
4,9,"SVM","CCIS47284573ST-4-0","CRC",0.335289741502227,"healthy"
4,9,"SVM","CCIS48174381ST-4-0","healthy",0.700743920739014,"CRC"
4,9,"SVM","CCIS50003399ST-4-0","healthy",0.0707334189335793,"healthy"
4,9,"SVM","CCIS63468405ST-4-0","healthy",0.696297337654397,"CRC"
4,9,"SVM","CCIS91228662ST-4-0","CRC",0.856014940939669,"CRC"
4,9,"XGBoost","CCIS09568613ST-4-0","healthy",0.486223042011261,"healthy"
4,9,"XGBoost","CCIS17669415ST-4-0","CRC",0.339282810688019,"healthy"
4,9,"XGBoost","CCIS21278152ST-4-0","CRC",0.708491444587708,"CRC"
4,9,"XGBoost","CCIS29688262ST-20-0","healthy",0.00169895112048835,"healthy"
4,9,"XGBoost","CCIS47284573ST-4-0","CRC",0.212639585137367,"healthy"
4,9,"XGBoost","CCIS48174381ST-4-0","healthy",0.152033820748329,"healthy"
4,9,"XGBoost","CCIS50003399ST-4-0","healthy",0.0041646184399724,"healthy"
4,9,"XGBoost","CCIS63468405ST-4-0","healthy",0.0140066808089614,"healthy"
4,9,"XGBoost","CCIS91228662ST-4-0","CRC",0.984018266201019,"CRC"
4,10,"BinaryLogistic","CCIS02856720ST-4-0","healthy",0.000000000000000222044604925031,"healthy"
4,10,"BinaryLogistic","CCIS13047523ST-4-0","healthy",0.000000000000000222044604925031,"healthy"
4,10,"BinaryLogistic","CCIS16383318ST-4-0","healthy",1,"CRC"
4,10,"BinaryLogistic","CCIS33816588ST-4-0","CRC",1,"CRC"
4,10,"BinaryLogistic","CCIS44757994ST-4-0","CRC",1,"CRC"
4,10,"BinaryLogistic","CCIS59132091ST-4-0","CRC",0.000000000000000222044604925031,"healthy"
4,10,"BinaryLogistic","CCIS62794166ST-4-0","CRC",0.000000000000000222044604925031,"healthy"
4,10,"BinaryLogistic","CCIS64773582ST-4-0","healthy",0.000000000000000222044604925031,"healthy"
4,10,"BinaryLogistic","CCIS95097901ST-4-0","healthy",0.000000000000000222044604925031,"healthy"
4,10,"BinaryLogistic","CCIS98832363ST-4-0","CRC",0.000000000000000222044604925031,"healthy"
4,10,"RandomForest","CCIS02856720ST-4-0","healthy",0.306,"healthy"
4,10,"RandomForest","CCIS13047523ST-4-0","healthy",0.262,"healthy"
4,10,"RandomForest","CCIS16383318ST-4-0","healthy",0.606,"CRC"
4,10,"RandomForest","CCIS33816588ST-4-0","CRC",0.808,"CRC"
4,10,"RandomForest","CCIS44757994ST-4-0","CRC",0.748,"CRC"
4,10,"RandomForest","CCIS59132091ST-4-0","CRC",0.354,"healthy"
4,10,"RandomForest","CCIS62794166ST-4-0","CRC",0.312,"healthy"
4,10,"RandomForest","CCIS64773582ST-4-0","healthy",0.346,"healthy"
4,10,"RandomForest","CCIS95097901ST-4-0","healthy",0.32,"healthy"
4,10,"RandomForest","CCIS98832363ST-4-0","CRC",0.116,"healthy"
4,10,"SVM","CCIS02856720ST-4-0","healthy",0.304254831735556,"healthy"
4,10,"SVM","CCIS13047523ST-4-0","healthy",0.052639400801867,"healthy"
4,10,"SVM","CCIS16383318ST-4-0","healthy",0.983532639985324,"CRC"
4,10,"SVM","CCIS33816588ST-4-0","CRC",0.96034888119414,"CRC"
4,10,"SVM","CCIS44757994ST-4-0","CRC",0.993957388834225,"CRC"
4,10,"SVM","CCIS59132091ST-4-0","CRC",0.099349350740999,"healthy"
4,10,"SVM","CCIS62794166ST-4-0","CRC",0.123005877965933,"healthy"
4,10,"SVM","CCIS64773582ST-4-0","healthy",0.690340049464677,"CRC"
4,10,"SVM","CCIS95097901ST-4-0","healthy",0.241719245952127,"healthy"
4,10,"SVM","CCIS98832363ST-4-0","CRC",0.095505579939182,"healthy"
4,10,"XGBoost","CCIS02856720ST-4-0","healthy",0.87926709651947,"CRC"
4,10,"XGBoost","CCIS13047523ST-4-0","healthy",0.188802406191826,"healthy"
4,10,"XGBoost","CCIS16383318ST-4-0","healthy",0.909555375576019,"CRC"
4,10,"XGBoost","CCIS33816588ST-4-0","CRC",0.993732631206512,"CRC"
4,10,"XGBoost","CCIS44757994ST-4-0","CRC",0.991775989532471,"CRC"
4,10,"XGBoost","CCIS59132091ST-4-0","CRC",0.0149134788662195,"healthy"
4,10,"XGBoost","CCIS62794166ST-4-0","CRC",0.870867788791656,"CRC"
4,10,"XGBoost","CCIS64773582ST-4-0","healthy",0.412766128778458,"healthy"
4,10,"XGBoost","CCIS95097901ST-4-0","healthy",0.0552937984466553,"healthy"
4,10,"XGBoost","CCIS98832363ST-4-0","CRC",0.0074074687436223,"healthy"
5,1,"BinaryLogistic","CCIS07277498ST-4-0","healthy",0.000000000000000222044604925031,"healthy"
5,1,"BinaryLogistic","CCIS13047523ST-4-0","healthy",0.000000000000000222044604925031,"healthy"
5,1,"BinaryLogistic","CCIS27304052ST-3-0","healthy",1,"CRC"
5,1,"BinaryLogistic","CCIS40244499ST-3-0","CRC",1,"CRC"
5,1,"BinaryLogistic","CCIS55230578ST-4-0","CRC",1,"CRC"
5,1,"BinaryLogistic","CCIS58234805ST-4-0","CRC",1,"CRC"
5,1,"BinaryLogistic","CCIS61287323ST-4-0","CRC",1,"CRC"
5,1,"BinaryLogistic","CCIS64773582ST-4-0","healthy",0.000000000000000222044604925031,"healthy"
5,1,"BinaryLogistic","CCIS95097901ST-4-0","healthy",1,"CRC"
5,1,"RandomForest","CCIS07277498ST-4-0","healthy",0.292,"healthy"
5,1,"RandomForest","CCIS13047523ST-4-0","healthy",0.372,"healthy"
5,1,"RandomForest","CCIS27304052ST-3-0","healthy",0.15,"healthy"
5,1,"RandomForest","CCIS40244499ST-3-0","CRC",0.83,"CRC"
5,1,"RandomForest","CCIS55230578ST-4-0","CRC",0.304,"healthy"
5,1,"RandomForest","CCIS58234805ST-4-0","CRC",0.8,"CRC"
5,1,"RandomForest","CCIS61287323ST-4-0","CRC",0.532,"CRC"
5,1,"RandomForest","CCIS64773582ST-4-0","healthy",0.472,"healthy"
5,1,"RandomForest","CCIS95097901ST-4-0","healthy",0.154,"healthy"
5,1,"SVM","CCIS07277498ST-4-0","healthy",0.248427682045465,"healthy"
5,1,"SVM","CCIS13047523ST-4-0","healthy",0.213254738585201,"healthy"
5,1,"SVM","CCIS27304052ST-3-0","healthy",0.378850099968715,"healthy"
5,1,"SVM","CCIS40244499ST-3-0","CRC",0.722823515593719,"CRC"
5,1,"SVM","CCIS55230578ST-4-0","CRC",0.462966970731321,"healthy"
5,1,"SVM","CCIS58234805ST-4-0","CRC",0.999353955345044,"CRC"
5,1,"SVM","CCIS61287323ST-4-0","CRC",0.265956868059761,"healthy"
5,1,"SVM","CCIS64773582ST-4-0","healthy",0.69092132492931,"CRC"
5,1,"SVM","CCIS95097901ST-4-0","healthy",0.418024403490232,"healthy"
5,1,"XGBoost","CCIS07277498ST-4-0","healthy",0.116510383784771,"healthy"
5,1,"XGBoost","CCIS13047523ST-4-0","healthy",0.230772390961647,"healthy"
5,1,"XGBoost","CCIS27304052ST-3-0","healthy",0.0051771136932075,"healthy"
5,1,"XGBoost","CCIS40244499ST-3-0","CRC",0.988258063793182,"CRC"
5,1,"XGBoost","CCIS55230578ST-4-0","CRC",0.423718094825745,"healthy"
5,1,"XGBoost","CCIS58234805ST-4-0","CRC",0.92166930437088,"CRC"
5,1,"XGBoost","CCIS61287323ST-4-0","CRC",0.005400903057307,"healthy"
5,1,"XGBoost","CCIS64773582ST-4-0","healthy",0.431047379970551,"healthy"
5,1,"XGBoost","CCIS95097901ST-4-0","healthy",0.0834126397967339,"healthy"
5,2,"BinaryLogistic","CCIS21278152ST-4-0","CRC",1,"CRC"
5,2,"BinaryLogistic","CCIS27927933ST-4-0","healthy",1,"CRC"
5,2,"BinaryLogistic","CCIS29688262ST-20-0","healthy",0.000000000000000222044604925031,"healthy"
5,2,"BinaryLogistic","CCIS38765456ST-20-0","CRC",1,"CRC"
5,2,"BinaryLogistic","CCIS50148151ST-4-0","CRC",1,"CRC"
5,2,"BinaryLogistic","CCIS50471204ST-4-0","healthy",0.000000000000000222044604925031,"healthy"
5,2,"BinaryLogistic","CCIS52370277ST-4-0","CRC",0.000000000000000222044604925031,"healthy"
5,2,"BinaryLogistic","CCIS82944710ST-20-0","healthy",0.000000000000000222044604925031,"healthy"
5,2,"BinaryLogistic","CCIS94417875ST-3-0","healthy",0.000000000000000222044604925031,"healthy"
5,2,"BinaryLogistic","CCIS98512455ST-4-0","CRC",1,"CRC"
5,2,"RandomForest","CCIS21278152ST-4-0","CRC",0.688,"CRC"
5,2,"RandomForest","CCIS27927933ST-4-0","healthy",0.278,"healthy"
5,2,"RandomForest","CCIS29688262ST-20-0","healthy",0.246,"healthy"
5,2,"RandomForest","CCIS38765456ST-20-0","CRC",0.842,"CRC"
5,2,"RandomForest","CCIS50148151ST-4-0","CRC",0.366,"healthy"
5,2,"RandomForest","CCIS50471204ST-4-0","healthy",0.252,"healthy"
5,2,"RandomForest","CCIS52370277ST-4-0","CRC",0.52,"CRC"
5,2,"RandomForest","CCIS82944710ST-20-0","healthy",0.17,"healthy"
5,2,"RandomForest","CCIS94417875ST-3-0","healthy",0.15,"healthy"
5,2,"RandomForest","CCIS98512455ST-4-0","CRC",0.688,"CRC"
5,2,"SVM","CCIS21278152ST-4-0","CRC",0.979912951240046,"CRC"
5,2,"SVM","CCIS27927933ST-4-0","healthy",0.452723452318522,"healthy"
5,2,"SVM","CCIS29688262ST-20-0","healthy",0.0650402094150846,"healthy"
5,2,"SVM","CCIS38765456ST-20-0","CRC",0.987044711189026,"CRC"
5,2,"SVM","CCIS50148151ST-4-0","CRC",0.722171903205261,"CRC"
5,2,"SVM","CCIS50471204ST-4-0","healthy",0.312821701253365,"healthy"
5,2,"SVM","CCIS52370277ST-4-0","CRC",0.52799015080656,"CRC"
5,2,"SVM","CCIS82944710ST-20-0","healthy",0.148958044577671,"healthy"
5,2,"SVM","CCIS94417875ST-3-0","healthy",0.18246787714242,"healthy"
5,2,"SVM","CCIS98512455ST-4-0","CRC",0.986533658368546,"CRC"
5,2,"XGBoost","CCIS21278152ST-4-0","CRC",0.393419325351715,"healthy"
5,2,"XGBoost","CCIS27927933ST-4-0","healthy",0.232990562915802,"healthy"
5,2,"XGBoost","CCIS29688262ST-20-0","healthy",0.00721566053107381,"healthy"
5,2,"XGBoost","CCIS38765456ST-20-0","CRC",0.975634872913361,"CRC"
5,2,"XGBoost","CCIS50148151ST-4-0","CRC",0.0131391584873199,"healthy"
5,2,"XGBoost","CCIS50471204ST-4-0","healthy",0.332170724868774,"healthy"
5,2,"XGBoost","CCIS52370277ST-4-0","CRC",0.972900390625,"CRC"
5,2,"XGBoost","CCIS82944710ST-20-0","healthy",0.00597189180552959,"healthy"
5,2,"XGBoost","CCIS94417875ST-3-0","healthy",0.00651582237333059,"healthy"
5,2,"XGBoost","CCIS98512455ST-4-0","CRC",0.986011505126953,"CRC"
5,3,"BinaryLogistic","CCIS09568613ST-4-0","healthy",1,"CRC"
5,3,"BinaryLogistic","CCIS16561622ST-4-0","healthy",1,"CRC"
5,3,"BinaryLogistic","CCIS36797902ST-4-0","healthy",0.000000000000000222044604925031,"healthy"
5,3,"BinaryLogistic","CCIS53043478ST-4-0","CRC",1,"CRC"
5,3,"BinaryLogistic","CCIS62794166ST-4-0","CRC",0.000000000000000222044604925031,"healthy"
5,3,"BinaryLogistic","CCIS78318719ST-4-0","CRC",0.0955807615223876,"healthy"
5,3,"BinaryLogistic","CCIS79210440ST-3-0","healthy",0.000000000314971190565383,"healthy"
5,3,"BinaryLogistic","CCIS84543192ST-4-0","CRC",1,"CRC"
5,3,"RandomForest","CCIS09568613ST-4-0","healthy",0.512,"CRC"
5,3,"RandomForest","CCIS16561622ST-4-0","healthy",0.518,"CRC"
5,3,"RandomForest","CCIS36797902ST-4-0","healthy",0.508,"CRC"
5,3,"RandomForest","CCIS53043478ST-4-0","CRC",0.756,"CRC"
5,3,"RandomForest","CCIS62794166ST-4-0","CRC",0.31,"healthy"
5,3,"RandomForest","CCIS78318719ST-4-0","CRC",0.638,"CRC"
5,3,"RandomForest","CCIS79210440ST-3-0","healthy",0.398,"healthy"
5,3,"RandomForest","CCIS84543192ST-4-0","CRC",0.642,"CRC"
5,3,"SVM","CCIS09568613ST-4-0","healthy",0.31637285412898,"healthy"
5,3,"SVM","CCIS16561622ST-4-0","healthy",0.940224689789772,"CRC"
5,3,"SVM","CCIS36797902ST-4-0","healthy",0.998945720375195,"CRC"
5,3,"SVM","CCIS53043478ST-4-0","CRC",0.343168383021105,"healthy"
5,3,"SVM","CCIS62794166ST-4-0","CRC",0.203504366283644,"healthy"
5,3,"SVM","CCIS78318719ST-4-0","CRC",0.941266655350816,"CRC"
5,3,"SVM","CCIS79210440ST-3-0","healthy",0.32588724945378,"healthy"
5,3,"SVM","CCIS84543192ST-4-0","CRC",0.348807482806829,"healthy"
5,3,"XGBoost","CCIS09568613ST-4-0","healthy",0.76054573059082,"CRC"
5,3,"XGBoost","CCIS16561622ST-4-0","healthy",0.979229986667633,"CRC"
5,3,"XGBoost","CCIS36797902ST-4-0","healthy",0.870121002197266,"CRC"
5,3,"XGBoost","CCIS53043478ST-4-0","CRC",0.971931219100952,"CRC"
5,3,"XGBoost","CCIS62794166ST-4-0","CRC",0.23033344745636,"healthy"
5,3,"XGBoost","CCIS78318719ST-4-0","CRC",0.966546058654785,"CRC"
5,3,"XGBoost","CCIS79210440ST-3-0","healthy",0.69929975271225,"CRC"
5,3,"XGBoost","CCIS84543192ST-4-0","CRC",0.978160977363586,"CRC"
5,4,"BinaryLogistic","CCIS05314658ST-4-0","healthy",0.000000000000000222044604925031,"healthy"
5,4,"BinaryLogistic","CCIS41288781ST-4-0","CRC",1,"CRC"
5,4,"BinaryLogistic","CCIS44757994ST-4-0","CRC",1,"CRC"
5,4,"BinaryLogistic","CCIS46467422ST-4-0","CRC",1,"CRC"
5,4,"BinaryLogistic","CCIS47284573ST-4-0","CRC",0.000000000000000222044604925031,"healthy"
5,4,"BinaryLogistic","CCIS63448910ST-4-0","healthy",0.000000000000000222044604925031,"healthy"
5,4,"BinaryLogistic","CCIS71578391ST-4-0","healthy",0.000000000000000222044604925031,"healthy"
5,4,"BinaryLogistic","CCIS81139242ST-4-0","healthy",0.000000000000000222044604925031,"healthy"
5,4,"BinaryLogistic","CCIS93040568ST-20-0","healthy",1,"CRC"
5,4,"RandomForest","CCIS05314658ST-4-0","healthy",0.214,"healthy"
5,4,"RandomForest","CCIS41288781ST-4-0","CRC",0.424,"healthy"
5,4,"RandomForest","CCIS44757994ST-4-0","CRC",0.816,"CRC"
5,4,"RandomForest","CCIS46467422ST-4-0","CRC",0.168,"healthy"
5,4,"RandomForest","CCIS47284573ST-4-0","CRC",0.19,"healthy"
5,4,"RandomForest","CCIS63448910ST-4-0","healthy",0.562,"CRC"
5,4,"RandomForest","CCIS71578391ST-4-0","healthy",0.116,"healthy"
5,4,"RandomForest","CCIS81139242ST-4-0","healthy",0.266,"healthy"
5,4,"RandomForest","CCIS93040568ST-20-0","healthy",0.572,"CRC"
5,4,"SVM","CCIS05314658ST-4-0","healthy",0.372922742817212,"healthy"
5,4,"SVM","CCIS41288781ST-4-0","CRC",0.997637164838162,"CRC"
5,4,"SVM","CCIS44757994ST-4-0","CRC",0.97274496115464,"CRC"
5,4,"SVM","CCIS46467422ST-4-0","CRC",0.541584006504884,"CRC"
5,4,"SVM","CCIS47284573ST-4-0","CRC",0.342709006312805,"healthy"
5,4,"SVM","CCIS63448910ST-4-0","healthy",0.277564262853505,"healthy"
5,4,"SVM","CCIS71578391ST-4-0","healthy",0.0949612907595969,"healthy"
5,4,"SVM","CCIS81139242ST-4-0","healthy",0.172271683867251,"healthy"
5,4,"SVM","CCIS93040568ST-20-0","healthy",0.842973396275382,"CRC"
5,4,"XGBoost","CCIS05314658ST-4-0","healthy",0.328327715396881,"healthy"
5,4,"XGBoost","CCIS41288781ST-4-0","CRC",0.894878506660461,"CRC"
5,4,"XGBoost","CCIS44757994ST-4-0","CRC",0.993202030658722,"CRC"
5,4,"XGBoost","CCIS46467422ST-4-0","CRC",0.0187452118843794,"healthy"
5,4,"XGBoost","CCIS47284573ST-4-0","CRC",0.337699890136719,"healthy"
5,4,"XGBoost","CCIS63448910ST-4-0","healthy",0.792174756526947,"CRC"
5,4,"XGBoost","CCIS71578391ST-4-0","healthy",0.0115138618275523,"healthy"
5,4,"XGBoost","CCIS81139242ST-4-0","healthy",0.0539499968290329,"healthy"
5,4,"XGBoost","CCIS93040568ST-20-0","healthy",0.420157015323639,"healthy"
5,5,"BinaryLogistic","CCIS20795251ST-4-0","healthy",0.000000000000000222044604925031,"healthy"
5,5,"BinaryLogistic","CCIS32452666ST-4-0","healthy",0.000000000000000222044604925031,"healthy"
5,5,"BinaryLogistic","CCIS41548810ST-4-0","CRC",0.000000000000000222044604925031,"healthy"
5,5,"BinaryLogistic","CCIS44093303ST-4-0","healthy",1,"CRC"
5,5,"BinaryLogistic","CCIS53355328ST-4-0","CRC",1,"CRC"
5,5,"BinaryLogistic","CCIS59132091ST-4-0","CRC",1,"CRC"
5,5,"BinaryLogistic","CCIS77252613ST-4-0","CRC",0.000000000000000222044604925031,"healthy"
5,5,"BinaryLogistic","CCIS88007743ST-4-0","healthy",0.000000000000000222044604925031,"healthy"
5,5,"BinaryLogistic","CCIS98482370ST-3-0","healthy",0.000000000000000222044604925031,"healthy"
5,5,"RandomForest","CCIS20795251ST-4-0","healthy",0.37,"healthy"
5,5,"RandomForest","CCIS32452666ST-4-0","healthy",0.386,"healthy"
5,5,"RandomForest","CCIS41548810ST-4-0","CRC",0.528,"CRC"
5,5,"RandomForest","CCIS44093303ST-4-0","healthy",0.472,"healthy"
5,5,"RandomForest","CCIS53355328ST-4-0","CRC",0.374,"healthy"
5,5,"RandomForest","CCIS59132091ST-4-0","CRC",0.416,"healthy"
5,5,"RandomForest","CCIS77252613ST-4-0","CRC",0.208,"healthy"
5,5,"RandomForest","CCIS88007743ST-4-0","healthy",0.45,"healthy"
5,5,"RandomForest","CCIS98482370ST-3-0","healthy",0.196,"healthy"
5,5,"SVM","CCIS20795251ST-4-0","healthy",0.292696112570876,"healthy"
5,5,"SVM","CCIS32452666ST-4-0","healthy",0.27646990596105,"healthy"
5,5,"SVM","CCIS41548810ST-4-0","CRC",0.566699210228767,"CRC"
5,5,"SVM","CCIS44093303ST-4-0","healthy",0.360185186673271,"healthy"
5,5,"SVM","CCIS53355328ST-4-0","CRC",0.169886495522875,"healthy"
5,5,"SVM","CCIS59132091ST-4-0","CRC",0.309055765952762,"healthy"
5,5,"SVM","CCIS77252613ST-4-0","CRC",0.289550928293093,"healthy"
5,5,"SVM","CCIS88007743ST-4-0","healthy",0.270265763237486,"healthy"
5,5,"SVM","CCIS98482370ST-3-0","healthy",0.217168921728425,"healthy"
5,5,"XGBoost","CCIS20795251ST-4-0","healthy",0.582709312438965,"CRC"
5,5,"XGBoost","CCIS32452666ST-4-0","healthy",0.0681024193763733,"healthy"
5,5,"XGBoost","CCIS41548810ST-4-0","CRC",0.475351989269257,"healthy"
5,5,"XGBoost","CCIS44093303ST-4-0","healthy",0.805382668972015,"CRC"
5,5,"XGBoost","CCIS53355328ST-4-0","CRC",0.00565512012690306,"healthy"
5,5,"XGBoost","CCIS59132091ST-4-0","CRC",0.612076461315155,"CRC"
5,5,"XGBoost","CCIS77252613ST-4-0","CRC",0.0550926961004734,"healthy"
5,5,"XGBoost","CCIS88007743ST-4-0","healthy",0.0485380887985229,"healthy"
5,5,"XGBoost","CCIS98482370ST-3-0","healthy",0.0198172274976969,"healthy"
5,6,"BinaryLogistic","CCIS03473770ST-4-0","healthy",0.0551074029137641,"healthy"
5,6,"BinaryLogistic","CCIS07539127ST-4-0","healthy",0.658822640439702,"CRC"
5,6,"BinaryLogistic","CCIS10706551ST-3-0","healthy",0.0350328634731501,"healthy"
5,6,"BinaryLogistic","CCIS12370844ST-4-0","CRC",0.428772865916126,"healthy"
5,6,"BinaryLogistic","CCIS23164343ST-4-0","healthy",0.0424287888864921,"healthy"
5,6,"BinaryLogistic","CCIS41222843ST-4-0","CRC",0.122904959966151,"healthy"
5,6,"BinaryLogistic","CCIS76845094ST-20-0","CRC",1,"CRC"
5,6,"BinaryLogistic","CCIS82507866ST-3-0","healthy",0.15332303054578,"healthy"
5,6,"BinaryLogistic","CCIS87116798ST-4-0","CRC",1,"CRC"
5,6,"BinaryLogistic","CCIS98832363ST-4-0","CRC",0.304760496932262,"healthy"
5,6,"RandomForest","CCIS03473770ST-4-0","healthy",0.218,"healthy"
5,6,"RandomForest","CCIS07539127ST-4-0","healthy",0.358,"healthy"
5,6,"RandomForest","CCIS10706551ST-3-0","healthy",0.24,"healthy"
5,6,"RandomForest","CCIS12370844ST-4-0","CRC",0.494,"healthy"
5,6,"RandomForest","CCIS23164343ST-4-0","healthy",0.096,"healthy"
5,6,"RandomForest","CCIS41222843ST-4-0","CRC",0.238,"healthy"
5,6,"RandomForest","CCIS76845094ST-20-0","CRC",0.774,"CRC"
5,6,"RandomForest","CCIS82507866ST-3-0","healthy",0.308,"healthy"
5,6,"RandomForest","CCIS87116798ST-4-0","CRC",0.748,"CRC"
5,6,"RandomForest","CCIS98832363ST-4-0","CRC",0.204,"healthy"
5,6,"SVM","CCIS03473770ST-4-0","healthy",0.169095275869894,"healthy"
5,6,"SVM","CCIS07539127ST-4-0","healthy",0.521815635563225,"CRC"
5,6,"SVM","CCIS10706551ST-3-0","healthy",0.264481397376592,"healthy"
5,6,"SVM","CCIS12370844ST-4-0","CRC",0.956065569739944,"CRC"
5,6,"SVM","CCIS23164343ST-4-0","healthy",0.0715735384224601,"healthy"
5,6,"SVM","CCIS41222843ST-4-0","CRC",0.142394342627705,"healthy"
5,6,"SVM","CCIS76845094ST-20-0","CRC",0.752647316713023,"CRC"
5,6,"SVM","CCIS82507866ST-3-0","healthy",0.40682347700506,"healthy"
5,6,"SVM","CCIS87116798ST-4-0","CRC",0.729777506990834,"CRC"
5,6,"SVM","CCIS98832363ST-4-0","CRC",0.304708353428753,"healthy"
5,6,"XGBoost","CCIS03473770ST-4-0","healthy",0.0458547994494438,"healthy"
5,6,"XGBoost","CCIS07539127ST-4-0","healthy",0.640452980995178,"CRC"
5,6,"XGBoost","CCIS10706551ST-3-0","healthy",0.0320693477988243,"healthy"
5,6,"XGBoost","CCIS12370844ST-4-0","CRC",0.386801868677139,"healthy"
5,6,"XGBoost","CCIS23164343ST-4-0","healthy",0.0019697796087712,"healthy"
5,6,"XGBoost","CCIS41222843ST-4-0","CRC",0.460223108530045,"healthy"
5,6,"XGBoost","CCIS76845094ST-20-0","CRC",0.952871084213257,"CRC"
5,6,"XGBoost","CCIS82507866ST-3-0","healthy",0.19188180565834,"healthy"
5,6,"XGBoost","CCIS87116798ST-4-0","CRC",0.971830189228058,"CRC"
5,6,"XGBoost","CCIS98832363ST-4-0","CRC",0.0500766597688198,"healthy"
5,7,"BinaryLogistic","CCIS21126322ST-4-0","healthy",0.000000000000000222044604925031,"healthy"
5,7,"BinaryLogistic","CCIS41692898ST-4-0","healthy",0.000000000000000222044604925031,"healthy"
5,7,"BinaryLogistic","CCIS45571137ST-3-0","healthy",0.000000000000000222044604925031,"healthy"
5,7,"BinaryLogistic","CCIS63468405ST-4-0","healthy",0.000000000000000222044604925031,"healthy"
5,7,"BinaryLogistic","CCIS63910149ST-4-0","healthy",0.000000000000000222044604925031,"healthy"
5,7,"BinaryLogistic","CCIS71301801ST-4-0","CRC",1,"CRC"
5,7,"BinaryLogistic","CCIS82146115ST-4-0","CRC",1,"CRC"
5,7,"BinaryLogistic","CCIS85214191ST-3-0","CRC",1,"CRC"
5,7,"BinaryLogistic","CCIS91228662ST-4-0","CRC",1,"CRC"
5,7,"RandomForest","CCIS21126322ST-4-0","healthy",0.124,"healthy"
5,7,"RandomForest","CCIS41692898ST-4-0","healthy",0.096,"healthy"
5,7,"RandomForest","CCIS45571137ST-3-0","healthy",0.496,"healthy"
5,7,"RandomForest","CCIS63468405ST-4-0","healthy",0.254,"healthy"
5,7,"RandomForest","CCIS63910149ST-4-0","healthy",0.228,"healthy"
5,7,"RandomForest","CCIS71301801ST-4-0","CRC",0.9,"CRC"
5,7,"RandomForest","CCIS82146115ST-4-0","CRC",0.314,"healthy"
5,7,"RandomForest","CCIS85214191ST-3-0","CRC",0.638,"CRC"
5,7,"RandomForest","CCIS91228662ST-4-0","CRC",0.762,"CRC"
5,7,"SVM","CCIS21126322ST-4-0","healthy",0.00360188826516072,"healthy"
5,7,"SVM","CCIS41692898ST-4-0","healthy",0.0107914923408743,"healthy"
5,7,"SVM","CCIS45571137ST-3-0","healthy",0.261908971853329,"healthy"
5,7,"SVM","CCIS63468405ST-4-0","healthy",0.235868828388404,"healthy"
5,7,"SVM","CCIS63910149ST-4-0","healthy",0.256441639091548,"healthy"
5,7,"SVM","CCIS71301801ST-4-0","CRC",0.996372350834703,"CRC"
5,7,"SVM","CCIS82146115ST-4-0","CRC",0.549235831661035,"CRC"
5,7,"SVM","CCIS85214191ST-3-0","CRC",0.650491266142552,"CRC"
5,7,"SVM","CCIS91228662ST-4-0","CRC",0.943481881230744,"CRC"
5,7,"XGBoost","CCIS21126322ST-4-0","healthy",0.0212076343595982,"healthy"
5,7,"XGBoost","CCIS41692898ST-4-0","healthy",0.03658626973629,"healthy"
5,7,"XGBoost","CCIS45571137ST-3-0","healthy",0.580066382884979,"CRC"
5,7,"XGBoost","CCIS63468405ST-4-0","healthy",0.00279730139300227,"healthy"
5,7,"XGBoost","CCIS63910149ST-4-0","healthy",0.0454326272010803,"healthy"
5,7,"XGBoost","CCIS71301801ST-4-0","CRC",0.996787190437317,"CRC"
5,7,"XGBoost","CCIS82146115ST-4-0","CRC",0.0203322879970074,"healthy"
5,7,"XGBoost","CCIS85214191ST-3-0","CRC",0.693837583065033,"CRC"
5,7,"XGBoost","CCIS91228662ST-4-0","CRC",0.983495891094208,"CRC"
5,8,"BinaryLogistic","CCIS02124300ST-4-0","healthy",1,"CRC"
5,8,"BinaryLogistic","CCIS02856720ST-4-0","healthy",0.000000000000000222044604925031,"healthy"
5,8,"BinaryLogistic","CCIS11015875ST-4-0","CRC",0.000000000000000222044604925031,"healthy"
5,8,"BinaryLogistic","CCIS11354283ST-4-0","healthy",1,"CRC"
5,8,"BinaryLogistic","CCIS17669415ST-4-0","CRC",0.000000000000000222044604925031,"healthy"
5,8,"BinaryLogistic","CCIS33816588ST-4-0","CRC",1,"CRC"
5,8,"BinaryLogistic","CCIS45793747ST-4-0","healthy",0.000000000000000222044604925031,"healthy"
5,8,"BinaryLogistic","CCIS48174381ST-4-0","healthy",0.000000000000000222044604925031,"healthy"
5,8,"BinaryLogistic","CCIS83870198ST-4-0","CRC",0.000000000000000222044604925031,"healthy"
5,8,"RandomForest","CCIS02124300ST-4-0","healthy",0.392,"healthy"
5,8,"RandomForest","CCIS02856720ST-4-0","healthy",0.198,"healthy"
5,8,"RandomForest","CCIS11015875ST-4-0","CRC",0.882,"CRC"
5,8,"RandomForest","CCIS11354283ST-4-0","healthy",0.146,"healthy"
5,8,"RandomForest","CCIS17669415ST-4-0","CRC",0.322,"healthy"
5,8,"RandomForest","CCIS33816588ST-4-0","CRC",0.908,"CRC"
5,8,"RandomForest","CCIS45793747ST-4-0","healthy",0.08,"healthy"
5,8,"RandomForest","CCIS48174381ST-4-0","healthy",0.422,"healthy"
5,8,"RandomForest","CCIS83870198ST-4-0","CRC",0.332,"healthy"
5,8,"SVM","CCIS02124300ST-4-0","healthy",0.660399959508504,"CRC"
5,8,"SVM","CCIS02856720ST-4-0","healthy",0.225993999619706,"healthy"
5,8,"SVM","CCIS11015875ST-4-0","CRC",0.995400598587479,"CRC"
5,8,"SVM","CCIS11354283ST-4-0","healthy",0.218306962688959,"healthy"
5,8,"SVM","CCIS17669415ST-4-0","CRC",0.0655523474022004,"healthy"
5,8,"SVM","CCIS33816588ST-4-0","CRC",0.999990806648557,"CRC"
5,8,"SVM","CCIS45793747ST-4-0","healthy",0.269378835511038,"healthy"
5,8,"SVM","CCIS48174381ST-4-0","healthy",0.433411573250473,"healthy"
5,8,"SVM","CCIS83870198ST-4-0","CRC",0.761209191406381,"CRC"
5,8,"XGBoost","CCIS02124300ST-4-0","healthy",0.566000878810883,"CRC"
5,8,"XGBoost","CCIS02856720ST-4-0","healthy",0.372587293386459,"healthy"
5,8,"XGBoost","CCIS11015875ST-4-0","CRC",0.997855365276337,"CRC"
5,8,"XGBoost","CCIS11354283ST-4-0","healthy",0.0233946871012449,"healthy"
5,8,"XGBoost","CCIS17669415ST-4-0","CRC",0.136562213301659,"healthy"
5,8,"XGBoost","CCIS33816588ST-4-0","CRC",0.999596774578094,"CRC"
5,8,"XGBoost","CCIS45793747ST-4-0","healthy",0.000424262514570728,"healthy"
5,8,"XGBoost","CCIS48174381ST-4-0","healthy",0.311266124248505,"healthy"
5,8,"XGBoost","CCIS83870198ST-4-0","CRC",0.702153384685516,"CRC"
5,9,"BinaryLogistic","CCIS00146684ST-4-0","healthy",0.468011435063769,"healthy"
5,9,"BinaryLogistic","CCIS14449628ST-4-0","CRC",1,"CRC"
5,9,"BinaryLogistic","CCIS15794887ST-4-0","healthy",0.00203641780708189,"healthy"
5,9,"BinaryLogistic","CCIS16326685ST-4-0","healthy",0.222962128505395,"healthy"
5,9,"BinaryLogistic","CCIS34055159ST-4-0","CRC",1,"CRC"
5,9,"BinaryLogistic","CCIS34604008ST-4-0","healthy",0.0734288157923036,"healthy"
5,9,"BinaryLogistic","CCIS46047672ST-4-0","CRC",0.0000214400129264246,"healthy"
5,9,"BinaryLogistic","CCIS78100604ST-4-0","healthy",0.319000340829729,"healthy"
5,9,"BinaryLogistic","CCIS87252800ST-4-0","CRC",0.998746882098099,"CRC"
5,9,"RandomForest","CCIS00146684ST-4-0","healthy",0.414,"healthy"
5,9,"RandomForest","CCIS14449628ST-4-0","CRC",0.81,"CRC"
5,9,"RandomForest","CCIS15794887ST-4-0","healthy",0.17,"healthy"
5,9,"RandomForest","CCIS16326685ST-4-0","healthy",0.586,"CRC"
5,9,"RandomForest","CCIS34055159ST-4-0","CRC",0.786,"CRC"
5,9,"RandomForest","CCIS34604008ST-4-0","healthy",0.244,"healthy"
5,9,"RandomForest","CCIS46047672ST-4-0","CRC",0.25,"healthy"
5,9,"RandomForest","CCIS78100604ST-4-0","healthy",0.302,"healthy"
5,9,"RandomForest","CCIS87252800ST-4-0","CRC",0.686,"CRC"
5,9,"SVM","CCIS00146684ST-4-0","healthy",0.782783065820017,"CRC"
5,9,"SVM","CCIS14449628ST-4-0","CRC",0.983034780294661,"CRC"
5,9,"SVM","CCIS15794887ST-4-0","healthy",0.194350086738931,"healthy"
5,9,"SVM","CCIS16326685ST-4-0","healthy",0.702155039116236,"CRC"
5,9,"SVM","CCIS34055159ST-4-0","CRC",0.539454165116736,"CRC"
5,9,"SVM","CCIS34604008ST-4-0","healthy",0.325050287982094,"healthy"
5,9,"SVM","CCIS46047672ST-4-0","CRC",0.13302828387737,"healthy"
5,9,"SVM","CCIS78100604ST-4-0","healthy",0.25000951103718,"healthy"
5,9,"SVM","CCIS87252800ST-4-0","CRC",0.924696569245419,"CRC"
5,9,"XGBoost","CCIS00146684ST-4-0","healthy",0.265540659427643,"healthy"
5,9,"XGBoost","CCIS14449628ST-4-0","CRC",0.644620299339294,"CRC"
5,9,"XGBoost","CCIS15794887ST-4-0","healthy",0.152074113488197,"healthy"
5,9,"XGBoost","CCIS16326685ST-4-0","healthy",0.967987954616547,"CRC"
5,9,"XGBoost","CCIS34055159ST-4-0","CRC",0.928313016891479,"CRC"
5,9,"XGBoost","CCIS34604008ST-4-0","healthy",0.0169271118938923,"healthy"
5,9,"XGBoost","CCIS46047672ST-4-0","CRC",0.0203443430364132,"healthy"
5,9,"XGBoost","CCIS78100604ST-4-0","healthy",0.0720891878008842,"healthy"
5,9,"XGBoost","CCIS87252800ST-4-0","CRC",0.948375046253204,"CRC"
5,10,"BinaryLogistic","CCIS02379307ST-4-0","CRC",0.000000000000000222044604925031,"healthy"
5,10,"BinaryLogistic","CCIS11558985ST-4-0","healthy",0.000000000000000222044604925031,"healthy"
5,10,"BinaryLogistic","CCIS16383318ST-4-0","healthy",0.000000000000000222044604925031,"healthy"
5,10,"BinaryLogistic","CCIS22958137ST-20-0","CRC",1,"CRC"
5,10,"BinaryLogistic","CCIS50003399ST-4-0","healthy",0.000000000000000222044604925031,"healthy"
5,10,"BinaryLogistic","CCIS62605362ST-3-0","CRC",0.000000000000000222044604925031,"healthy"
5,10,"BinaryLogistic","CCIS64785924ST-20-0","healthy",0.000000000000000222044604925031,"healthy"
5,10,"BinaryLogistic","CCIS80834637ST-4-0","healthy",0.000000000000000222044604925031,"healthy"
5,10,"BinaryLogistic","CCIS87167916ST-4-0","CRC",1,"CRC"
5,10,"BinaryLogistic","CCIS87605453ST-4-0","CRC",1,"CRC"
5,10,"RandomForest","CCIS02379307ST-4-0","CRC",0.564,"CRC"
5,10,"RandomForest","CCIS11558985ST-4-0","healthy",0.216,"healthy"
5,10,"RandomForest","CCIS16383318ST-4-0","healthy",0.506,"CRC"
5,10,"RandomForest","CCIS22958137ST-20-0","CRC",0.706,"CRC"
5,10,"RandomForest","CCIS50003399ST-4-0","healthy",0.158,"healthy"
5,10,"RandomForest","CCIS62605362ST-3-0","CRC",0.482,"healthy"
5,10,"RandomForest","CCIS64785924ST-20-0","healthy",0.178,"healthy"
5,10,"RandomForest","CCIS80834637ST-4-0","healthy",0.312,"healthy"
5,10,"RandomForest","CCIS87167916ST-4-0","CRC",0.758,"CRC"
5,10,"RandomForest","CCIS87605453ST-4-0","CRC",0.806,"CRC"
5,10,"SVM","CCIS02379307ST-4-0","CRC",0.87598027491287,"CRC"
5,10,"SVM","CCIS11558985ST-4-0","healthy",0.328021879109271,"healthy"
5,10,"SVM","CCIS16383318ST-4-0","healthy",0.996734812216594,"CRC"
5,10,"SVM","CCIS22958137ST-20-0","CRC",0.988725425400059,"CRC"
5,10,"SVM","CCIS50003399ST-4-0","healthy",0.0959922119703265,"healthy"
5,10,"SVM","CCIS62605362ST-3-0","CRC",0.335993276043179,"healthy"
5,10,"SVM","CCIS64785924ST-20-0","healthy",0.191497765832382,"healthy"
5,10,"SVM","CCIS80834637ST-4-0","healthy",0.350653170569161,"healthy"
5,10,"SVM","CCIS87167916ST-4-0","CRC",0.999811104407554,"CRC"
5,10,"SVM","CCIS87605453ST-4-0","CRC",0.97015549214779,"CRC"
5,10,"XGBoost","CCIS02379307ST-4-0","CRC",0.75638610124588,"CRC"
5,10,"XGBoost","CCIS11558985ST-4-0","healthy",0.389925748109818,"healthy"
5,10,"XGBoost","CCIS16383318ST-4-0","healthy",0.160624772310257,"healthy"
5,10,"XGBoost","CCIS22958137ST-20-0","CRC",0.384253531694412,"healthy"
5,10,"XGBoost","CCIS50003399ST-4-0","healthy",0.0983434394001961,"healthy"
5,10,"XGBoost","CCIS62605362ST-3-0","CRC",0.621235251426697,"CRC"
5,10,"XGBoost","CCIS64785924ST-20-0","healthy",0.167063489556313,"healthy"
5,10,"XGBoost","CCIS80834637ST-4-0","healthy",0.104557856917381,"healthy"
5,10,"XGBoost","CCIS87167916ST-4-0","CRC",0.993447124958038,"CRC"
5,10,"XGBoost","CCIS87605453ST-4-0","CRC",0.995789110660553,"CRC"
