"Iteration","Warning"
1,"getImp result contains NA(s) or NaN(s); replacing with 0(s), yet this is suspicious."
1,"getImp result contains NA(s) or NaN(s); replacing with 0(s), yet this is suspicious."
1,"getImp result contains NA(s) or NaN(s); replacing with 0(s), yet this is suspicious."
1,"getImp result contains NA(s) or NaN(s); replacing with 0(s), yet this is suspicious."
1,"getImp result contains NA(s) or NaN(s); replacing with 0(s), yet this is suspicious."
1,"getImp result contains NA(s) or NaN(s); replacing with 0(s), yet this is suspicious."
1,"getImp result contains NA(s) or NaN(s); replacing with 0(s), yet this is suspicious."
1,"getImp result contains NA(s) or NaN(s); replacing with 0(s), yet this is suspicious."
1,"getImp result contains NA(s) or NaN(s); replacing with 0(s), yet this is suspicious."
1,"getImp result contains NA(s) or NaN(s); replacing with 0(s), yet this is suspicious."
1,"getImp result contains NA(s) or NaN(s); replacing with 0(s), yet this is suspicious."
1,"getImp result contains NA(s) or NaN(s); replacing with 0(s), yet this is suspicious."
1,"getImp result contains NA(s) or NaN(s); replacing with 0(s), yet this is suspicious."
1,"getImp result contains NA(s) or NaN(s); replacing with 0(s), yet this is suspicious."
1,"getImp result contains NA(s) or NaN(s); replacing with 0(s), yet this is suspicious."
2,"getImp result contains NA(s) or NaN(s); replacing with 0(s), yet this is suspicious."
2,"getImp result contains NA(s) or NaN(s); replacing with 0(s), yet this is suspicious."
2,"getImp result contains NA(s) or NaN(s); replacing with 0(s), yet this is suspicious."
2,"getImp result contains NA(s) or NaN(s); replacing with 0(s), yet this is suspicious."
2,"getImp result contains NA(s) or NaN(s); replacing with 0(s), yet this is suspicious."
2,"getImp result contains NA(s) or NaN(s); replacing with 0(s), yet this is suspicious."
2,"getImp result contains NA(s) or NaN(s); replacing with 0(s), yet this is suspicious."
2,"getImp result contains NA(s) or NaN(s); replacing with 0(s), yet this is suspicious."
2,"getImp result contains NA(s) or NaN(s); replacing with 0(s), yet this is suspicious."
2,"getImp result contains NA(s) or NaN(s); replacing with 0(s), yet this is suspicious."
2,"getImp result contains NA(s) or NaN(s); replacing with 0(s), yet this is suspicious."
2,"getImp result contains NA(s) or NaN(s); replacing with 0(s), yet this is suspicious."
2,"getImp result contains NA(s) or NaN(s); replacing with 0(s), yet this is suspicious."
2,"getImp result contains NA(s) or NaN(s); replacing with 0(s), yet this is suspicious."
2,"getImp result contains NA(s) or NaN(s); replacing with 0(s), yet this is suspicious."
2,"getImp result contains NA(s) or NaN(s); replacing with 0(s), yet this is suspicious."
3,"getImp result contains NA(s) or NaN(s); replacing with 0(s), yet this is suspicious."
3,"getImp result contains NA(s) or NaN(s); replacing with 0(s), yet this is suspicious."
3,"getImp result contains NA(s) or NaN(s); replacing with 0(s), yet this is suspicious."
3,"getImp result contains NA(s) or NaN(s); replacing with 0(s), yet this is suspicious."
3,"getImp result contains NA(s) or NaN(s); replacing with 0(s), yet this is suspicious."
3,"getImp result contains NA(s) or NaN(s); replacing with 0(s), yet this is suspicious."
3,"getImp result contains NA(s) or NaN(s); replacing with 0(s), yet this is suspicious."
3,"getImp result contains NA(s) or NaN(s); replacing with 0(s), yet this is suspicious."
3,"getImp result contains NA(s) or NaN(s); replacing with 0(s), yet this is suspicious."
3,"getImp result contains NA(s) or NaN(s); replacing with 0(s), yet this is suspicious."
3,"getImp result contains NA(s) or NaN(s); replacing with 0(s), yet this is suspicious."
3,"getImp result contains NA(s) or NaN(s); replacing with 0(s), yet this is suspicious."
3,"getImp result contains NA(s) or NaN(s); replacing with 0(s), yet this is suspicious."
3,"getImp result contains NA(s) or NaN(s); replacing with 0(s), yet this is suspicious."
3,"getImp result contains NA(s) or NaN(s); replacing with 0(s), yet this is suspicious."
4,"getImp result contains NA(s) or NaN(s); replacing with 0(s), yet this is suspicious."
4,"getImp result contains NA(s) or NaN(s); replacing with 0(s), yet this is suspicious."
4,"getImp result contains NA(s) or NaN(s); replacing with 0(s), yet this is suspicious."
4,"getImp result contains NA(s) or NaN(s); replacing with 0(s), yet this is suspicious."
4,"getImp result contains NA(s) or NaN(s); replacing with 0(s), yet this is suspicious."
4,"getImp result contains NA(s) or NaN(s); replacing with 0(s), yet this is suspicious."
4,"getImp result contains NA(s) or NaN(s); replacing with 0(s), yet this is suspicious."
4,"getImp result contains NA(s) or NaN(s); replacing with 0(s), yet this is suspicious."
4,"getImp result contains NA(s) or NaN(s); replacing with 0(s), yet this is suspicious."
4,"getImp result contains NA(s) or NaN(s); replacing with 0(s), yet this is suspicious."
4,"getImp result contains NA(s) or NaN(s); replacing with 0(s), yet this is suspicious."
4,"getImp result contains NA(s) or NaN(s); replacing with 0(s), yet this is suspicious."
4,"getImp result contains NA(s) or NaN(s); replacing with 0(s), yet this is suspicious."
4,"getImp result contains NA(s) or NaN(s); replacing with 0(s), yet this is suspicious."
4,"getImp result contains NA(s) or NaN(s); replacing with 0(s), yet this is suspicious."
5,"getImp result contains NA(s) or NaN(s); replacing with 0(s), yet this is suspicious."
5,"getImp result contains NA(s) or NaN(s); replacing with 0(s), yet this is suspicious."
5,"getImp result contains NA(s) or NaN(s); replacing with 0(s), yet this is suspicious."
5,"getImp result contains NA(s) or NaN(s); replacing with 0(s), yet this is suspicious."
5,"getImp result contains NA(s) or NaN(s); replacing with 0(s), yet this is suspicious."
5,"getImp result contains NA(s) or NaN(s); replacing with 0(s), yet this is suspicious."
5,"getImp result contains NA(s) or NaN(s); replacing with 0(s), yet this is suspicious."
5,"getImp result contains NA(s) or NaN(s); replacing with 0(s), yet this is suspicious."
5,"getImp result contains NA(s) or NaN(s); replacing with 0(s), yet this is suspicious."
5,"getImp result contains NA(s) or NaN(s); replacing with 0(s), yet this is suspicious."
5,"getImp result contains NA(s) or NaN(s); replacing with 0(s), yet this is suspicious."
5,"getImp result contains NA(s) or NaN(s); replacing with 0(s), yet this is suspicious."
5,"getImp result contains NA(s) or NaN(s); replacing with 0(s), yet this is suspicious."
5,"getImp result contains NA(s) or NaN(s); replacing with 0(s), yet this is suspicious."
5,"getImp result contains NA(s) or NaN(s); replacing with 0(s), yet this is suspicious."
6,"getImp result contains NA(s) or NaN(s); replacing with 0(s), yet this is suspicious."
6,"getImp result contains NA(s) or NaN(s); replacing with 0(s), yet this is suspicious."
6,"getImp result contains NA(s) or NaN(s); replacing with 0(s), yet this is suspicious."
6,"getImp result contains NA(s) or NaN(s); replacing with 0(s), yet this is suspicious."
6,"getImp result contains NA(s) or NaN(s); replacing with 0(s), yet this is suspicious."
6,"getImp result contains NA(s) or NaN(s); replacing with 0(s), yet this is suspicious."
6,"getImp result contains NA(s) or NaN(s); replacing with 0(s), yet this is suspicious."
6,"getImp result contains NA(s) or NaN(s); replacing with 0(s), yet this is suspicious."
6,"getImp result contains NA(s) or NaN(s); replacing with 0(s), yet this is suspicious."
6,"getImp result contains NA(s) or NaN(s); replacing with 0(s), yet this is suspicious."
6,"getImp result contains NA(s) or NaN(s); replacing with 0(s), yet this is suspicious."
6,"getImp result contains NA(s) or NaN(s); replacing with 0(s), yet this is suspicious."
6,"getImp result contains NA(s) or NaN(s); replacing with 0(s), yet this is suspicious."
6,"getImp result contains NA(s) or NaN(s); replacing with 0(s), yet this is suspicious."
6,"getImp result contains NA(s) or NaN(s); replacing with 0(s), yet this is suspicious."
7,"getImp result contains NA(s) or NaN(s); replacing with 0(s), yet this is suspicious."
7,"getImp result contains NA(s) or NaN(s); replacing with 0(s), yet this is suspicious."
7,"getImp result contains NA(s) or NaN(s); replacing with 0(s), yet this is suspicious."
7,"getImp result contains NA(s) or NaN(s); replacing with 0(s), yet this is suspicious."
7,"getImp result contains NA(s) or NaN(s); replacing with 0(s), yet this is suspicious."
7,"getImp result contains NA(s) or NaN(s); replacing with 0(s), yet this is suspicious."
7,"getImp result contains NA(s) or NaN(s); replacing with 0(s), yet this is suspicious."
7,"getImp result contains NA(s) or NaN(s); replacing with 0(s), yet this is suspicious."
7,"getImp result contains NA(s) or NaN(s); replacing with 0(s), yet this is suspicious."
7,"getImp result contains NA(s) or NaN(s); replacing with 0(s), yet this is suspicious."
7,"getImp result contains NA(s) or NaN(s); replacing with 0(s), yet this is suspicious."
7,"getImp result contains NA(s) or NaN(s); replacing with 0(s), yet this is suspicious."
7,"getImp result contains NA(s) or NaN(s); replacing with 0(s), yet this is suspicious."
7,"getImp result contains NA(s) or NaN(s); replacing with 0(s), yet this is suspicious."
7,"getImp result contains NA(s) or NaN(s); replacing with 0(s), yet this is suspicious."
8,"getImp result contains NA(s) or NaN(s); replacing with 0(s), yet this is suspicious."
8,"getImp result contains NA(s) or NaN(s); replacing with 0(s), yet this is suspicious."
8,"getImp result contains NA(s) or NaN(s); replacing with 0(s), yet this is suspicious."
8,"getImp result contains NA(s) or NaN(s); replacing with 0(s), yet this is suspicious."
8,"getImp result contains NA(s) or NaN(s); replacing with 0(s), yet this is suspicious."
8,"getImp result contains NA(s) or NaN(s); replacing with 0(s), yet this is suspicious."
8,"getImp result contains NA(s) or NaN(s); replacing with 0(s), yet this is suspicious."
8,"getImp result contains NA(s) or NaN(s); replacing with 0(s), yet this is suspicious."
8,"getImp result contains NA(s) or NaN(s); replacing with 0(s), yet this is suspicious."
8,"getImp result contains NA(s) or NaN(s); replacing with 0(s), yet this is suspicious."
8,"getImp result contains NA(s) or NaN(s); replacing with 0(s), yet this is suspicious."
8,"getImp result contains NA(s) or NaN(s); replacing with 0(s), yet this is suspicious."
8,"getImp result contains NA(s) or NaN(s); replacing with 0(s), yet this is suspicious."
8,"getImp result contains NA(s) or NaN(s); replacing with 0(s), yet this is suspicious."
8,"getImp result contains NA(s) or NaN(s); replacing with 0(s), yet this is suspicious."
9,"getImp result contains NA(s) or NaN(s); replacing with 0(s), yet this is suspicious."
9,"getImp result contains NA(s) or NaN(s); replacing with 0(s), yet this is suspicious."
9,"getImp result contains NA(s) or NaN(s); replacing with 0(s), yet this is suspicious."
9,"getImp result contains NA(s) or NaN(s); replacing with 0(s), yet this is suspicious."
9,"getImp result contains NA(s) or NaN(s); replacing with 0(s), yet this is suspicious."
9,"getImp result contains NA(s) or NaN(s); replacing with 0(s), yet this is suspicious."
9,"getImp result contains NA(s) or NaN(s); replacing with 0(s), yet this is suspicious."
9,"getImp result contains NA(s) or NaN(s); replacing with 0(s), yet this is suspicious."
9,"getImp result contains NA(s) or NaN(s); replacing with 0(s), yet this is suspicious."
9,"getImp result contains NA(s) or NaN(s); replacing with 0(s), yet this is suspicious."
9,"getImp result contains NA(s) or NaN(s); replacing with 0(s), yet this is suspicious."
9,"getImp result contains NA(s) or NaN(s); replacing with 0(s), yet this is suspicious."
9,"getImp result contains NA(s) or NaN(s); replacing with 0(s), yet this is suspicious."
9,"getImp result contains NA(s) or NaN(s); replacing with 0(s), yet this is suspicious."
9,"getImp result contains NA(s) or NaN(s); replacing with 0(s), yet this is suspicious."
9,"getImp result contains NA(s) or NaN(s); replacing with 0(s), yet this is suspicious."
10,"getImp result contains NA(s) or NaN(s); replacing with 0(s), yet this is suspicious."
10,"getImp result contains NA(s) or NaN(s); replacing with 0(s), yet this is suspicious."
10,"getImp result contains NA(s) or NaN(s); replacing with 0(s), yet this is suspicious."
10,"getImp result contains NA(s) or NaN(s); replacing with 0(s), yet this is suspicious."
10,"getImp result contains NA(s) or NaN(s); replacing with 0(s), yet this is suspicious."
10,"getImp result contains NA(s) or NaN(s); replacing with 0(s), yet this is suspicious."
10,"getImp result contains NA(s) or NaN(s); replacing with 0(s), yet this is suspicious."
10,"getImp result contains NA(s) or NaN(s); replacing with 0(s), yet this is suspicious."
10,"getImp result contains NA(s) or NaN(s); replacing with 0(s), yet this is suspicious."
10,"getImp result contains NA(s) or NaN(s); replacing with 0(s), yet this is suspicious."
10,"getImp result contains NA(s) or NaN(s); replacing with 0(s), yet this is suspicious."
10,"getImp result contains NA(s) or NaN(s); replacing with 0(s), yet this is suspicious."
10,"getImp result contains NA(s) or NaN(s); replacing with 0(s), yet this is suspicious."
10,"getImp result contains NA(s) or NaN(s); replacing with 0(s), yet this is suspicious."
10,"getImp result contains NA(s) or NaN(s); replacing with 0(s), yet this is suspicious."
11,"getImp result contains NA(s) or NaN(s); replacing with 0(s), yet this is suspicious."
11,"getImp result contains NA(s) or NaN(s); replacing with 0(s), yet this is suspicious."
11,"getImp result contains NA(s) or NaN(s); replacing with 0(s), yet this is suspicious."
11,"getImp result contains NA(s) or NaN(s); replacing with 0(s), yet this is suspicious."
11,"getImp result contains NA(s) or NaN(s); replacing with 0(s), yet this is suspicious."
11,"getImp result contains NA(s) or NaN(s); replacing with 0(s), yet this is suspicious."
11,"getImp result contains NA(s) or NaN(s); replacing with 0(s), yet this is suspicious."
11,"getImp result contains NA(s) or NaN(s); replacing with 0(s), yet this is suspicious."
11,"getImp result contains NA(s) or NaN(s); replacing with 0(s), yet this is suspicious."
11,"getImp result contains NA(s) or NaN(s); replacing with 0(s), yet this is suspicious."
11,"getImp result contains NA(s) or NaN(s); replacing with 0(s), yet this is suspicious."
11,"getImp result contains NA(s) or NaN(s); replacing with 0(s), yet this is suspicious."
11,"getImp result contains NA(s) or NaN(s); replacing with 0(s), yet this is suspicious."
11,"getImp result contains NA(s) or NaN(s); replacing with 0(s), yet this is suspicious."
11,"getImp result contains NA(s) or NaN(s); replacing with 0(s), yet this is suspicious."
11,"getImp result contains NA(s) or NaN(s); replacing with 0(s), yet this is suspicious."
12,"getImp result contains NA(s) or NaN(s); replacing with 0(s), yet this is suspicious."
12,"getImp result contains NA(s) or NaN(s); replacing with 0(s), yet this is suspicious."
12,"getImp result contains NA(s) or NaN(s); replacing with 0(s), yet this is suspicious."
12,"getImp result contains NA(s) or NaN(s); replacing with 0(s), yet this is suspicious."
12,"getImp result contains NA(s) or NaN(s); replacing with 0(s), yet this is suspicious."
12,"getImp result contains NA(s) or NaN(s); replacing with 0(s), yet this is suspicious."
12,"getImp result contains NA(s) or NaN(s); replacing with 0(s), yet this is suspicious."
12,"getImp result contains NA(s) or NaN(s); replacing with 0(s), yet this is suspicious."
12,"getImp result contains NA(s) or NaN(s); replacing with 0(s), yet this is suspicious."
12,"getImp result contains NA(s) or NaN(s); replacing with 0(s), yet this is suspicious."
12,"getImp result contains NA(s) or NaN(s); replacing with 0(s), yet this is suspicious."
12,"getImp result contains NA(s) or NaN(s); replacing with 0(s), yet this is suspicious."
12,"getImp result contains NA(s) or NaN(s); replacing with 0(s), yet this is suspicious."
12,"getImp result contains NA(s) or NaN(s); replacing with 0(s), yet this is suspicious."
12,"getImp result contains NA(s) or NaN(s); replacing with 0(s), yet this is suspicious."
12,"getImp result contains NA(s) or NaN(s); replacing with 0(s), yet this is suspicious."
12,"getImp result contains NA(s) or NaN(s); replacing with 0(s), yet this is suspicious."
12,"getImp result contains NA(s) or NaN(s); replacing with 0(s), yet this is suspicious."
12,"getImp result contains NA(s) or NaN(s); replacing with 0(s), yet this is suspicious."
12,"getImp result contains NA(s) or NaN(s); replacing with 0(s), yet this is suspicious."
13,"getImp result contains NA(s) or NaN(s); replacing with 0(s), yet this is suspicious."
13,"getImp result contains NA(s) or NaN(s); replacing with 0(s), yet this is suspicious."
13,"getImp result contains NA(s) or NaN(s); replacing with 0(s), yet this is suspicious."
13,"getImp result contains NA(s) or NaN(s); replacing with 0(s), yet this is suspicious."
13,"getImp result contains NA(s) or NaN(s); replacing with 0(s), yet this is suspicious."
13,"getImp result contains NA(s) or NaN(s); replacing with 0(s), yet this is suspicious."
13,"getImp result contains NA(s) or NaN(s); replacing with 0(s), yet this is suspicious."
13,"getImp result contains NA(s) or NaN(s); replacing with 0(s), yet this is suspicious."
13,"getImp result contains NA(s) or NaN(s); replacing with 0(s), yet this is suspicious."
13,"getImp result contains NA(s) or NaN(s); replacing with 0(s), yet this is suspicious."
13,"getImp result contains NA(s) or NaN(s); replacing with 0(s), yet this is suspicious."
13,"getImp result contains NA(s) or NaN(s); replacing with 0(s), yet this is suspicious."
13,"getImp result contains NA(s) or NaN(s); replacing with 0(s), yet this is suspicious."
13,"getImp result contains NA(s) or NaN(s); replacing with 0(s), yet this is suspicious."
13,"getImp result contains NA(s) or NaN(s); replacing with 0(s), yet this is suspicious."
14,"getImp result contains NA(s) or NaN(s); replacing with 0(s), yet this is suspicious."
14,"getImp result contains NA(s) or NaN(s); replacing with 0(s), yet this is suspicious."
14,"getImp result contains NA(s) or NaN(s); replacing with 0(s), yet this is suspicious."
14,"getImp result contains NA(s) or NaN(s); replacing with 0(s), yet this is suspicious."
14,"getImp result contains NA(s) or NaN(s); replacing with 0(s), yet this is suspicious."
14,"getImp result contains NA(s) or NaN(s); replacing with 0(s), yet this is suspicious."
14,"getImp result contains NA(s) or NaN(s); replacing with 0(s), yet this is suspicious."
14,"getImp result contains NA(s) or NaN(s); replacing with 0(s), yet this is suspicious."
14,"getImp result contains NA(s) or NaN(s); replacing with 0(s), yet this is suspicious."
14,"getImp result contains NA(s) or NaN(s); replacing with 0(s), yet this is suspicious."
14,"getImp result contains NA(s) or NaN(s); replacing with 0(s), yet this is suspicious."
14,"getImp result contains NA(s) or NaN(s); replacing with 0(s), yet this is suspicious."
14,"getImp result contains NA(s) or NaN(s); replacing with 0(s), yet this is suspicious."
14,"getImp result contains NA(s) or NaN(s); replacing with 0(s), yet this is suspicious."
14,"getImp result contains NA(s) or NaN(s); replacing with 0(s), yet this is suspicious."
15,"getImp result contains NA(s) or NaN(s); replacing with 0(s), yet this is suspicious."
15,"getImp result contains NA(s) or NaN(s); replacing with 0(s), yet this is suspicious."
15,"getImp result contains NA(s) or NaN(s); replacing with 0(s), yet this is suspicious."
15,"getImp result contains NA(s) or NaN(s); replacing with 0(s), yet this is suspicious."
15,"getImp result contains NA(s) or NaN(s); replacing with 0(s), yet this is suspicious."
15,"getImp result contains NA(s) or NaN(s); replacing with 0(s), yet this is suspicious."
15,"getImp result contains NA(s) or NaN(s); replacing with 0(s), yet this is suspicious."
15,"getImp result contains NA(s) or NaN(s); replacing with 0(s), yet this is suspicious."
15,"getImp result contains NA(s) or NaN(s); replacing with 0(s), yet this is suspicious."
15,"getImp result contains NA(s) or NaN(s); replacing with 0(s), yet this is suspicious."
15,"getImp result contains NA(s) or NaN(s); replacing with 0(s), yet this is suspicious."
15,"getImp result contains NA(s) or NaN(s); replacing with 0(s), yet this is suspicious."
15,"getImp result contains NA(s) or NaN(s); replacing with 0(s), yet this is suspicious."
15,"getImp result contains NA(s) or NaN(s); replacing with 0(s), yet this is suspicious."
15,"getImp result contains NA(s) or NaN(s); replacing with 0(s), yet this is suspicious."
16,"getImp result contains NA(s) or NaN(s); replacing with 0(s), yet this is suspicious."
16,"getImp result contains NA(s) or NaN(s); replacing with 0(s), yet this is suspicious."
16,"getImp result contains NA(s) or NaN(s); replacing with 0(s), yet this is suspicious."
16,"getImp result contains NA(s) or NaN(s); replacing with 0(s), yet this is suspicious."
16,"getImp result contains NA(s) or NaN(s); replacing with 0(s), yet this is suspicious."
16,"getImp result contains NA(s) or NaN(s); replacing with 0(s), yet this is suspicious."
16,"getImp result contains NA(s) or NaN(s); replacing with 0(s), yet this is suspicious."
16,"getImp result contains NA(s) or NaN(s); replacing with 0(s), yet this is suspicious."
16,"getImp result contains NA(s) or NaN(s); replacing with 0(s), yet this is suspicious."
16,"getImp result contains NA(s) or NaN(s); replacing with 0(s), yet this is suspicious."
16,"getImp result contains NA(s) or NaN(s); replacing with 0(s), yet this is suspicious."
16,"getImp result contains NA(s) or NaN(s); replacing with 0(s), yet this is suspicious."
16,"getImp result contains NA(s) or NaN(s); replacing with 0(s), yet this is suspicious."
16,"getImp result contains NA(s) or NaN(s); replacing with 0(s), yet this is suspicious."
16,"getImp result contains NA(s) or NaN(s); replacing with 0(s), yet this is suspicious."
17,"getImp result contains NA(s) or NaN(s); replacing with 0(s), yet this is suspicious."
17,"getImp result contains NA(s) or NaN(s); replacing with 0(s), yet this is suspicious."
17,"getImp result contains NA(s) or NaN(s); replacing with 0(s), yet this is suspicious."
17,"getImp result contains NA(s) or NaN(s); replacing with 0(s), yet this is suspicious."
17,"getImp result contains NA(s) or NaN(s); replacing with 0(s), yet this is suspicious."
17,"getImp result contains NA(s) or NaN(s); replacing with 0(s), yet this is suspicious."
17,"getImp result contains NA(s) or NaN(s); replacing with 0(s), yet this is suspicious."
17,"getImp result contains NA(s) or NaN(s); replacing with 0(s), yet this is suspicious."
17,"getImp result contains NA(s) or NaN(s); replacing with 0(s), yet this is suspicious."
17,"getImp result contains NA(s) or NaN(s); replacing with 0(s), yet this is suspicious."
17,"getImp result contains NA(s) or NaN(s); replacing with 0(s), yet this is suspicious."
17,"getImp result contains NA(s) or NaN(s); replacing with 0(s), yet this is suspicious."
17,"getImp result contains NA(s) or NaN(s); replacing with 0(s), yet this is suspicious."
17,"getImp result contains NA(s) or NaN(s); replacing with 0(s), yet this is suspicious."
17,"getImp result contains NA(s) or NaN(s); replacing with 0(s), yet this is suspicious."
18,"getImp result contains NA(s) or NaN(s); replacing with 0(s), yet this is suspicious."
18,"getImp result contains NA(s) or NaN(s); replacing with 0(s), yet this is suspicious."
18,"getImp result contains NA(s) or NaN(s); replacing with 0(s), yet this is suspicious."
18,"getImp result contains NA(s) or NaN(s); replacing with 0(s), yet this is suspicious."
18,"getImp result contains NA(s) or NaN(s); replacing with 0(s), yet this is suspicious."
18,"getImp result contains NA(s) or NaN(s); replacing with 0(s), yet this is suspicious."
18,"getImp result contains NA(s) or NaN(s); replacing with 0(s), yet this is suspicious."
18,"getImp result contains NA(s) or NaN(s); replacing with 0(s), yet this is suspicious."
18,"getImp result contains NA(s) or NaN(s); replacing with 0(s), yet this is suspicious."
18,"getImp result contains NA(s) or NaN(s); replacing with 0(s), yet this is suspicious."
18,"getImp result contains NA(s) or NaN(s); replacing with 0(s), yet this is suspicious."
18,"getImp result contains NA(s) or NaN(s); replacing with 0(s), yet this is suspicious."
18,"getImp result contains NA(s) or NaN(s); replacing with 0(s), yet this is suspicious."
18,"getImp result contains NA(s) or NaN(s); replacing with 0(s), yet this is suspicious."
18,"getImp result contains NA(s) or NaN(s); replacing with 0(s), yet this is suspicious."
19,"getImp result contains NA(s) or NaN(s); replacing with 0(s), yet this is suspicious."
19,"getImp result contains NA(s) or NaN(s); replacing with 0(s), yet this is suspicious."
19,"getImp result contains NA(s) or NaN(s); replacing with 0(s), yet this is suspicious."
19,"getImp result contains NA(s) or NaN(s); replacing with 0(s), yet this is suspicious."
19,"getImp result contains NA(s) or NaN(s); replacing with 0(s), yet this is suspicious."
19,"getImp result contains NA(s) or NaN(s); replacing with 0(s), yet this is suspicious."
19,"getImp result contains NA(s) or NaN(s); replacing with 0(s), yet this is suspicious."
19,"getImp result contains NA(s) or NaN(s); replacing with 0(s), yet this is suspicious."
19,"getImp result contains NA(s) or NaN(s); replacing with 0(s), yet this is suspicious."
19,"getImp result contains NA(s) or NaN(s); replacing with 0(s), yet this is suspicious."
19,"getImp result contains NA(s) or NaN(s); replacing with 0(s), yet this is suspicious."
19,"getImp result contains NA(s) or NaN(s); replacing with 0(s), yet this is suspicious."
19,"getImp result contains NA(s) or NaN(s); replacing with 0(s), yet this is suspicious."
19,"getImp result contains NA(s) or NaN(s); replacing with 0(s), yet this is suspicious."
19,"getImp result contains NA(s) or NaN(s); replacing with 0(s), yet this is suspicious."
20,"getImp result contains NA(s) or NaN(s); replacing with 0(s), yet this is suspicious."
20,"getImp result contains NA(s) or NaN(s); replacing with 0(s), yet this is suspicious."
20,"getImp result contains NA(s) or NaN(s); replacing with 0(s), yet this is suspicious."
20,"getImp result contains NA(s) or NaN(s); replacing with 0(s), yet this is suspicious."
20,"getImp result contains NA(s) or NaN(s); replacing with 0(s), yet this is suspicious."
20,"getImp result contains NA(s) or NaN(s); replacing with 0(s), yet this is suspicious."
20,"getImp result contains NA(s) or NaN(s); replacing with 0(s), yet this is suspicious."
20,"getImp result contains NA(s) or NaN(s); replacing with 0(s), yet this is suspicious."
20,"getImp result contains NA(s) or NaN(s); replacing with 0(s), yet this is suspicious."
20,"getImp result contains NA(s) or NaN(s); replacing with 0(s), yet this is suspicious."
20,"getImp result contains NA(s) or NaN(s); replacing with 0(s), yet this is suspicious."
20,"getImp result contains NA(s) or NaN(s); replacing with 0(s), yet this is suspicious."
20,"getImp result contains NA(s) or NaN(s); replacing with 0(s), yet this is suspicious."
20,"getImp result contains NA(s) or NaN(s); replacing with 0(s), yet this is suspicious."
20,"getImp result contains NA(s) or NaN(s); replacing with 0(s), yet this is suspicious."
21,"getImp result contains NA(s) or NaN(s); replacing with 0(s), yet this is suspicious."
21,"getImp result contains NA(s) or NaN(s); replacing with 0(s), yet this is suspicious."
21,"getImp result contains NA(s) or NaN(s); replacing with 0(s), yet this is suspicious."
21,"getImp result contains NA(s) or NaN(s); replacing with 0(s), yet this is suspicious."
21,"getImp result contains NA(s) or NaN(s); replacing with 0(s), yet this is suspicious."
21,"getImp result contains NA(s) or NaN(s); replacing with 0(s), yet this is suspicious."
21,"getImp result contains NA(s) or NaN(s); replacing with 0(s), yet this is suspicious."
21,"getImp result contains NA(s) or NaN(s); replacing with 0(s), yet this is suspicious."
21,"getImp result contains NA(s) or NaN(s); replacing with 0(s), yet this is suspicious."
21,"getImp result contains NA(s) or NaN(s); replacing with 0(s), yet this is suspicious."
21,"getImp result contains NA(s) or NaN(s); replacing with 0(s), yet this is suspicious."
21,"getImp result contains NA(s) or NaN(s); replacing with 0(s), yet this is suspicious."
21,"getImp result contains NA(s) or NaN(s); replacing with 0(s), yet this is suspicious."
21,"getImp result contains NA(s) or NaN(s); replacing with 0(s), yet this is suspicious."
21,"getImp result contains NA(s) or NaN(s); replacing with 0(s), yet this is suspicious."
22,"getImp result contains NA(s) or NaN(s); replacing with 0(s), yet this is suspicious."
22,"getImp result contains NA(s) or NaN(s); replacing with 0(s), yet this is suspicious."
22,"getImp result contains NA(s) or NaN(s); replacing with 0(s), yet this is suspicious."
22,"getImp result contains NA(s) or NaN(s); replacing with 0(s), yet this is suspicious."
22,"getImp result contains NA(s) or NaN(s); replacing with 0(s), yet this is suspicious."
22,"getImp result contains NA(s) or NaN(s); replacing with 0(s), yet this is suspicious."
22,"getImp result contains NA(s) or NaN(s); replacing with 0(s), yet this is suspicious."
22,"getImp result contains NA(s) or NaN(s); replacing with 0(s), yet this is suspicious."
22,"getImp result contains NA(s) or NaN(s); replacing with 0(s), yet this is suspicious."
22,"getImp result contains NA(s) or NaN(s); replacing with 0(s), yet this is suspicious."
22,"getImp result contains NA(s) or NaN(s); replacing with 0(s), yet this is suspicious."
22,"getImp result contains NA(s) or NaN(s); replacing with 0(s), yet this is suspicious."
22,"getImp result contains NA(s) or NaN(s); replacing with 0(s), yet this is suspicious."
22,"getImp result contains NA(s) or NaN(s); replacing with 0(s), yet this is suspicious."
22,"getImp result contains NA(s) or NaN(s); replacing with 0(s), yet this is suspicious."
23,"getImp result contains NA(s) or NaN(s); replacing with 0(s), yet this is suspicious."
23,"getImp result contains NA(s) or NaN(s); replacing with 0(s), yet this is suspicious."
23,"getImp result contains NA(s) or NaN(s); replacing with 0(s), yet this is suspicious."
23,"getImp result contains NA(s) or NaN(s); replacing with 0(s), yet this is suspicious."
23,"getImp result contains NA(s) or NaN(s); replacing with 0(s), yet this is suspicious."
23,"getImp result contains NA(s) or NaN(s); replacing with 0(s), yet this is suspicious."
23,"getImp result contains NA(s) or NaN(s); replacing with 0(s), yet this is suspicious."
23,"getImp result contains NA(s) or NaN(s); replacing with 0(s), yet this is suspicious."
23,"getImp result contains NA(s) or NaN(s); replacing with 0(s), yet this is suspicious."
23,"getImp result contains NA(s) or NaN(s); replacing with 0(s), yet this is suspicious."
23,"getImp result contains NA(s) or NaN(s); replacing with 0(s), yet this is suspicious."
23,"getImp result contains NA(s) or NaN(s); replacing with 0(s), yet this is suspicious."
23,"getImp result contains NA(s) or NaN(s); replacing with 0(s), yet this is suspicious."
23,"getImp result contains NA(s) or NaN(s); replacing with 0(s), yet this is suspicious."
23,"getImp result contains NA(s) or NaN(s); replacing with 0(s), yet this is suspicious."
24,"getImp result contains NA(s) or NaN(s); replacing with 0(s), yet this is suspicious."
24,"getImp result contains NA(s) or NaN(s); replacing with 0(s), yet this is suspicious."
24,"getImp result contains NA(s) or NaN(s); replacing with 0(s), yet this is suspicious."
24,"getImp result contains NA(s) or NaN(s); replacing with 0(s), yet this is suspicious."
24,"getImp result contains NA(s) or NaN(s); replacing with 0(s), yet this is suspicious."
24,"getImp result contains NA(s) or NaN(s); replacing with 0(s), yet this is suspicious."
24,"getImp result contains NA(s) or NaN(s); replacing with 0(s), yet this is suspicious."
24,"getImp result contains NA(s) or NaN(s); replacing with 0(s), yet this is suspicious."
24,"getImp result contains NA(s) or NaN(s); replacing with 0(s), yet this is suspicious."
24,"getImp result contains NA(s) or NaN(s); replacing with 0(s), yet this is suspicious."
24,"getImp result contains NA(s) or NaN(s); replacing with 0(s), yet this is suspicious."
24,"getImp result contains NA(s) or NaN(s); replacing with 0(s), yet this is suspicious."
24,"getImp result contains NA(s) or NaN(s); replacing with 0(s), yet this is suspicious."
24,"getImp result contains NA(s) or NaN(s); replacing with 0(s), yet this is suspicious."
24,"getImp result contains NA(s) or NaN(s); replacing with 0(s), yet this is suspicious."
25,"getImp result contains NA(s) or NaN(s); replacing with 0(s), yet this is suspicious."
25,"getImp result contains NA(s) or NaN(s); replacing with 0(s), yet this is suspicious."
25,"getImp result contains NA(s) or NaN(s); replacing with 0(s), yet this is suspicious."
25,"getImp result contains NA(s) or NaN(s); replacing with 0(s), yet this is suspicious."
25,"getImp result contains NA(s) or NaN(s); replacing with 0(s), yet this is suspicious."
25,"getImp result contains NA(s) or NaN(s); replacing with 0(s), yet this is suspicious."
25,"getImp result contains NA(s) or NaN(s); replacing with 0(s), yet this is suspicious."
25,"getImp result contains NA(s) or NaN(s); replacing with 0(s), yet this is suspicious."
25,"getImp result contains NA(s) or NaN(s); replacing with 0(s), yet this is suspicious."
25,"getImp result contains NA(s) or NaN(s); replacing with 0(s), yet this is suspicious."
25,"getImp result contains NA(s) or NaN(s); replacing with 0(s), yet this is suspicious."
25,"getImp result contains NA(s) or NaN(s); replacing with 0(s), yet this is suspicious."
25,"getImp result contains NA(s) or NaN(s); replacing with 0(s), yet this is suspicious."
25,"getImp result contains NA(s) or NaN(s); replacing with 0(s), yet this is suspicious."
25,"getImp result contains NA(s) or NaN(s); replacing with 0(s), yet this is suspicious."
26,"getImp result contains NA(s) or NaN(s); replacing with 0(s), yet this is suspicious."
26,"getImp result contains NA(s) or NaN(s); replacing with 0(s), yet this is suspicious."
26,"getImp result contains NA(s) or NaN(s); replacing with 0(s), yet this is suspicious."
26,"getImp result contains NA(s) or NaN(s); replacing with 0(s), yet this is suspicious."
26,"getImp result contains NA(s) or NaN(s); replacing with 0(s), yet this is suspicious."
26,"getImp result contains NA(s) or NaN(s); replacing with 0(s), yet this is suspicious."
26,"getImp result contains NA(s) or NaN(s); replacing with 0(s), yet this is suspicious."
26,"getImp result contains NA(s) or NaN(s); replacing with 0(s), yet this is suspicious."
26,"getImp result contains NA(s) or NaN(s); replacing with 0(s), yet this is suspicious."
26,"getImp result contains NA(s) or NaN(s); replacing with 0(s), yet this is suspicious."
26,"getImp result contains NA(s) or NaN(s); replacing with 0(s), yet this is suspicious."
26,"getImp result contains NA(s) or NaN(s); replacing with 0(s), yet this is suspicious."
26,"getImp result contains NA(s) or NaN(s); replacing with 0(s), yet this is suspicious."
26,"getImp result contains NA(s) or NaN(s); replacing with 0(s), yet this is suspicious."
26,"getImp result contains NA(s) or NaN(s); replacing with 0(s), yet this is suspicious."
27,"getImp result contains NA(s) or NaN(s); replacing with 0(s), yet this is suspicious."
27,"getImp result contains NA(s) or NaN(s); replacing with 0(s), yet this is suspicious."
27,"getImp result contains NA(s) or NaN(s); replacing with 0(s), yet this is suspicious."
27,"getImp result contains NA(s) or NaN(s); replacing with 0(s), yet this is suspicious."
27,"getImp result contains NA(s) or NaN(s); replacing with 0(s), yet this is suspicious."
27,"getImp result contains NA(s) or NaN(s); replacing with 0(s), yet this is suspicious."
27,"getImp result contains NA(s) or NaN(s); replacing with 0(s), yet this is suspicious."
27,"getImp result contains NA(s) or NaN(s); replacing with 0(s), yet this is suspicious."
27,"getImp result contains NA(s) or NaN(s); replacing with 0(s), yet this is suspicious."
27,"getImp result contains NA(s) or NaN(s); replacing with 0(s), yet this is suspicious."
27,"getImp result contains NA(s) or NaN(s); replacing with 0(s), yet this is suspicious."
27,"getImp result contains NA(s) or NaN(s); replacing with 0(s), yet this is suspicious."
27,"getImp result contains NA(s) or NaN(s); replacing with 0(s), yet this is suspicious."
27,"getImp result contains NA(s) or NaN(s); replacing with 0(s), yet this is suspicious."
27,"getImp result contains NA(s) or NaN(s); replacing with 0(s), yet this is suspicious."
28,"getImp result contains NA(s) or NaN(s); replacing with 0(s), yet this is suspicious."
28,"getImp result contains NA(s) or NaN(s); replacing with 0(s), yet this is suspicious."
28,"getImp result contains NA(s) or NaN(s); replacing with 0(s), yet this is suspicious."
28,"getImp result contains NA(s) or NaN(s); replacing with 0(s), yet this is suspicious."
28,"getImp result contains NA(s) or NaN(s); replacing with 0(s), yet this is suspicious."
28,"getImp result contains NA(s) or NaN(s); replacing with 0(s), yet this is suspicious."
28,"getImp result contains NA(s) or NaN(s); replacing with 0(s), yet this is suspicious."
28,"getImp result contains NA(s) or NaN(s); replacing with 0(s), yet this is suspicious."
28,"getImp result contains NA(s) or NaN(s); replacing with 0(s), yet this is suspicious."
28,"getImp result contains NA(s) or NaN(s); replacing with 0(s), yet this is suspicious."
28,"getImp result contains NA(s) or NaN(s); replacing with 0(s), yet this is suspicious."
28,"getImp result contains NA(s) or NaN(s); replacing with 0(s), yet this is suspicious."
28,"getImp result contains NA(s) or NaN(s); replacing with 0(s), yet this is suspicious."
28,"getImp result contains NA(s) or NaN(s); replacing with 0(s), yet this is suspicious."
28,"getImp result contains NA(s) or NaN(s); replacing with 0(s), yet this is suspicious."
29,"getImp result contains NA(s) or NaN(s); replacing with 0(s), yet this is suspicious."
29,"getImp result contains NA(s) or NaN(s); replacing with 0(s), yet this is suspicious."
29,"getImp result contains NA(s) or NaN(s); replacing with 0(s), yet this is suspicious."
29,"getImp result contains NA(s) or NaN(s); replacing with 0(s), yet this is suspicious."
29,"getImp result contains NA(s) or NaN(s); replacing with 0(s), yet this is suspicious."
29,"getImp result contains NA(s) or NaN(s); replacing with 0(s), yet this is suspicious."
29,"getImp result contains NA(s) or NaN(s); replacing with 0(s), yet this is suspicious."
29,"getImp result contains NA(s) or NaN(s); replacing with 0(s), yet this is suspicious."
29,"getImp result contains NA(s) or NaN(s); replacing with 0(s), yet this is suspicious."
29,"getImp result contains NA(s) or NaN(s); replacing with 0(s), yet this is suspicious."
29,"getImp result contains NA(s) or NaN(s); replacing with 0(s), yet this is suspicious."
29,"getImp result contains NA(s) or NaN(s); replacing with 0(s), yet this is suspicious."
29,"getImp result contains NA(s) or NaN(s); replacing with 0(s), yet this is suspicious."
29,"getImp result contains NA(s) or NaN(s); replacing with 0(s), yet this is suspicious."
29,"getImp result contains NA(s) or NaN(s); replacing with 0(s), yet this is suspicious."
30,"getImp result contains NA(s) or NaN(s); replacing with 0(s), yet this is suspicious."
30,"getImp result contains NA(s) or NaN(s); replacing with 0(s), yet this is suspicious."
30,"getImp result contains NA(s) or NaN(s); replacing with 0(s), yet this is suspicious."
30,"getImp result contains NA(s) or NaN(s); replacing with 0(s), yet this is suspicious."
30,"getImp result contains NA(s) or NaN(s); replacing with 0(s), yet this is suspicious."
30,"getImp result contains NA(s) or NaN(s); replacing with 0(s), yet this is suspicious."
30,"getImp result contains NA(s) or NaN(s); replacing with 0(s), yet this is suspicious."
30,"getImp result contains NA(s) or NaN(s); replacing with 0(s), yet this is suspicious."
30,"getImp result contains NA(s) or NaN(s); replacing with 0(s), yet this is suspicious."
30,"getImp result contains NA(s) or NaN(s); replacing with 0(s), yet this is suspicious."
30,"getImp result contains NA(s) or NaN(s); replacing with 0(s), yet this is suspicious."
30,"getImp result contains NA(s) or NaN(s); replacing with 0(s), yet this is suspicious."
30,"getImp result contains NA(s) or NaN(s); replacing with 0(s), yet this is suspicious."
30,"getImp result contains NA(s) or NaN(s); replacing with 0(s), yet this is suspicious."
30,"getImp result contains NA(s) or NaN(s); replacing with 0(s), yet this is suspicious."
31,"getImp result contains NA(s) or NaN(s); replacing with 0(s), yet this is suspicious."
31,"getImp result contains NA(s) or NaN(s); replacing with 0(s), yet this is suspicious."
31,"getImp result contains NA(s) or NaN(s); replacing with 0(s), yet this is suspicious."
31,"getImp result contains NA(s) or NaN(s); replacing with 0(s), yet this is suspicious."
31,"getImp result contains NA(s) or NaN(s); replacing with 0(s), yet this is suspicious."
31,"getImp result contains NA(s) or NaN(s); replacing with 0(s), yet this is suspicious."
31,"getImp result contains NA(s) or NaN(s); replacing with 0(s), yet this is suspicious."
31,"getImp result contains NA(s) or NaN(s); replacing with 0(s), yet this is suspicious."
31,"getImp result contains NA(s) or NaN(s); replacing with 0(s), yet this is suspicious."
31,"getImp result contains NA(s) or NaN(s); replacing with 0(s), yet this is suspicious."
31,"getImp result contains NA(s) or NaN(s); replacing with 0(s), yet this is suspicious."
31,"getImp result contains NA(s) or NaN(s); replacing with 0(s), yet this is suspicious."
31,"getImp result contains NA(s) or NaN(s); replacing with 0(s), yet this is suspicious."
31,"getImp result contains NA(s) or NaN(s); replacing with 0(s), yet this is suspicious."
31,"getImp result contains NA(s) or NaN(s); replacing with 0(s), yet this is suspicious."
32,"getImp result contains NA(s) or NaN(s); replacing with 0(s), yet this is suspicious."
32,"getImp result contains NA(s) or NaN(s); replacing with 0(s), yet this is suspicious."
32,"getImp result contains NA(s) or NaN(s); replacing with 0(s), yet this is suspicious."
32,"getImp result contains NA(s) or NaN(s); replacing with 0(s), yet this is suspicious."
32,"getImp result contains NA(s) or NaN(s); replacing with 0(s), yet this is suspicious."
32,"getImp result contains NA(s) or NaN(s); replacing with 0(s), yet this is suspicious."
32,"getImp result contains NA(s) or NaN(s); replacing with 0(s), yet this is suspicious."
32,"getImp result contains NA(s) or NaN(s); replacing with 0(s), yet this is suspicious."
32,"getImp result contains NA(s) or NaN(s); replacing with 0(s), yet this is suspicious."
32,"getImp result contains NA(s) or NaN(s); replacing with 0(s), yet this is suspicious."
32,"getImp result contains NA(s) or NaN(s); replacing with 0(s), yet this is suspicious."
32,"getImp result contains NA(s) or NaN(s); replacing with 0(s), yet this is suspicious."
32,"getImp result contains NA(s) or NaN(s); replacing with 0(s), yet this is suspicious."
32,"getImp result contains NA(s) or NaN(s); replacing with 0(s), yet this is suspicious."
32,"getImp result contains NA(s) or NaN(s); replacing with 0(s), yet this is suspicious."
32,"getImp result contains NA(s) or NaN(s); replacing with 0(s), yet this is suspicious."
33,"getImp result contains NA(s) or NaN(s); replacing with 0(s), yet this is suspicious."
33,"getImp result contains NA(s) or NaN(s); replacing with 0(s), yet this is suspicious."
33,"getImp result contains NA(s) or NaN(s); replacing with 0(s), yet this is suspicious."
33,"getImp result contains NA(s) or NaN(s); replacing with 0(s), yet this is suspicious."
33,"getImp result contains NA(s) or NaN(s); replacing with 0(s), yet this is suspicious."
33,"getImp result contains NA(s) or NaN(s); replacing with 0(s), yet this is suspicious."
33,"getImp result contains NA(s) or NaN(s); replacing with 0(s), yet this is suspicious."
33,"getImp result contains NA(s) or NaN(s); replacing with 0(s), yet this is suspicious."
33,"getImp result contains NA(s) or NaN(s); replacing with 0(s), yet this is suspicious."
33,"getImp result contains NA(s) or NaN(s); replacing with 0(s), yet this is suspicious."
33,"getImp result contains NA(s) or NaN(s); replacing with 0(s), yet this is suspicious."
33,"getImp result contains NA(s) or NaN(s); replacing with 0(s), yet this is suspicious."
33,"getImp result contains NA(s) or NaN(s); replacing with 0(s), yet this is suspicious."
33,"getImp result contains NA(s) or NaN(s); replacing with 0(s), yet this is suspicious."
33,"getImp result contains NA(s) or NaN(s); replacing with 0(s), yet this is suspicious."
34,"getImp result contains NA(s) or NaN(s); replacing with 0(s), yet this is suspicious."
34,"getImp result contains NA(s) or NaN(s); replacing with 0(s), yet this is suspicious."
34,"getImp result contains NA(s) or NaN(s); replacing with 0(s), yet this is suspicious."
34,"getImp result contains NA(s) or NaN(s); replacing with 0(s), yet this is suspicious."
34,"getImp result contains NA(s) or NaN(s); replacing with 0(s), yet this is suspicious."
34,"getImp result contains NA(s) or NaN(s); replacing with 0(s), yet this is suspicious."
34,"getImp result contains NA(s) or NaN(s); replacing with 0(s), yet this is suspicious."
34,"getImp result contains NA(s) or NaN(s); replacing with 0(s), yet this is suspicious."
34,"getImp result contains NA(s) or NaN(s); replacing with 0(s), yet this is suspicious."
34,"getImp result contains NA(s) or NaN(s); replacing with 0(s), yet this is suspicious."
34,"getImp result contains NA(s) or NaN(s); replacing with 0(s), yet this is suspicious."
34,"getImp result contains NA(s) or NaN(s); replacing with 0(s), yet this is suspicious."
34,"getImp result contains NA(s) or NaN(s); replacing with 0(s), yet this is suspicious."
34,"getImp result contains NA(s) or NaN(s); replacing with 0(s), yet this is suspicious."
34,"getImp result contains NA(s) or NaN(s); replacing with 0(s), yet this is suspicious."
35,"getImp result contains NA(s) or NaN(s); replacing with 0(s), yet this is suspicious."
35,"getImp result contains NA(s) or NaN(s); replacing with 0(s), yet this is suspicious."
35,"getImp result contains NA(s) or NaN(s); replacing with 0(s), yet this is suspicious."
35,"getImp result contains NA(s) or NaN(s); replacing with 0(s), yet this is suspicious."
35,"getImp result contains NA(s) or NaN(s); replacing with 0(s), yet this is suspicious."
35,"getImp result contains NA(s) or NaN(s); replacing with 0(s), yet this is suspicious."
35,"getImp result contains NA(s) or NaN(s); replacing with 0(s), yet this is suspicious."
35,"getImp result contains NA(s) or NaN(s); replacing with 0(s), yet this is suspicious."
35,"getImp result contains NA(s) or NaN(s); replacing with 0(s), yet this is suspicious."
35,"getImp result contains NA(s) or NaN(s); replacing with 0(s), yet this is suspicious."
35,"getImp result contains NA(s) or NaN(s); replacing with 0(s), yet this is suspicious."
35,"getImp result contains NA(s) or NaN(s); replacing with 0(s), yet this is suspicious."
35,"getImp result contains NA(s) or NaN(s); replacing with 0(s), yet this is suspicious."
35,"getImp result contains NA(s) or NaN(s); replacing with 0(s), yet this is suspicious."
35,"getImp result contains NA(s) or NaN(s); replacing with 0(s), yet this is suspicious."
36,"getImp result contains NA(s) or NaN(s); replacing with 0(s), yet this is suspicious."
36,"getImp result contains NA(s) or NaN(s); replacing with 0(s), yet this is suspicious."
36,"getImp result contains NA(s) or NaN(s); replacing with 0(s), yet this is suspicious."
36,"getImp result contains NA(s) or NaN(s); replacing with 0(s), yet this is suspicious."
36,"getImp result contains NA(s) or NaN(s); replacing with 0(s), yet this is suspicious."
36,"getImp result contains NA(s) or NaN(s); replacing with 0(s), yet this is suspicious."
36,"getImp result contains NA(s) or NaN(s); replacing with 0(s), yet this is suspicious."
36,"getImp result contains NA(s) or NaN(s); replacing with 0(s), yet this is suspicious."
36,"getImp result contains NA(s) or NaN(s); replacing with 0(s), yet this is suspicious."
36,"getImp result contains NA(s) or NaN(s); replacing with 0(s), yet this is suspicious."
36,"getImp result contains NA(s) or NaN(s); replacing with 0(s), yet this is suspicious."
36,"getImp result contains NA(s) or NaN(s); replacing with 0(s), yet this is suspicious."
36,"getImp result contains NA(s) or NaN(s); replacing with 0(s), yet this is suspicious."
36,"getImp result contains NA(s) or NaN(s); replacing with 0(s), yet this is suspicious."
36,"getImp result contains NA(s) or NaN(s); replacing with 0(s), yet this is suspicious."
36,"getImp result contains NA(s) or NaN(s); replacing with 0(s), yet this is suspicious."
37,"getImp result contains NA(s) or NaN(s); replacing with 0(s), yet this is suspicious."
37,"getImp result contains NA(s) or NaN(s); replacing with 0(s), yet this is suspicious."
37,"getImp result contains NA(s) or NaN(s); replacing with 0(s), yet this is suspicious."
37,"getImp result contains NA(s) or NaN(s); replacing with 0(s), yet this is suspicious."
37,"getImp result contains NA(s) or NaN(s); replacing with 0(s), yet this is suspicious."
37,"getImp result contains NA(s) or NaN(s); replacing with 0(s), yet this is suspicious."
37,"getImp result contains NA(s) or NaN(s); replacing with 0(s), yet this is suspicious."
37,"getImp result contains NA(s) or NaN(s); replacing with 0(s), yet this is suspicious."
37,"getImp result contains NA(s) or NaN(s); replacing with 0(s), yet this is suspicious."
37,"getImp result contains NA(s) or NaN(s); replacing with 0(s), yet this is suspicious."
37,"getImp result contains NA(s) or NaN(s); replacing with 0(s), yet this is suspicious."
37,"getImp result contains NA(s) or NaN(s); replacing with 0(s), yet this is suspicious."
37,"getImp result contains NA(s) or NaN(s); replacing with 0(s), yet this is suspicious."
37,"getImp result contains NA(s) or NaN(s); replacing with 0(s), yet this is suspicious."
37,"getImp result contains NA(s) or NaN(s); replacing with 0(s), yet this is suspicious."
38,"getImp result contains NA(s) or NaN(s); replacing with 0(s), yet this is suspicious."
38,"getImp result contains NA(s) or NaN(s); replacing with 0(s), yet this is suspicious."
38,"getImp result contains NA(s) or NaN(s); replacing with 0(s), yet this is suspicious."
38,"getImp result contains NA(s) or NaN(s); replacing with 0(s), yet this is suspicious."
38,"getImp result contains NA(s) or NaN(s); replacing with 0(s), yet this is suspicious."
38,"getImp result contains NA(s) or NaN(s); replacing with 0(s), yet this is suspicious."
38,"getImp result contains NA(s) or NaN(s); replacing with 0(s), yet this is suspicious."
38,"getImp result contains NA(s) or NaN(s); replacing with 0(s), yet this is suspicious."
38,"getImp result contains NA(s) or NaN(s); replacing with 0(s), yet this is suspicious."
38,"getImp result contains NA(s) or NaN(s); replacing with 0(s), yet this is suspicious."
38,"getImp result contains NA(s) or NaN(s); replacing with 0(s), yet this is suspicious."
38,"getImp result contains NA(s) or NaN(s); replacing with 0(s), yet this is suspicious."
38,"getImp result contains NA(s) or NaN(s); replacing with 0(s), yet this is suspicious."
38,"getImp result contains NA(s) or NaN(s); replacing with 0(s), yet this is suspicious."
38,"getImp result contains NA(s) or NaN(s); replacing with 0(s), yet this is suspicious."
39,"getImp result contains NA(s) or NaN(s); replacing with 0(s), yet this is suspicious."
39,"getImp result contains NA(s) or NaN(s); replacing with 0(s), yet this is suspicious."
39,"getImp result contains NA(s) or NaN(s); replacing with 0(s), yet this is suspicious."
39,"getImp result contains NA(s) or NaN(s); replacing with 0(s), yet this is suspicious."
39,"getImp result contains NA(s) or NaN(s); replacing with 0(s), yet this is suspicious."
39,"getImp result contains NA(s) or NaN(s); replacing with 0(s), yet this is suspicious."
39,"getImp result contains NA(s) or NaN(s); replacing with 0(s), yet this is suspicious."
39,"getImp result contains NA(s) or NaN(s); replacing with 0(s), yet this is suspicious."
39,"getImp result contains NA(s) or NaN(s); replacing with 0(s), yet this is suspicious."
39,"getImp result contains NA(s) or NaN(s); replacing with 0(s), yet this is suspicious."
39,"getImp result contains NA(s) or NaN(s); replacing with 0(s), yet this is suspicious."
39,"getImp result contains NA(s) or NaN(s); replacing with 0(s), yet this is suspicious."
39,"getImp result contains NA(s) or NaN(s); replacing with 0(s), yet this is suspicious."
39,"getImp result contains NA(s) or NaN(s); replacing with 0(s), yet this is suspicious."
39,"getImp result contains NA(s) or NaN(s); replacing with 0(s), yet this is suspicious."
39,"getImp result contains NA(s) or NaN(s); replacing with 0(s), yet this is suspicious."
39,"getImp result contains NA(s) or NaN(s); replacing with 0(s), yet this is suspicious."
39,"getImp result contains NA(s) or NaN(s); replacing with 0(s), yet this is suspicious."
40,"getImp result contains NA(s) or NaN(s); replacing with 0(s), yet this is suspicious."
40,"getImp result contains NA(s) or NaN(s); replacing with 0(s), yet this is suspicious."
40,"getImp result contains NA(s) or NaN(s); replacing with 0(s), yet this is suspicious."
40,"getImp result contains NA(s) or NaN(s); replacing with 0(s), yet this is suspicious."
40,"getImp result contains NA(s) or NaN(s); replacing with 0(s), yet this is suspicious."
40,"getImp result contains NA(s) or NaN(s); replacing with 0(s), yet this is suspicious."
40,"getImp result contains NA(s) or NaN(s); replacing with 0(s), yet this is suspicious."
40,"getImp result contains NA(s) or NaN(s); replacing with 0(s), yet this is suspicious."
40,"getImp result contains NA(s) or NaN(s); replacing with 0(s), yet this is suspicious."
40,"getImp result contains NA(s) or NaN(s); replacing with 0(s), yet this is suspicious."
40,"getImp result contains NA(s) or NaN(s); replacing with 0(s), yet this is suspicious."
40,"getImp result contains NA(s) or NaN(s); replacing with 0(s), yet this is suspicious."
40,"getImp result contains NA(s) or NaN(s); replacing with 0(s), yet this is suspicious."
40,"getImp result contains NA(s) or NaN(s); replacing with 0(s), yet this is suspicious."
40,"getImp result contains NA(s) or NaN(s); replacing with 0(s), yet this is suspicious."
41,"getImp result contains NA(s) or NaN(s); replacing with 0(s), yet this is suspicious."
41,"getImp result contains NA(s) or NaN(s); replacing with 0(s), yet this is suspicious."
41,"getImp result contains NA(s) or NaN(s); replacing with 0(s), yet this is suspicious."
41,"getImp result contains NA(s) or NaN(s); replacing with 0(s), yet this is suspicious."
41,"getImp result contains NA(s) or NaN(s); replacing with 0(s), yet this is suspicious."
41,"getImp result contains NA(s) or NaN(s); replacing with 0(s), yet this is suspicious."
41,"getImp result contains NA(s) or NaN(s); replacing with 0(s), yet this is suspicious."
41,"getImp result contains NA(s) or NaN(s); replacing with 0(s), yet this is suspicious."
41,"getImp result contains NA(s) or NaN(s); replacing with 0(s), yet this is suspicious."
41,"getImp result contains NA(s) or NaN(s); replacing with 0(s), yet this is suspicious."
41,"getImp result contains NA(s) or NaN(s); replacing with 0(s), yet this is suspicious."
41,"getImp result contains NA(s) or NaN(s); replacing with 0(s), yet this is suspicious."
41,"getImp result contains NA(s) or NaN(s); replacing with 0(s), yet this is suspicious."
41,"getImp result contains NA(s) or NaN(s); replacing with 0(s), yet this is suspicious."
41,"getImp result contains NA(s) or NaN(s); replacing with 0(s), yet this is suspicious."
42,"getImp result contains NA(s) or NaN(s); replacing with 0(s), yet this is suspicious."
42,"getImp result contains NA(s) or NaN(s); replacing with 0(s), yet this is suspicious."
42,"getImp result contains NA(s) or NaN(s); replacing with 0(s), yet this is suspicious."
42,"getImp result contains NA(s) or NaN(s); replacing with 0(s), yet this is suspicious."
42,"getImp result contains NA(s) or NaN(s); replacing with 0(s), yet this is suspicious."
42,"getImp result contains NA(s) or NaN(s); replacing with 0(s), yet this is suspicious."
42,"getImp result contains NA(s) or NaN(s); replacing with 0(s), yet this is suspicious."
42,"getImp result contains NA(s) or NaN(s); replacing with 0(s), yet this is suspicious."
42,"getImp result contains NA(s) or NaN(s); replacing with 0(s), yet this is suspicious."
42,"getImp result contains NA(s) or NaN(s); replacing with 0(s), yet this is suspicious."
42,"getImp result contains NA(s) or NaN(s); replacing with 0(s), yet this is suspicious."
42,"getImp result contains NA(s) or NaN(s); replacing with 0(s), yet this is suspicious."
42,"getImp result contains NA(s) or NaN(s); replacing with 0(s), yet this is suspicious."
42,"getImp result contains NA(s) or NaN(s); replacing with 0(s), yet this is suspicious."
42,"getImp result contains NA(s) or NaN(s); replacing with 0(s), yet this is suspicious."
43,"getImp result contains NA(s) or NaN(s); replacing with 0(s), yet this is suspicious."
43,"getImp result contains NA(s) or NaN(s); replacing with 0(s), yet this is suspicious."
43,"getImp result contains NA(s) or NaN(s); replacing with 0(s), yet this is suspicious."
43,"getImp result contains NA(s) or NaN(s); replacing with 0(s), yet this is suspicious."
43,"getImp result contains NA(s) or NaN(s); replacing with 0(s), yet this is suspicious."
43,"getImp result contains NA(s) or NaN(s); replacing with 0(s), yet this is suspicious."
43,"getImp result contains NA(s) or NaN(s); replacing with 0(s), yet this is suspicious."
43,"getImp result contains NA(s) or NaN(s); replacing with 0(s), yet this is suspicious."
43,"getImp result contains NA(s) or NaN(s); replacing with 0(s), yet this is suspicious."
43,"getImp result contains NA(s) or NaN(s); replacing with 0(s), yet this is suspicious."
43,"getImp result contains NA(s) or NaN(s); replacing with 0(s), yet this is suspicious."
43,"getImp result contains NA(s) or NaN(s); replacing with 0(s), yet this is suspicious."
43,"getImp result contains NA(s) or NaN(s); replacing with 0(s), yet this is suspicious."
43,"getImp result contains NA(s) or NaN(s); replacing with 0(s), yet this is suspicious."
43,"getImp result contains NA(s) or NaN(s); replacing with 0(s), yet this is suspicious."
43,"getImp result contains NA(s) or NaN(s); replacing with 0(s), yet this is suspicious."
43,"getImp result contains NA(s) or NaN(s); replacing with 0(s), yet this is suspicious."
44,"getImp result contains NA(s) or NaN(s); replacing with 0(s), yet this is suspicious."
44,"getImp result contains NA(s) or NaN(s); replacing with 0(s), yet this is suspicious."
44,"getImp result contains NA(s) or NaN(s); replacing with 0(s), yet this is suspicious."
44,"getImp result contains NA(s) or NaN(s); replacing with 0(s), yet this is suspicious."
44,"getImp result contains NA(s) or NaN(s); replacing with 0(s), yet this is suspicious."
44,"getImp result contains NA(s) or NaN(s); replacing with 0(s), yet this is suspicious."
44,"getImp result contains NA(s) or NaN(s); replacing with 0(s), yet this is suspicious."
44,"getImp result contains NA(s) or NaN(s); replacing with 0(s), yet this is suspicious."
44,"getImp result contains NA(s) or NaN(s); replacing with 0(s), yet this is suspicious."
44,"getImp result contains NA(s) or NaN(s); replacing with 0(s), yet this is suspicious."
44,"getImp result contains NA(s) or NaN(s); replacing with 0(s), yet this is suspicious."
44,"getImp result contains NA(s) or NaN(s); replacing with 0(s), yet this is suspicious."
44,"getImp result contains NA(s) or NaN(s); replacing with 0(s), yet this is suspicious."
44,"getImp result contains NA(s) or NaN(s); replacing with 0(s), yet this is suspicious."
44,"getImp result contains NA(s) or NaN(s); replacing with 0(s), yet this is suspicious."
45,"getImp result contains NA(s) or NaN(s); replacing with 0(s), yet this is suspicious."
45,"getImp result contains NA(s) or NaN(s); replacing with 0(s), yet this is suspicious."
45,"getImp result contains NA(s) or NaN(s); replacing with 0(s), yet this is suspicious."
45,"getImp result contains NA(s) or NaN(s); replacing with 0(s), yet this is suspicious."
45,"getImp result contains NA(s) or NaN(s); replacing with 0(s), yet this is suspicious."
45,"getImp result contains NA(s) or NaN(s); replacing with 0(s), yet this is suspicious."
45,"getImp result contains NA(s) or NaN(s); replacing with 0(s), yet this is suspicious."
45,"getImp result contains NA(s) or NaN(s); replacing with 0(s), yet this is suspicious."
45,"getImp result contains NA(s) or NaN(s); replacing with 0(s), yet this is suspicious."
45,"getImp result contains NA(s) or NaN(s); replacing with 0(s), yet this is suspicious."
45,"getImp result contains NA(s) or NaN(s); replacing with 0(s), yet this is suspicious."
45,"getImp result contains NA(s) or NaN(s); replacing with 0(s), yet this is suspicious."
45,"getImp result contains NA(s) or NaN(s); replacing with 0(s), yet this is suspicious."
45,"getImp result contains NA(s) or NaN(s); replacing with 0(s), yet this is suspicious."
45,"getImp result contains NA(s) or NaN(s); replacing with 0(s), yet this is suspicious."
46,"getImp result contains NA(s) or NaN(s); replacing with 0(s), yet this is suspicious."
46,"getImp result contains NA(s) or NaN(s); replacing with 0(s), yet this is suspicious."
46,"getImp result contains NA(s) or NaN(s); replacing with 0(s), yet this is suspicious."
46,"getImp result contains NA(s) or NaN(s); replacing with 0(s), yet this is suspicious."
46,"getImp result contains NA(s) or NaN(s); replacing with 0(s), yet this is suspicious."
46,"getImp result contains NA(s) or NaN(s); replacing with 0(s), yet this is suspicious."
46,"getImp result contains NA(s) or NaN(s); replacing with 0(s), yet this is suspicious."
46,"getImp result contains NA(s) or NaN(s); replacing with 0(s), yet this is suspicious."
46,"getImp result contains NA(s) or NaN(s); replacing with 0(s), yet this is suspicious."
46,"getImp result contains NA(s) or NaN(s); replacing with 0(s), yet this is suspicious."
46,"getImp result contains NA(s) or NaN(s); replacing with 0(s), yet this is suspicious."
46,"getImp result contains NA(s) or NaN(s); replacing with 0(s), yet this is suspicious."
46,"getImp result contains NA(s) or NaN(s); replacing with 0(s), yet this is suspicious."
46,"getImp result contains NA(s) or NaN(s); replacing with 0(s), yet this is suspicious."
46,"getImp result contains NA(s) or NaN(s); replacing with 0(s), yet this is suspicious."
47,"getImp result contains NA(s) or NaN(s); replacing with 0(s), yet this is suspicious."
47,"getImp result contains NA(s) or NaN(s); replacing with 0(s), yet this is suspicious."
47,"getImp result contains NA(s) or NaN(s); replacing with 0(s), yet this is suspicious."
47,"getImp result contains NA(s) or NaN(s); replacing with 0(s), yet this is suspicious."
47,"getImp result contains NA(s) or NaN(s); replacing with 0(s), yet this is suspicious."
47,"getImp result contains NA(s) or NaN(s); replacing with 0(s), yet this is suspicious."
47,"getImp result contains NA(s) or NaN(s); replacing with 0(s), yet this is suspicious."
47,"getImp result contains NA(s) or NaN(s); replacing with 0(s), yet this is suspicious."
47,"getImp result contains NA(s) or NaN(s); replacing with 0(s), yet this is suspicious."
47,"getImp result contains NA(s) or NaN(s); replacing with 0(s), yet this is suspicious."
47,"getImp result contains NA(s) or NaN(s); replacing with 0(s), yet this is suspicious."
47,"getImp result contains NA(s) or NaN(s); replacing with 0(s), yet this is suspicious."
47,"getImp result contains NA(s) or NaN(s); replacing with 0(s), yet this is suspicious."
47,"getImp result contains NA(s) or NaN(s); replacing with 0(s), yet this is suspicious."
47,"getImp result contains NA(s) or NaN(s); replacing with 0(s), yet this is suspicious."
47,"getImp result contains NA(s) or NaN(s); replacing with 0(s), yet this is suspicious."
48,"getImp result contains NA(s) or NaN(s); replacing with 0(s), yet this is suspicious."
48,"getImp result contains NA(s) or NaN(s); replacing with 0(s), yet this is suspicious."
48,"getImp result contains NA(s) or NaN(s); replacing with 0(s), yet this is suspicious."
48,"getImp result contains NA(s) or NaN(s); replacing with 0(s), yet this is suspicious."
48,"getImp result contains NA(s) or NaN(s); replacing with 0(s), yet this is suspicious."
48,"getImp result contains NA(s) or NaN(s); replacing with 0(s), yet this is suspicious."
48,"getImp result contains NA(s) or NaN(s); replacing with 0(s), yet this is suspicious."
48,"getImp result contains NA(s) or NaN(s); replacing with 0(s), yet this is suspicious."
48,"getImp result contains NA(s) or NaN(s); replacing with 0(s), yet this is suspicious."
48,"getImp result contains NA(s) or NaN(s); replacing with 0(s), yet this is suspicious."
48,"getImp result contains NA(s) or NaN(s); replacing with 0(s), yet this is suspicious."
48,"getImp result contains NA(s) or NaN(s); replacing with 0(s), yet this is suspicious."
48,"getImp result contains NA(s) or NaN(s); replacing with 0(s), yet this is suspicious."
48,"getImp result contains NA(s) or NaN(s); replacing with 0(s), yet this is suspicious."
48,"getImp result contains NA(s) or NaN(s); replacing with 0(s), yet this is suspicious."
48,"getImp result contains NA(s) or NaN(s); replacing with 0(s), yet this is suspicious."
49,"getImp result contains NA(s) or NaN(s); replacing with 0(s), yet this is suspicious."
49,"getImp result contains NA(s) or NaN(s); replacing with 0(s), yet this is suspicious."
49,"getImp result contains NA(s) or NaN(s); replacing with 0(s), yet this is suspicious."
49,"getImp result contains NA(s) or NaN(s); replacing with 0(s), yet this is suspicious."
49,"getImp result contains NA(s) or NaN(s); replacing with 0(s), yet this is suspicious."
49,"getImp result contains NA(s) or NaN(s); replacing with 0(s), yet this is suspicious."
49,"getImp result contains NA(s) or NaN(s); replacing with 0(s), yet this is suspicious."
49,"getImp result contains NA(s) or NaN(s); replacing with 0(s), yet this is suspicious."
49,"getImp result contains NA(s) or NaN(s); replacing with 0(s), yet this is suspicious."
49,"getImp result contains NA(s) or NaN(s); replacing with 0(s), yet this is suspicious."
49,"getImp result contains NA(s) or NaN(s); replacing with 0(s), yet this is suspicious."
49,"getImp result contains NA(s) or NaN(s); replacing with 0(s), yet this is suspicious."
49,"getImp result contains NA(s) or NaN(s); replacing with 0(s), yet this is suspicious."
49,"getImp result contains NA(s) or NaN(s); replacing with 0(s), yet this is suspicious."
49,"getImp result contains NA(s) or NaN(s); replacing with 0(s), yet this is suspicious."
50,"getImp result contains NA(s) or NaN(s); replacing with 0(s), yet this is suspicious."
50,"getImp result contains NA(s) or NaN(s); replacing with 0(s), yet this is suspicious."
50,"getImp result contains NA(s) or NaN(s); replacing with 0(s), yet this is suspicious."
50,"getImp result contains NA(s) or NaN(s); replacing with 0(s), yet this is suspicious."
50,"getImp result contains NA(s) or NaN(s); replacing with 0(s), yet this is suspicious."
50,"getImp result contains NA(s) or NaN(s); replacing with 0(s), yet this is suspicious."
50,"getImp result contains NA(s) or NaN(s); replacing with 0(s), yet this is suspicious."
50,"getImp result contains NA(s) or NaN(s); replacing with 0(s), yet this is suspicious."
50,"getImp result contains NA(s) or NaN(s); replacing with 0(s), yet this is suspicious."
50,"getImp result contains NA(s) or NaN(s); replacing with 0(s), yet this is suspicious."
50,"getImp result contains NA(s) or NaN(s); replacing with 0(s), yet this is suspicious."
50,"getImp result contains NA(s) or NaN(s); replacing with 0(s), yet this is suspicious."
50,"getImp result contains NA(s) or NaN(s); replacing with 0(s), yet this is suspicious."
50,"getImp result contains NA(s) or NaN(s); replacing with 0(s), yet this is suspicious."
50,"getImp result contains NA(s) or NaN(s); replacing with 0(s), yet this is suspicious."
51,"getImp result contains NA(s) or NaN(s); replacing with 0(s), yet this is suspicious."
51,"getImp result contains NA(s) or NaN(s); replacing with 0(s), yet this is suspicious."
51,"getImp result contains NA(s) or NaN(s); replacing with 0(s), yet this is suspicious."
51,"getImp result contains NA(s) or NaN(s); replacing with 0(s), yet this is suspicious."
51,"getImp result contains NA(s) or NaN(s); replacing with 0(s), yet this is suspicious."
51,"getImp result contains NA(s) or NaN(s); replacing with 0(s), yet this is suspicious."
51,"getImp result contains NA(s) or NaN(s); replacing with 0(s), yet this is suspicious."
51,"getImp result contains NA(s) or NaN(s); replacing with 0(s), yet this is suspicious."
51,"getImp result contains NA(s) or NaN(s); replacing with 0(s), yet this is suspicious."
51,"getImp result contains NA(s) or NaN(s); replacing with 0(s), yet this is suspicious."
51,"getImp result contains NA(s) or NaN(s); replacing with 0(s), yet this is suspicious."
51,"getImp result contains NA(s) or NaN(s); replacing with 0(s), yet this is suspicious."
51,"getImp result contains NA(s) or NaN(s); replacing with 0(s), yet this is suspicious."
51,"getImp result contains NA(s) or NaN(s); replacing with 0(s), yet this is suspicious."
51,"getImp result contains NA(s) or NaN(s); replacing with 0(s), yet this is suspicious."
52,"getImp result contains NA(s) or NaN(s); replacing with 0(s), yet this is suspicious."
52,"getImp result contains NA(s) or NaN(s); replacing with 0(s), yet this is suspicious."
52,"getImp result contains NA(s) or NaN(s); replacing with 0(s), yet this is suspicious."
52,"getImp result contains NA(s) or NaN(s); replacing with 0(s), yet this is suspicious."
52,"getImp result contains NA(s) or NaN(s); replacing with 0(s), yet this is suspicious."
52,"getImp result contains NA(s) or NaN(s); replacing with 0(s), yet this is suspicious."
52,"getImp result contains NA(s) or NaN(s); replacing with 0(s), yet this is suspicious."
52,"getImp result contains NA(s) or NaN(s); replacing with 0(s), yet this is suspicious."
52,"getImp result contains NA(s) or NaN(s); replacing with 0(s), yet this is suspicious."
52,"getImp result contains NA(s) or NaN(s); replacing with 0(s), yet this is suspicious."
52,"getImp result contains NA(s) or NaN(s); replacing with 0(s), yet this is suspicious."
52,"getImp result contains NA(s) or NaN(s); replacing with 0(s), yet this is suspicious."
52,"getImp result contains NA(s) or NaN(s); replacing with 0(s), yet this is suspicious."
52,"getImp result contains NA(s) or NaN(s); replacing with 0(s), yet this is suspicious."
52,"getImp result contains NA(s) or NaN(s); replacing with 0(s), yet this is suspicious."
53,"getImp result contains NA(s) or NaN(s); replacing with 0(s), yet this is suspicious."
53,"getImp result contains NA(s) or NaN(s); replacing with 0(s), yet this is suspicious."
53,"getImp result contains NA(s) or NaN(s); replacing with 0(s), yet this is suspicious."
53,"getImp result contains NA(s) or NaN(s); replacing with 0(s), yet this is suspicious."
53,"getImp result contains NA(s) or NaN(s); replacing with 0(s), yet this is suspicious."
53,"getImp result contains NA(s) or NaN(s); replacing with 0(s), yet this is suspicious."
53,"getImp result contains NA(s) or NaN(s); replacing with 0(s), yet this is suspicious."
53,"getImp result contains NA(s) or NaN(s); replacing with 0(s), yet this is suspicious."
53,"getImp result contains NA(s) or NaN(s); replacing with 0(s), yet this is suspicious."
53,"getImp result contains NA(s) or NaN(s); replacing with 0(s), yet this is suspicious."
53,"getImp result contains NA(s) or NaN(s); replacing with 0(s), yet this is suspicious."
53,"getImp result contains NA(s) or NaN(s); replacing with 0(s), yet this is suspicious."
53,"getImp result contains NA(s) or NaN(s); replacing with 0(s), yet this is suspicious."
53,"getImp result contains NA(s) or NaN(s); replacing with 0(s), yet this is suspicious."
53,"getImp result contains NA(s) or NaN(s); replacing with 0(s), yet this is suspicious."
54,"getImp result contains NA(s) or NaN(s); replacing with 0(s), yet this is suspicious."
54,"getImp result contains NA(s) or NaN(s); replacing with 0(s), yet this is suspicious."
54,"getImp result contains NA(s) or NaN(s); replacing with 0(s), yet this is suspicious."
54,"getImp result contains NA(s) or NaN(s); replacing with 0(s), yet this is suspicious."
54,"getImp result contains NA(s) or NaN(s); replacing with 0(s), yet this is suspicious."
54,"getImp result contains NA(s) or NaN(s); replacing with 0(s), yet this is suspicious."
54,"getImp result contains NA(s) or NaN(s); replacing with 0(s), yet this is suspicious."
54,"getImp result contains NA(s) or NaN(s); replacing with 0(s), yet this is suspicious."
54,"getImp result contains NA(s) or NaN(s); replacing with 0(s), yet this is suspicious."
54,"getImp result contains NA(s) or NaN(s); replacing with 0(s), yet this is suspicious."
54,"getImp result contains NA(s) or NaN(s); replacing with 0(s), yet this is suspicious."
54,"getImp result contains NA(s) or NaN(s); replacing with 0(s), yet this is suspicious."
54,"getImp result contains NA(s) or NaN(s); replacing with 0(s), yet this is suspicious."
54,"getImp result contains NA(s) or NaN(s); replacing with 0(s), yet this is suspicious."
54,"getImp result contains NA(s) or NaN(s); replacing with 0(s), yet this is suspicious."
54,"getImp result contains NA(s) or NaN(s); replacing with 0(s), yet this is suspicious."
54,"getImp result contains NA(s) or NaN(s); replacing with 0(s), yet this is suspicious."
55,"getImp result contains NA(s) or NaN(s); replacing with 0(s), yet this is suspicious."
55,"getImp result contains NA(s) or NaN(s); replacing with 0(s), yet this is suspicious."
55,"getImp result contains NA(s) or NaN(s); replacing with 0(s), yet this is suspicious."
55,"getImp result contains NA(s) or NaN(s); replacing with 0(s), yet this is suspicious."
55,"getImp result contains NA(s) or NaN(s); replacing with 0(s), yet this is suspicious."
55,"getImp result contains NA(s) or NaN(s); replacing with 0(s), yet this is suspicious."
55,"getImp result contains NA(s) or NaN(s); replacing with 0(s), yet this is suspicious."
55,"getImp result contains NA(s) or NaN(s); replacing with 0(s), yet this is suspicious."
55,"getImp result contains NA(s) or NaN(s); replacing with 0(s), yet this is suspicious."
55,"getImp result contains NA(s) or NaN(s); replacing with 0(s), yet this is suspicious."
55,"getImp result contains NA(s) or NaN(s); replacing with 0(s), yet this is suspicious."
55,"getImp result contains NA(s) or NaN(s); replacing with 0(s), yet this is suspicious."
55,"getImp result contains NA(s) or NaN(s); replacing with 0(s), yet this is suspicious."
55,"getImp result contains NA(s) or NaN(s); replacing with 0(s), yet this is suspicious."
55,"getImp result contains NA(s) or NaN(s); replacing with 0(s), yet this is suspicious."
55,"getImp result contains NA(s) or NaN(s); replacing with 0(s), yet this is suspicious."
55,"getImp result contains NA(s) or NaN(s); replacing with 0(s), yet this is suspicious."
56,"getImp result contains NA(s) or NaN(s); replacing with 0(s), yet this is suspicious."
56,"getImp result contains NA(s) or NaN(s); replacing with 0(s), yet this is suspicious."
56,"getImp result contains NA(s) or NaN(s); replacing with 0(s), yet this is suspicious."
56,"getImp result contains NA(s) or NaN(s); replacing with 0(s), yet this is suspicious."
56,"getImp result contains NA(s) or NaN(s); replacing with 0(s), yet this is suspicious."
56,"getImp result contains NA(s) or NaN(s); replacing with 0(s), yet this is suspicious."
56,"getImp result contains NA(s) or NaN(s); replacing with 0(s), yet this is suspicious."
56,"getImp result contains NA(s) or NaN(s); replacing with 0(s), yet this is suspicious."
56,"getImp result contains NA(s) or NaN(s); replacing with 0(s), yet this is suspicious."
56,"getImp result contains NA(s) or NaN(s); replacing with 0(s), yet this is suspicious."
56,"getImp result contains NA(s) or NaN(s); replacing with 0(s), yet this is suspicious."
56,"getImp result contains NA(s) or NaN(s); replacing with 0(s), yet this is suspicious."
56,"getImp result contains NA(s) or NaN(s); replacing with 0(s), yet this is suspicious."
56,"getImp result contains NA(s) or NaN(s); replacing with 0(s), yet this is suspicious."
56,"getImp result contains NA(s) or NaN(s); replacing with 0(s), yet this is suspicious."
56,"getImp result contains NA(s) or NaN(s); replacing with 0(s), yet this is suspicious."
56,"getImp result contains NA(s) or NaN(s); replacing with 0(s), yet this is suspicious."
57,"getImp result contains NA(s) or NaN(s); replacing with 0(s), yet this is suspicious."
57,"getImp result contains NA(s) or NaN(s); replacing with 0(s), yet this is suspicious."
57,"getImp result contains NA(s) or NaN(s); replacing with 0(s), yet this is suspicious."
57,"getImp result contains NA(s) or NaN(s); replacing with 0(s), yet this is suspicious."
57,"getImp result contains NA(s) or NaN(s); replacing with 0(s), yet this is suspicious."
57,"getImp result contains NA(s) or NaN(s); replacing with 0(s), yet this is suspicious."
57,"getImp result contains NA(s) or NaN(s); replacing with 0(s), yet this is suspicious."
57,"getImp result contains NA(s) or NaN(s); replacing with 0(s), yet this is suspicious."
57,"getImp result contains NA(s) or NaN(s); replacing with 0(s), yet this is suspicious."
57,"getImp result contains NA(s) or NaN(s); replacing with 0(s), yet this is suspicious."
57,"getImp result contains NA(s) or NaN(s); replacing with 0(s), yet this is suspicious."
57,"getImp result contains NA(s) or NaN(s); replacing with 0(s), yet this is suspicious."
57,"getImp result contains NA(s) or NaN(s); replacing with 0(s), yet this is suspicious."
57,"getImp result contains NA(s) or NaN(s); replacing with 0(s), yet this is suspicious."
57,"getImp result contains NA(s) or NaN(s); replacing with 0(s), yet this is suspicious."
58,"getImp result contains NA(s) or NaN(s); replacing with 0(s), yet this is suspicious."
58,"getImp result contains NA(s) or NaN(s); replacing with 0(s), yet this is suspicious."
58,"getImp result contains NA(s) or NaN(s); replacing with 0(s), yet this is suspicious."
58,"getImp result contains NA(s) or NaN(s); replacing with 0(s), yet this is suspicious."
58,"getImp result contains NA(s) or NaN(s); replacing with 0(s), yet this is suspicious."
58,"getImp result contains NA(s) or NaN(s); replacing with 0(s), yet this is suspicious."
58,"getImp result contains NA(s) or NaN(s); replacing with 0(s), yet this is suspicious."
58,"getImp result contains NA(s) or NaN(s); replacing with 0(s), yet this is suspicious."
58,"getImp result contains NA(s) or NaN(s); replacing with 0(s), yet this is suspicious."
58,"getImp result contains NA(s) or NaN(s); replacing with 0(s), yet this is suspicious."
58,"getImp result contains NA(s) or NaN(s); replacing with 0(s), yet this is suspicious."
58,"getImp result contains NA(s) or NaN(s); replacing with 0(s), yet this is suspicious."
58,"getImp result contains NA(s) or NaN(s); replacing with 0(s), yet this is suspicious."
58,"getImp result contains NA(s) or NaN(s); replacing with 0(s), yet this is suspicious."
58,"getImp result contains NA(s) or NaN(s); replacing with 0(s), yet this is suspicious."
59,"getImp result contains NA(s) or NaN(s); replacing with 0(s), yet this is suspicious."
59,"getImp result contains NA(s) or NaN(s); replacing with 0(s), yet this is suspicious."
59,"getImp result contains NA(s) or NaN(s); replacing with 0(s), yet this is suspicious."
59,"getImp result contains NA(s) or NaN(s); replacing with 0(s), yet this is suspicious."
59,"getImp result contains NA(s) or NaN(s); replacing with 0(s), yet this is suspicious."
59,"getImp result contains NA(s) or NaN(s); replacing with 0(s), yet this is suspicious."
59,"getImp result contains NA(s) or NaN(s); replacing with 0(s), yet this is suspicious."
59,"getImp result contains NA(s) or NaN(s); replacing with 0(s), yet this is suspicious."
59,"getImp result contains NA(s) or NaN(s); replacing with 0(s), yet this is suspicious."
59,"getImp result contains NA(s) or NaN(s); replacing with 0(s), yet this is suspicious."
59,"getImp result contains NA(s) or NaN(s); replacing with 0(s), yet this is suspicious."
59,"getImp result contains NA(s) or NaN(s); replacing with 0(s), yet this is suspicious."
59,"getImp result contains NA(s) or NaN(s); replacing with 0(s), yet this is suspicious."
59,"getImp result contains NA(s) or NaN(s); replacing with 0(s), yet this is suspicious."
59,"getImp result contains NA(s) or NaN(s); replacing with 0(s), yet this is suspicious."
60,"getImp result contains NA(s) or NaN(s); replacing with 0(s), yet this is suspicious."
60,"getImp result contains NA(s) or NaN(s); replacing with 0(s), yet this is suspicious."
60,"getImp result contains NA(s) or NaN(s); replacing with 0(s), yet this is suspicious."
60,"getImp result contains NA(s) or NaN(s); replacing with 0(s), yet this is suspicious."
60,"getImp result contains NA(s) or NaN(s); replacing with 0(s), yet this is suspicious."
60,"getImp result contains NA(s) or NaN(s); replacing with 0(s), yet this is suspicious."
60,"getImp result contains NA(s) or NaN(s); replacing with 0(s), yet this is suspicious."
60,"getImp result contains NA(s) or NaN(s); replacing with 0(s), yet this is suspicious."
60,"getImp result contains NA(s) or NaN(s); replacing with 0(s), yet this is suspicious."
60,"getImp result contains NA(s) or NaN(s); replacing with 0(s), yet this is suspicious."
60,"getImp result contains NA(s) or NaN(s); replacing with 0(s), yet this is suspicious."
60,"getImp result contains NA(s) or NaN(s); replacing with 0(s), yet this is suspicious."
60,"getImp result contains NA(s) or NaN(s); replacing with 0(s), yet this is suspicious."
60,"getImp result contains NA(s) or NaN(s); replacing with 0(s), yet this is suspicious."
60,"getImp result contains NA(s) or NaN(s); replacing with 0(s), yet this is suspicious."
61,"getImp result contains NA(s) or NaN(s); replacing with 0(s), yet this is suspicious."
61,"getImp result contains NA(s) or NaN(s); replacing with 0(s), yet this is suspicious."
61,"getImp result contains NA(s) or NaN(s); replacing with 0(s), yet this is suspicious."
61,"getImp result contains NA(s) or NaN(s); replacing with 0(s), yet this is suspicious."
61,"getImp result contains NA(s) or NaN(s); replacing with 0(s), yet this is suspicious."
61,"getImp result contains NA(s) or NaN(s); replacing with 0(s), yet this is suspicious."
61,"getImp result contains NA(s) or NaN(s); replacing with 0(s), yet this is suspicious."
61,"getImp result contains NA(s) or NaN(s); replacing with 0(s), yet this is suspicious."
61,"getImp result contains NA(s) or NaN(s); replacing with 0(s), yet this is suspicious."
61,"getImp result contains NA(s) or NaN(s); replacing with 0(s), yet this is suspicious."
61,"getImp result contains NA(s) or NaN(s); replacing with 0(s), yet this is suspicious."
61,"getImp result contains NA(s) or NaN(s); replacing with 0(s), yet this is suspicious."
61,"getImp result contains NA(s) or NaN(s); replacing with 0(s), yet this is suspicious."
61,"getImp result contains NA(s) or NaN(s); replacing with 0(s), yet this is suspicious."
61,"getImp result contains NA(s) or NaN(s); replacing with 0(s), yet this is suspicious."
62,"getImp result contains NA(s) or NaN(s); replacing with 0(s), yet this is suspicious."
62,"getImp result contains NA(s) or NaN(s); replacing with 0(s), yet this is suspicious."
62,"getImp result contains NA(s) or NaN(s); replacing with 0(s), yet this is suspicious."
62,"getImp result contains NA(s) or NaN(s); replacing with 0(s), yet this is suspicious."
62,"getImp result contains NA(s) or NaN(s); replacing with 0(s), yet this is suspicious."
62,"getImp result contains NA(s) or NaN(s); replacing with 0(s), yet this is suspicious."
62,"getImp result contains NA(s) or NaN(s); replacing with 0(s), yet this is suspicious."
62,"getImp result contains NA(s) or NaN(s); replacing with 0(s), yet this is suspicious."
62,"getImp result contains NA(s) or NaN(s); replacing with 0(s), yet this is suspicious."
62,"getImp result contains NA(s) or NaN(s); replacing with 0(s), yet this is suspicious."
62,"getImp result contains NA(s) or NaN(s); replacing with 0(s), yet this is suspicious."
62,"getImp result contains NA(s) or NaN(s); replacing with 0(s), yet this is suspicious."
62,"getImp result contains NA(s) or NaN(s); replacing with 0(s), yet this is suspicious."
62,"getImp result contains NA(s) or NaN(s); replacing with 0(s), yet this is suspicious."
62,"getImp result contains NA(s) or NaN(s); replacing with 0(s), yet this is suspicious."
62,"getImp result contains NA(s) or NaN(s); replacing with 0(s), yet this is suspicious."
62,"getImp result contains NA(s) or NaN(s); replacing with 0(s), yet this is suspicious."
62,"getImp result contains NA(s) or NaN(s); replacing with 0(s), yet this is suspicious."
62,"getImp result contains NA(s) or NaN(s); replacing with 0(s), yet this is suspicious."
63,"getImp result contains NA(s) or NaN(s); replacing with 0(s), yet this is suspicious."
63,"getImp result contains NA(s) or NaN(s); replacing with 0(s), yet this is suspicious."
63,"getImp result contains NA(s) or NaN(s); replacing with 0(s), yet this is suspicious."
63,"getImp result contains NA(s) or NaN(s); replacing with 0(s), yet this is suspicious."
63,"getImp result contains NA(s) or NaN(s); replacing with 0(s), yet this is suspicious."
63,"getImp result contains NA(s) or NaN(s); replacing with 0(s), yet this is suspicious."
63,"getImp result contains NA(s) or NaN(s); replacing with 0(s), yet this is suspicious."
63,"getImp result contains NA(s) or NaN(s); replacing with 0(s), yet this is suspicious."
63,"getImp result contains NA(s) or NaN(s); replacing with 0(s), yet this is suspicious."
63,"getImp result contains NA(s) or NaN(s); replacing with 0(s), yet this is suspicious."
63,"getImp result contains NA(s) or NaN(s); replacing with 0(s), yet this is suspicious."
63,"getImp result contains NA(s) or NaN(s); replacing with 0(s), yet this is suspicious."
63,"getImp result contains NA(s) or NaN(s); replacing with 0(s), yet this is suspicious."
63,"getImp result contains NA(s) or NaN(s); replacing with 0(s), yet this is suspicious."
63,"getImp result contains NA(s) or NaN(s); replacing with 0(s), yet this is suspicious."
64,"getImp result contains NA(s) or NaN(s); replacing with 0(s), yet this is suspicious."
64,"getImp result contains NA(s) or NaN(s); replacing with 0(s), yet this is suspicious."
64,"getImp result contains NA(s) or NaN(s); replacing with 0(s), yet this is suspicious."
64,"getImp result contains NA(s) or NaN(s); replacing with 0(s), yet this is suspicious."
64,"getImp result contains NA(s) or NaN(s); replacing with 0(s), yet this is suspicious."
64,"getImp result contains NA(s) or NaN(s); replacing with 0(s), yet this is suspicious."
64,"getImp result contains NA(s) or NaN(s); replacing with 0(s), yet this is suspicious."
64,"getImp result contains NA(s) or NaN(s); replacing with 0(s), yet this is suspicious."
64,"getImp result contains NA(s) or NaN(s); replacing with 0(s), yet this is suspicious."
64,"getImp result contains NA(s) or NaN(s); replacing with 0(s), yet this is suspicious."
64,"getImp result contains NA(s) or NaN(s); replacing with 0(s), yet this is suspicious."
64,"getImp result contains NA(s) or NaN(s); replacing with 0(s), yet this is suspicious."
64,"getImp result contains NA(s) or NaN(s); replacing with 0(s), yet this is suspicious."
64,"getImp result contains NA(s) or NaN(s); replacing with 0(s), yet this is suspicious."
64,"getImp result contains NA(s) or NaN(s); replacing with 0(s), yet this is suspicious."
65,"getImp result contains NA(s) or NaN(s); replacing with 0(s), yet this is suspicious."
65,"getImp result contains NA(s) or NaN(s); replacing with 0(s), yet this is suspicious."
65,"getImp result contains NA(s) or NaN(s); replacing with 0(s), yet this is suspicious."
65,"getImp result contains NA(s) or NaN(s); replacing with 0(s), yet this is suspicious."
65,"getImp result contains NA(s) or NaN(s); replacing with 0(s), yet this is suspicious."
65,"getImp result contains NA(s) or NaN(s); replacing with 0(s), yet this is suspicious."
65,"getImp result contains NA(s) or NaN(s); replacing with 0(s), yet this is suspicious."
65,"getImp result contains NA(s) or NaN(s); replacing with 0(s), yet this is suspicious."
65,"getImp result contains NA(s) or NaN(s); replacing with 0(s), yet this is suspicious."
65,"getImp result contains NA(s) or NaN(s); replacing with 0(s), yet this is suspicious."
65,"getImp result contains NA(s) or NaN(s); replacing with 0(s), yet this is suspicious."
65,"getImp result contains NA(s) or NaN(s); replacing with 0(s), yet this is suspicious."
65,"getImp result contains NA(s) or NaN(s); replacing with 0(s), yet this is suspicious."
65,"getImp result contains NA(s) or NaN(s); replacing with 0(s), yet this is suspicious."
65,"getImp result contains NA(s) or NaN(s); replacing with 0(s), yet this is suspicious."
66,"getImp result contains NA(s) or NaN(s); replacing with 0(s), yet this is suspicious."
66,"getImp result contains NA(s) or NaN(s); replacing with 0(s), yet this is suspicious."
66,"getImp result contains NA(s) or NaN(s); replacing with 0(s), yet this is suspicious."
66,"getImp result contains NA(s) or NaN(s); replacing with 0(s), yet this is suspicious."
66,"getImp result contains NA(s) or NaN(s); replacing with 0(s), yet this is suspicious."
66,"getImp result contains NA(s) or NaN(s); replacing with 0(s), yet this is suspicious."
66,"getImp result contains NA(s) or NaN(s); replacing with 0(s), yet this is suspicious."
66,"getImp result contains NA(s) or NaN(s); replacing with 0(s), yet this is suspicious."
66,"getImp result contains NA(s) or NaN(s); replacing with 0(s), yet this is suspicious."
66,"getImp result contains NA(s) or NaN(s); replacing with 0(s), yet this is suspicious."
66,"getImp result contains NA(s) or NaN(s); replacing with 0(s), yet this is suspicious."
66,"getImp result contains NA(s) or NaN(s); replacing with 0(s), yet this is suspicious."
66,"getImp result contains NA(s) or NaN(s); replacing with 0(s), yet this is suspicious."
66,"getImp result contains NA(s) or NaN(s); replacing with 0(s), yet this is suspicious."
66,"getImp result contains NA(s) or NaN(s); replacing with 0(s), yet this is suspicious."
67,"getImp result contains NA(s) or NaN(s); replacing with 0(s), yet this is suspicious."
67,"getImp result contains NA(s) or NaN(s); replacing with 0(s), yet this is suspicious."
67,"getImp result contains NA(s) or NaN(s); replacing with 0(s), yet this is suspicious."
67,"getImp result contains NA(s) or NaN(s); replacing with 0(s), yet this is suspicious."
67,"getImp result contains NA(s) or NaN(s); replacing with 0(s), yet this is suspicious."
67,"getImp result contains NA(s) or NaN(s); replacing with 0(s), yet this is suspicious."
67,"getImp result contains NA(s) or NaN(s); replacing with 0(s), yet this is suspicious."
67,"getImp result contains NA(s) or NaN(s); replacing with 0(s), yet this is suspicious."
67,"getImp result contains NA(s) or NaN(s); replacing with 0(s), yet this is suspicious."
67,"getImp result contains NA(s) or NaN(s); replacing with 0(s), yet this is suspicious."
67,"getImp result contains NA(s) or NaN(s); replacing with 0(s), yet this is suspicious."
67,"getImp result contains NA(s) or NaN(s); replacing with 0(s), yet this is suspicious."
67,"getImp result contains NA(s) or NaN(s); replacing with 0(s), yet this is suspicious."
67,"getImp result contains NA(s) or NaN(s); replacing with 0(s), yet this is suspicious."
67,"getImp result contains NA(s) or NaN(s); replacing with 0(s), yet this is suspicious."
68,"getImp result contains NA(s) or NaN(s); replacing with 0(s), yet this is suspicious."
68,"getImp result contains NA(s) or NaN(s); replacing with 0(s), yet this is suspicious."
68,"getImp result contains NA(s) or NaN(s); replacing with 0(s), yet this is suspicious."
68,"getImp result contains NA(s) or NaN(s); replacing with 0(s), yet this is suspicious."
68,"getImp result contains NA(s) or NaN(s); replacing with 0(s), yet this is suspicious."
68,"getImp result contains NA(s) or NaN(s); replacing with 0(s), yet this is suspicious."
68,"getImp result contains NA(s) or NaN(s); replacing with 0(s), yet this is suspicious."
68,"getImp result contains NA(s) or NaN(s); replacing with 0(s), yet this is suspicious."
68,"getImp result contains NA(s) or NaN(s); replacing with 0(s), yet this is suspicious."
68,"getImp result contains NA(s) or NaN(s); replacing with 0(s), yet this is suspicious."
68,"getImp result contains NA(s) or NaN(s); replacing with 0(s), yet this is suspicious."
68,"getImp result contains NA(s) or NaN(s); replacing with 0(s), yet this is suspicious."
68,"getImp result contains NA(s) or NaN(s); replacing with 0(s), yet this is suspicious."
68,"getImp result contains NA(s) or NaN(s); replacing with 0(s), yet this is suspicious."
68,"getImp result contains NA(s) or NaN(s); replacing with 0(s), yet this is suspicious."
69,"getImp result contains NA(s) or NaN(s); replacing with 0(s), yet this is suspicious."
69,"getImp result contains NA(s) or NaN(s); replacing with 0(s), yet this is suspicious."
69,"getImp result contains NA(s) or NaN(s); replacing with 0(s), yet this is suspicious."
69,"getImp result contains NA(s) or NaN(s); replacing with 0(s), yet this is suspicious."
69,"getImp result contains NA(s) or NaN(s); replacing with 0(s), yet this is suspicious."
69,"getImp result contains NA(s) or NaN(s); replacing with 0(s), yet this is suspicious."
69,"getImp result contains NA(s) or NaN(s); replacing with 0(s), yet this is suspicious."
69,"getImp result contains NA(s) or NaN(s); replacing with 0(s), yet this is suspicious."
69,"getImp result contains NA(s) or NaN(s); replacing with 0(s), yet this is suspicious."
69,"getImp result contains NA(s) or NaN(s); replacing with 0(s), yet this is suspicious."
69,"getImp result contains NA(s) or NaN(s); replacing with 0(s), yet this is suspicious."
69,"getImp result contains NA(s) or NaN(s); replacing with 0(s), yet this is suspicious."
69,"getImp result contains NA(s) or NaN(s); replacing with 0(s), yet this is suspicious."
69,"getImp result contains NA(s) or NaN(s); replacing with 0(s), yet this is suspicious."
69,"getImp result contains NA(s) or NaN(s); replacing with 0(s), yet this is suspicious."
70,"getImp result contains NA(s) or NaN(s); replacing with 0(s), yet this is suspicious."
70,"getImp result contains NA(s) or NaN(s); replacing with 0(s), yet this is suspicious."
70,"getImp result contains NA(s) or NaN(s); replacing with 0(s), yet this is suspicious."
70,"getImp result contains NA(s) or NaN(s); replacing with 0(s), yet this is suspicious."
70,"getImp result contains NA(s) or NaN(s); replacing with 0(s), yet this is suspicious."
70,"getImp result contains NA(s) or NaN(s); replacing with 0(s), yet this is suspicious."
70,"getImp result contains NA(s) or NaN(s); replacing with 0(s), yet this is suspicious."
70,"getImp result contains NA(s) or NaN(s); replacing with 0(s), yet this is suspicious."
70,"getImp result contains NA(s) or NaN(s); replacing with 0(s), yet this is suspicious."
70,"getImp result contains NA(s) or NaN(s); replacing with 0(s), yet this is suspicious."
70,"getImp result contains NA(s) or NaN(s); replacing with 0(s), yet this is suspicious."
70,"getImp result contains NA(s) or NaN(s); replacing with 0(s), yet this is suspicious."
70,"getImp result contains NA(s) or NaN(s); replacing with 0(s), yet this is suspicious."
70,"getImp result contains NA(s) or NaN(s); replacing with 0(s), yet this is suspicious."
70,"getImp result contains NA(s) or NaN(s); replacing with 0(s), yet this is suspicious."
71,"getImp result contains NA(s) or NaN(s); replacing with 0(s), yet this is suspicious."
71,"getImp result contains NA(s) or NaN(s); replacing with 0(s), yet this is suspicious."
71,"getImp result contains NA(s) or NaN(s); replacing with 0(s), yet this is suspicious."
71,"getImp result contains NA(s) or NaN(s); replacing with 0(s), yet this is suspicious."
71,"getImp result contains NA(s) or NaN(s); replacing with 0(s), yet this is suspicious."
71,"getImp result contains NA(s) or NaN(s); replacing with 0(s), yet this is suspicious."
71,"getImp result contains NA(s) or NaN(s); replacing with 0(s), yet this is suspicious."
71,"getImp result contains NA(s) or NaN(s); replacing with 0(s), yet this is suspicious."
71,"getImp result contains NA(s) or NaN(s); replacing with 0(s), yet this is suspicious."
71,"getImp result contains NA(s) or NaN(s); replacing with 0(s), yet this is suspicious."
71,"getImp result contains NA(s) or NaN(s); replacing with 0(s), yet this is suspicious."
71,"getImp result contains NA(s) or NaN(s); replacing with 0(s), yet this is suspicious."
71,"getImp result contains NA(s) or NaN(s); replacing with 0(s), yet this is suspicious."
71,"getImp result contains NA(s) or NaN(s); replacing with 0(s), yet this is suspicious."
71,"getImp result contains NA(s) or NaN(s); replacing with 0(s), yet this is suspicious."
71,"getImp result contains NA(s) or NaN(s); replacing with 0(s), yet this is suspicious."
72,"getImp result contains NA(s) or NaN(s); replacing with 0(s), yet this is suspicious."
72,"getImp result contains NA(s) or NaN(s); replacing with 0(s), yet this is suspicious."
72,"getImp result contains NA(s) or NaN(s); replacing with 0(s), yet this is suspicious."
72,"getImp result contains NA(s) or NaN(s); replacing with 0(s), yet this is suspicious."
72,"getImp result contains NA(s) or NaN(s); replacing with 0(s), yet this is suspicious."
72,"getImp result contains NA(s) or NaN(s); replacing with 0(s), yet this is suspicious."
72,"getImp result contains NA(s) or NaN(s); replacing with 0(s), yet this is suspicious."
72,"getImp result contains NA(s) or NaN(s); replacing with 0(s), yet this is suspicious."
72,"getImp result contains NA(s) or NaN(s); replacing with 0(s), yet this is suspicious."
72,"getImp result contains NA(s) or NaN(s); replacing with 0(s), yet this is suspicious."
72,"getImp result contains NA(s) or NaN(s); replacing with 0(s), yet this is suspicious."
72,"getImp result contains NA(s) or NaN(s); replacing with 0(s), yet this is suspicious."
72,"getImp result contains NA(s) or NaN(s); replacing with 0(s), yet this is suspicious."
72,"getImp result contains NA(s) or NaN(s); replacing with 0(s), yet this is suspicious."
72,"getImp result contains NA(s) or NaN(s); replacing with 0(s), yet this is suspicious."
73,"getImp result contains NA(s) or NaN(s); replacing with 0(s), yet this is suspicious."
73,"getImp result contains NA(s) or NaN(s); replacing with 0(s), yet this is suspicious."
73,"getImp result contains NA(s) or NaN(s); replacing with 0(s), yet this is suspicious."
73,"getImp result contains NA(s) or NaN(s); replacing with 0(s), yet this is suspicious."
73,"getImp result contains NA(s) or NaN(s); replacing with 0(s), yet this is suspicious."
73,"getImp result contains NA(s) or NaN(s); replacing with 0(s), yet this is suspicious."
73,"getImp result contains NA(s) or NaN(s); replacing with 0(s), yet this is suspicious."
73,"getImp result contains NA(s) or NaN(s); replacing with 0(s), yet this is suspicious."
73,"getImp result contains NA(s) or NaN(s); replacing with 0(s), yet this is suspicious."
73,"getImp result contains NA(s) or NaN(s); replacing with 0(s), yet this is suspicious."
73,"getImp result contains NA(s) or NaN(s); replacing with 0(s), yet this is suspicious."
73,"getImp result contains NA(s) or NaN(s); replacing with 0(s), yet this is suspicious."
73,"getImp result contains NA(s) or NaN(s); replacing with 0(s), yet this is suspicious."
73,"getImp result contains NA(s) or NaN(s); replacing with 0(s), yet this is suspicious."
73,"getImp result contains NA(s) or NaN(s); replacing with 0(s), yet this is suspicious."
74,"getImp result contains NA(s) or NaN(s); replacing with 0(s), yet this is suspicious."
74,"getImp result contains NA(s) or NaN(s); replacing with 0(s), yet this is suspicious."
74,"getImp result contains NA(s) or NaN(s); replacing with 0(s), yet this is suspicious."
74,"getImp result contains NA(s) or NaN(s); replacing with 0(s), yet this is suspicious."
74,"getImp result contains NA(s) or NaN(s); replacing with 0(s), yet this is suspicious."
74,"getImp result contains NA(s) or NaN(s); replacing with 0(s), yet this is suspicious."
74,"getImp result contains NA(s) or NaN(s); replacing with 0(s), yet this is suspicious."
74,"getImp result contains NA(s) or NaN(s); replacing with 0(s), yet this is suspicious."
74,"getImp result contains NA(s) or NaN(s); replacing with 0(s), yet this is suspicious."
74,"getImp result contains NA(s) or NaN(s); replacing with 0(s), yet this is suspicious."
74,"getImp result contains NA(s) or NaN(s); replacing with 0(s), yet this is suspicious."
74,"getImp result contains NA(s) or NaN(s); replacing with 0(s), yet this is suspicious."
74,"getImp result contains NA(s) or NaN(s); replacing with 0(s), yet this is suspicious."
74,"getImp result contains NA(s) or NaN(s); replacing with 0(s), yet this is suspicious."
74,"getImp result contains NA(s) or NaN(s); replacing with 0(s), yet this is suspicious."
75,"getImp result contains NA(s) or NaN(s); replacing with 0(s), yet this is suspicious."
75,"getImp result contains NA(s) or NaN(s); replacing with 0(s), yet this is suspicious."
75,"getImp result contains NA(s) or NaN(s); replacing with 0(s), yet this is suspicious."
75,"getImp result contains NA(s) or NaN(s); replacing with 0(s), yet this is suspicious."
75,"getImp result contains NA(s) or NaN(s); replacing with 0(s), yet this is suspicious."
75,"getImp result contains NA(s) or NaN(s); replacing with 0(s), yet this is suspicious."
75,"getImp result contains NA(s) or NaN(s); replacing with 0(s), yet this is suspicious."
75,"getImp result contains NA(s) or NaN(s); replacing with 0(s), yet this is suspicious."
75,"getImp result contains NA(s) or NaN(s); replacing with 0(s), yet this is suspicious."
75,"getImp result contains NA(s) or NaN(s); replacing with 0(s), yet this is suspicious."
75,"getImp result contains NA(s) or NaN(s); replacing with 0(s), yet this is suspicious."
75,"getImp result contains NA(s) or NaN(s); replacing with 0(s), yet this is suspicious."
75,"getImp result contains NA(s) or NaN(s); replacing with 0(s), yet this is suspicious."
75,"getImp result contains NA(s) or NaN(s); replacing with 0(s), yet this is suspicious."
75,"getImp result contains NA(s) or NaN(s); replacing with 0(s), yet this is suspicious."
76,"getImp result contains NA(s) or NaN(s); replacing with 0(s), yet this is suspicious."
76,"getImp result contains NA(s) or NaN(s); replacing with 0(s), yet this is suspicious."
76,"getImp result contains NA(s) or NaN(s); replacing with 0(s), yet this is suspicious."
76,"getImp result contains NA(s) or NaN(s); replacing with 0(s), yet this is suspicious."
76,"getImp result contains NA(s) or NaN(s); replacing with 0(s), yet this is suspicious."
76,"getImp result contains NA(s) or NaN(s); replacing with 0(s), yet this is suspicious."
76,"getImp result contains NA(s) or NaN(s); replacing with 0(s), yet this is suspicious."
76,"getImp result contains NA(s) or NaN(s); replacing with 0(s), yet this is suspicious."
76,"getImp result contains NA(s) or NaN(s); replacing with 0(s), yet this is suspicious."
76,"getImp result contains NA(s) or NaN(s); replacing with 0(s), yet this is suspicious."
76,"getImp result contains NA(s) or NaN(s); replacing with 0(s), yet this is suspicious."
76,"getImp result contains NA(s) or NaN(s); replacing with 0(s), yet this is suspicious."
76,"getImp result contains NA(s) or NaN(s); replacing with 0(s), yet this is suspicious."
76,"getImp result contains NA(s) or NaN(s); replacing with 0(s), yet this is suspicious."
76,"getImp result contains NA(s) or NaN(s); replacing with 0(s), yet this is suspicious."
77,"getImp result contains NA(s) or NaN(s); replacing with 0(s), yet this is suspicious."
77,"getImp result contains NA(s) or NaN(s); replacing with 0(s), yet this is suspicious."
77,"getImp result contains NA(s) or NaN(s); replacing with 0(s), yet this is suspicious."
77,"getImp result contains NA(s) or NaN(s); replacing with 0(s), yet this is suspicious."
77,"getImp result contains NA(s) or NaN(s); replacing with 0(s), yet this is suspicious."
77,"getImp result contains NA(s) or NaN(s); replacing with 0(s), yet this is suspicious."
77,"getImp result contains NA(s) or NaN(s); replacing with 0(s), yet this is suspicious."
77,"getImp result contains NA(s) or NaN(s); replacing with 0(s), yet this is suspicious."
77,"getImp result contains NA(s) or NaN(s); replacing with 0(s), yet this is suspicious."
77,"getImp result contains NA(s) or NaN(s); replacing with 0(s), yet this is suspicious."
77,"getImp result contains NA(s) or NaN(s); replacing with 0(s), yet this is suspicious."
77,"getImp result contains NA(s) or NaN(s); replacing with 0(s), yet this is suspicious."
77,"getImp result contains NA(s) or NaN(s); replacing with 0(s), yet this is suspicious."
77,"getImp result contains NA(s) or NaN(s); replacing with 0(s), yet this is suspicious."
77,"getImp result contains NA(s) or NaN(s); replacing with 0(s), yet this is suspicious."
77,"getImp result contains NA(s) or NaN(s); replacing with 0(s), yet this is suspicious."
78,"getImp result contains NA(s) or NaN(s); replacing with 0(s), yet this is suspicious."
78,"getImp result contains NA(s) or NaN(s); replacing with 0(s), yet this is suspicious."
78,"getImp result contains NA(s) or NaN(s); replacing with 0(s), yet this is suspicious."
78,"getImp result contains NA(s) or NaN(s); replacing with 0(s), yet this is suspicious."
78,"getImp result contains NA(s) or NaN(s); replacing with 0(s), yet this is suspicious."
78,"getImp result contains NA(s) or NaN(s); replacing with 0(s), yet this is suspicious."
78,"getImp result contains NA(s) or NaN(s); replacing with 0(s), yet this is suspicious."
78,"getImp result contains NA(s) or NaN(s); replacing with 0(s), yet this is suspicious."
78,"getImp result contains NA(s) or NaN(s); replacing with 0(s), yet this is suspicious."
78,"getImp result contains NA(s) or NaN(s); replacing with 0(s), yet this is suspicious."
78,"getImp result contains NA(s) or NaN(s); replacing with 0(s), yet this is suspicious."
78,"getImp result contains NA(s) or NaN(s); replacing with 0(s), yet this is suspicious."
78,"getImp result contains NA(s) or NaN(s); replacing with 0(s), yet this is suspicious."
78,"getImp result contains NA(s) or NaN(s); replacing with 0(s), yet this is suspicious."
78,"getImp result contains NA(s) or NaN(s); replacing with 0(s), yet this is suspicious."
79,"getImp result contains NA(s) or NaN(s); replacing with 0(s), yet this is suspicious."
79,"getImp result contains NA(s) or NaN(s); replacing with 0(s), yet this is suspicious."
79,"getImp result contains NA(s) or NaN(s); replacing with 0(s), yet this is suspicious."
79,"getImp result contains NA(s) or NaN(s); replacing with 0(s), yet this is suspicious."
79,"getImp result contains NA(s) or NaN(s); replacing with 0(s), yet this is suspicious."
79,"getImp result contains NA(s) or NaN(s); replacing with 0(s), yet this is suspicious."
79,"getImp result contains NA(s) or NaN(s); replacing with 0(s), yet this is suspicious."
79,"getImp result contains NA(s) or NaN(s); replacing with 0(s), yet this is suspicious."
79,"getImp result contains NA(s) or NaN(s); replacing with 0(s), yet this is suspicious."
79,"getImp result contains NA(s) or NaN(s); replacing with 0(s), yet this is suspicious."
79,"getImp result contains NA(s) or NaN(s); replacing with 0(s), yet this is suspicious."
79,"getImp result contains NA(s) or NaN(s); replacing with 0(s), yet this is suspicious."
79,"getImp result contains NA(s) or NaN(s); replacing with 0(s), yet this is suspicious."
79,"getImp result contains NA(s) or NaN(s); replacing with 0(s), yet this is suspicious."
79,"getImp result contains NA(s) or NaN(s); replacing with 0(s), yet this is suspicious."
79,"getImp result contains NA(s) or NaN(s); replacing with 0(s), yet this is suspicious."
80,"getImp result contains NA(s) or NaN(s); replacing with 0(s), yet this is suspicious."
80,"getImp result contains NA(s) or NaN(s); replacing with 0(s), yet this is suspicious."
80,"getImp result contains NA(s) or NaN(s); replacing with 0(s), yet this is suspicious."
80,"getImp result contains NA(s) or NaN(s); replacing with 0(s), yet this is suspicious."
80,"getImp result contains NA(s) or NaN(s); replacing with 0(s), yet this is suspicious."
80,"getImp result contains NA(s) or NaN(s); replacing with 0(s), yet this is suspicious."
80,"getImp result contains NA(s) or NaN(s); replacing with 0(s), yet this is suspicious."
80,"getImp result contains NA(s) or NaN(s); replacing with 0(s), yet this is suspicious."
80,"getImp result contains NA(s) or NaN(s); replacing with 0(s), yet this is suspicious."
80,"getImp result contains NA(s) or NaN(s); replacing with 0(s), yet this is suspicious."
80,"getImp result contains NA(s) or NaN(s); replacing with 0(s), yet this is suspicious."
80,"getImp result contains NA(s) or NaN(s); replacing with 0(s), yet this is suspicious."
80,"getImp result contains NA(s) or NaN(s); replacing with 0(s), yet this is suspicious."
80,"getImp result contains NA(s) or NaN(s); replacing with 0(s), yet this is suspicious."
80,"getImp result contains NA(s) or NaN(s); replacing with 0(s), yet this is suspicious."
81,"getImp result contains NA(s) or NaN(s); replacing with 0(s), yet this is suspicious."
81,"getImp result contains NA(s) or NaN(s); replacing with 0(s), yet this is suspicious."
81,"getImp result contains NA(s) or NaN(s); replacing with 0(s), yet this is suspicious."
81,"getImp result contains NA(s) or NaN(s); replacing with 0(s), yet this is suspicious."
81,"getImp result contains NA(s) or NaN(s); replacing with 0(s), yet this is suspicious."
81,"getImp result contains NA(s) or NaN(s); replacing with 0(s), yet this is suspicious."
81,"getImp result contains NA(s) or NaN(s); replacing with 0(s), yet this is suspicious."
81,"getImp result contains NA(s) or NaN(s); replacing with 0(s), yet this is suspicious."
81,"getImp result contains NA(s) or NaN(s); replacing with 0(s), yet this is suspicious."
81,"getImp result contains NA(s) or NaN(s); replacing with 0(s), yet this is suspicious."
81,"getImp result contains NA(s) or NaN(s); replacing with 0(s), yet this is suspicious."
81,"getImp result contains NA(s) or NaN(s); replacing with 0(s), yet this is suspicious."
81,"getImp result contains NA(s) or NaN(s); replacing with 0(s), yet this is suspicious."
81,"getImp result contains NA(s) or NaN(s); replacing with 0(s), yet this is suspicious."
81,"getImp result contains NA(s) or NaN(s); replacing with 0(s), yet this is suspicious."
81,"getImp result contains NA(s) or NaN(s); replacing with 0(s), yet this is suspicious."
82,"getImp result contains NA(s) or NaN(s); replacing with 0(s), yet this is suspicious."
82,"getImp result contains NA(s) or NaN(s); replacing with 0(s), yet this is suspicious."
82,"getImp result contains NA(s) or NaN(s); replacing with 0(s), yet this is suspicious."
82,"getImp result contains NA(s) or NaN(s); replacing with 0(s), yet this is suspicious."
82,"getImp result contains NA(s) or NaN(s); replacing with 0(s), yet this is suspicious."
82,"getImp result contains NA(s) or NaN(s); replacing with 0(s), yet this is suspicious."
82,"getImp result contains NA(s) or NaN(s); replacing with 0(s), yet this is suspicious."
82,"getImp result contains NA(s) or NaN(s); replacing with 0(s), yet this is suspicious."
82,"getImp result contains NA(s) or NaN(s); replacing with 0(s), yet this is suspicious."
82,"getImp result contains NA(s) or NaN(s); replacing with 0(s), yet this is suspicious."
82,"getImp result contains NA(s) or NaN(s); replacing with 0(s), yet this is suspicious."
82,"getImp result contains NA(s) or NaN(s); replacing with 0(s), yet this is suspicious."
82,"getImp result contains NA(s) or NaN(s); replacing with 0(s), yet this is suspicious."
82,"getImp result contains NA(s) or NaN(s); replacing with 0(s), yet this is suspicious."
82,"getImp result contains NA(s) or NaN(s); replacing with 0(s), yet this is suspicious."
83,"getImp result contains NA(s) or NaN(s); replacing with 0(s), yet this is suspicious."
83,"getImp result contains NA(s) or NaN(s); replacing with 0(s), yet this is suspicious."
83,"getImp result contains NA(s) or NaN(s); replacing with 0(s), yet this is suspicious."
83,"getImp result contains NA(s) or NaN(s); replacing with 0(s), yet this is suspicious."
83,"getImp result contains NA(s) or NaN(s); replacing with 0(s), yet this is suspicious."
83,"getImp result contains NA(s) or NaN(s); replacing with 0(s), yet this is suspicious."
83,"getImp result contains NA(s) or NaN(s); replacing with 0(s), yet this is suspicious."
83,"getImp result contains NA(s) or NaN(s); replacing with 0(s), yet this is suspicious."
83,"getImp result contains NA(s) or NaN(s); replacing with 0(s), yet this is suspicious."
83,"getImp result contains NA(s) or NaN(s); replacing with 0(s), yet this is suspicious."
83,"getImp result contains NA(s) or NaN(s); replacing with 0(s), yet this is suspicious."
83,"getImp result contains NA(s) or NaN(s); replacing with 0(s), yet this is suspicious."
83,"getImp result contains NA(s) or NaN(s); replacing with 0(s), yet this is suspicious."
83,"getImp result contains NA(s) or NaN(s); replacing with 0(s), yet this is suspicious."
83,"getImp result contains NA(s) or NaN(s); replacing with 0(s), yet this is suspicious."
84,"getImp result contains NA(s) or NaN(s); replacing with 0(s), yet this is suspicious."
84,"getImp result contains NA(s) or NaN(s); replacing with 0(s), yet this is suspicious."
84,"getImp result contains NA(s) or NaN(s); replacing with 0(s), yet this is suspicious."
84,"getImp result contains NA(s) or NaN(s); replacing with 0(s), yet this is suspicious."
84,"getImp result contains NA(s) or NaN(s); replacing with 0(s), yet this is suspicious."
84,"getImp result contains NA(s) or NaN(s); replacing with 0(s), yet this is suspicious."
84,"getImp result contains NA(s) or NaN(s); replacing with 0(s), yet this is suspicious."
84,"getImp result contains NA(s) or NaN(s); replacing with 0(s), yet this is suspicious."
84,"getImp result contains NA(s) or NaN(s); replacing with 0(s), yet this is suspicious."
84,"getImp result contains NA(s) or NaN(s); replacing with 0(s), yet this is suspicious."
84,"getImp result contains NA(s) or NaN(s); replacing with 0(s), yet this is suspicious."
84,"getImp result contains NA(s) or NaN(s); replacing with 0(s), yet this is suspicious."
84,"getImp result contains NA(s) or NaN(s); replacing with 0(s), yet this is suspicious."
84,"getImp result contains NA(s) or NaN(s); replacing with 0(s), yet this is suspicious."
84,"getImp result contains NA(s) or NaN(s); replacing with 0(s), yet this is suspicious."
84,"getImp result contains NA(s) or NaN(s); replacing with 0(s), yet this is suspicious."
85,"getImp result contains NA(s) or NaN(s); replacing with 0(s), yet this is suspicious."
85,"getImp result contains NA(s) or NaN(s); replacing with 0(s), yet this is suspicious."
85,"getImp result contains NA(s) or NaN(s); replacing with 0(s), yet this is suspicious."
85,"getImp result contains NA(s) or NaN(s); replacing with 0(s), yet this is suspicious."
85,"getImp result contains NA(s) or NaN(s); replacing with 0(s), yet this is suspicious."
85,"getImp result contains NA(s) or NaN(s); replacing with 0(s), yet this is suspicious."
85,"getImp result contains NA(s) or NaN(s); replacing with 0(s), yet this is suspicious."
85,"getImp result contains NA(s) or NaN(s); replacing with 0(s), yet this is suspicious."
85,"getImp result contains NA(s) or NaN(s); replacing with 0(s), yet this is suspicious."
85,"getImp result contains NA(s) or NaN(s); replacing with 0(s), yet this is suspicious."
85,"getImp result contains NA(s) or NaN(s); replacing with 0(s), yet this is suspicious."
85,"getImp result contains NA(s) or NaN(s); replacing with 0(s), yet this is suspicious."
85,"getImp result contains NA(s) or NaN(s); replacing with 0(s), yet this is suspicious."
85,"getImp result contains NA(s) or NaN(s); replacing with 0(s), yet this is suspicious."
85,"getImp result contains NA(s) or NaN(s); replacing with 0(s), yet this is suspicious."
85,"getImp result contains NA(s) or NaN(s); replacing with 0(s), yet this is suspicious."
86,"getImp result contains NA(s) or NaN(s); replacing with 0(s), yet this is suspicious."
86,"getImp result contains NA(s) or NaN(s); replacing with 0(s), yet this is suspicious."
86,"getImp result contains NA(s) or NaN(s); replacing with 0(s), yet this is suspicious."
86,"getImp result contains NA(s) or NaN(s); replacing with 0(s), yet this is suspicious."
86,"getImp result contains NA(s) or NaN(s); replacing with 0(s), yet this is suspicious."
86,"getImp result contains NA(s) or NaN(s); replacing with 0(s), yet this is suspicious."
86,"getImp result contains NA(s) or NaN(s); replacing with 0(s), yet this is suspicious."
86,"getImp result contains NA(s) or NaN(s); replacing with 0(s), yet this is suspicious."
86,"getImp result contains NA(s) or NaN(s); replacing with 0(s), yet this is suspicious."
86,"getImp result contains NA(s) or NaN(s); replacing with 0(s), yet this is suspicious."
86,"getImp result contains NA(s) or NaN(s); replacing with 0(s), yet this is suspicious."
86,"getImp result contains NA(s) or NaN(s); replacing with 0(s), yet this is suspicious."
86,"getImp result contains NA(s) or NaN(s); replacing with 0(s), yet this is suspicious."
86,"getImp result contains NA(s) or NaN(s); replacing with 0(s), yet this is suspicious."
86,"getImp result contains NA(s) or NaN(s); replacing with 0(s), yet this is suspicious."
87,"getImp result contains NA(s) or NaN(s); replacing with 0(s), yet this is suspicious."
87,"getImp result contains NA(s) or NaN(s); replacing with 0(s), yet this is suspicious."
87,"getImp result contains NA(s) or NaN(s); replacing with 0(s), yet this is suspicious."
87,"getImp result contains NA(s) or NaN(s); replacing with 0(s), yet this is suspicious."
87,"getImp result contains NA(s) or NaN(s); replacing with 0(s), yet this is suspicious."
87,"getImp result contains NA(s) or NaN(s); replacing with 0(s), yet this is suspicious."
87,"getImp result contains NA(s) or NaN(s); replacing with 0(s), yet this is suspicious."
87,"getImp result contains NA(s) or NaN(s); replacing with 0(s), yet this is suspicious."
87,"getImp result contains NA(s) or NaN(s); replacing with 0(s), yet this is suspicious."
87,"getImp result contains NA(s) or NaN(s); replacing with 0(s), yet this is suspicious."
87,"getImp result contains NA(s) or NaN(s); replacing with 0(s), yet this is suspicious."
87,"getImp result contains NA(s) or NaN(s); replacing with 0(s), yet this is suspicious."
87,"getImp result contains NA(s) or NaN(s); replacing with 0(s), yet this is suspicious."
87,"getImp result contains NA(s) or NaN(s); replacing with 0(s), yet this is suspicious."
87,"getImp result contains NA(s) or NaN(s); replacing with 0(s), yet this is suspicious."
88,"getImp result contains NA(s) or NaN(s); replacing with 0(s), yet this is suspicious."
88,"getImp result contains NA(s) or NaN(s); replacing with 0(s), yet this is suspicious."
88,"getImp result contains NA(s) or NaN(s); replacing with 0(s), yet this is suspicious."
88,"getImp result contains NA(s) or NaN(s); replacing with 0(s), yet this is suspicious."
88,"getImp result contains NA(s) or NaN(s); replacing with 0(s), yet this is suspicious."
88,"getImp result contains NA(s) or NaN(s); replacing with 0(s), yet this is suspicious."
88,"getImp result contains NA(s) or NaN(s); replacing with 0(s), yet this is suspicious."
88,"getImp result contains NA(s) or NaN(s); replacing with 0(s), yet this is suspicious."
88,"getImp result contains NA(s) or NaN(s); replacing with 0(s), yet this is suspicious."
88,"getImp result contains NA(s) or NaN(s); replacing with 0(s), yet this is suspicious."
88,"getImp result contains NA(s) or NaN(s); replacing with 0(s), yet this is suspicious."
88,"getImp result contains NA(s) or NaN(s); replacing with 0(s), yet this is suspicious."
88,"getImp result contains NA(s) or NaN(s); replacing with 0(s), yet this is suspicious."
88,"getImp result contains NA(s) or NaN(s); replacing with 0(s), yet this is suspicious."
88,"getImp result contains NA(s) or NaN(s); replacing with 0(s), yet this is suspicious."
89,"getImp result contains NA(s) or NaN(s); replacing with 0(s), yet this is suspicious."
89,"getImp result contains NA(s) or NaN(s); replacing with 0(s), yet this is suspicious."
89,"getImp result contains NA(s) or NaN(s); replacing with 0(s), yet this is suspicious."
89,"getImp result contains NA(s) or NaN(s); replacing with 0(s), yet this is suspicious."
89,"getImp result contains NA(s) or NaN(s); replacing with 0(s), yet this is suspicious."
89,"getImp result contains NA(s) or NaN(s); replacing with 0(s), yet this is suspicious."
89,"getImp result contains NA(s) or NaN(s); replacing with 0(s), yet this is suspicious."
89,"getImp result contains NA(s) or NaN(s); replacing with 0(s), yet this is suspicious."
89,"getImp result contains NA(s) or NaN(s); replacing with 0(s), yet this is suspicious."
89,"getImp result contains NA(s) or NaN(s); replacing with 0(s), yet this is suspicious."
89,"getImp result contains NA(s) or NaN(s); replacing with 0(s), yet this is suspicious."
89,"getImp result contains NA(s) or NaN(s); replacing with 0(s), yet this is suspicious."
89,"getImp result contains NA(s) or NaN(s); replacing with 0(s), yet this is suspicious."
89,"getImp result contains NA(s) or NaN(s); replacing with 0(s), yet this is suspicious."
89,"getImp result contains NA(s) or NaN(s); replacing with 0(s), yet this is suspicious."
90,"getImp result contains NA(s) or NaN(s); replacing with 0(s), yet this is suspicious."
90,"getImp result contains NA(s) or NaN(s); replacing with 0(s), yet this is suspicious."
90,"getImp result contains NA(s) or NaN(s); replacing with 0(s), yet this is suspicious."
90,"getImp result contains NA(s) or NaN(s); replacing with 0(s), yet this is suspicious."
90,"getImp result contains NA(s) or NaN(s); replacing with 0(s), yet this is suspicious."
90,"getImp result contains NA(s) or NaN(s); replacing with 0(s), yet this is suspicious."
90,"getImp result contains NA(s) or NaN(s); replacing with 0(s), yet this is suspicious."
90,"getImp result contains NA(s) or NaN(s); replacing with 0(s), yet this is suspicious."
90,"getImp result contains NA(s) or NaN(s); replacing with 0(s), yet this is suspicious."
90,"getImp result contains NA(s) or NaN(s); replacing with 0(s), yet this is suspicious."
90,"getImp result contains NA(s) or NaN(s); replacing with 0(s), yet this is suspicious."
90,"getImp result contains NA(s) or NaN(s); replacing with 0(s), yet this is suspicious."
90,"getImp result contains NA(s) or NaN(s); replacing with 0(s), yet this is suspicious."
90,"getImp result contains NA(s) or NaN(s); replacing with 0(s), yet this is suspicious."
90,"getImp result contains NA(s) or NaN(s); replacing with 0(s), yet this is suspicious."
91,"getImp result contains NA(s) or NaN(s); replacing with 0(s), yet this is suspicious."
91,"getImp result contains NA(s) or NaN(s); replacing with 0(s), yet this is suspicious."
91,"getImp result contains NA(s) or NaN(s); replacing with 0(s), yet this is suspicious."
91,"getImp result contains NA(s) or NaN(s); replacing with 0(s), yet this is suspicious."
91,"getImp result contains NA(s) or NaN(s); replacing with 0(s), yet this is suspicious."
91,"getImp result contains NA(s) or NaN(s); replacing with 0(s), yet this is suspicious."
91,"getImp result contains NA(s) or NaN(s); replacing with 0(s), yet this is suspicious."
91,"getImp result contains NA(s) or NaN(s); replacing with 0(s), yet this is suspicious."
91,"getImp result contains NA(s) or NaN(s); replacing with 0(s), yet this is suspicious."
91,"getImp result contains NA(s) or NaN(s); replacing with 0(s), yet this is suspicious."
91,"getImp result contains NA(s) or NaN(s); replacing with 0(s), yet this is suspicious."
91,"getImp result contains NA(s) or NaN(s); replacing with 0(s), yet this is suspicious."
91,"getImp result contains NA(s) or NaN(s); replacing with 0(s), yet this is suspicious."
91,"getImp result contains NA(s) or NaN(s); replacing with 0(s), yet this is suspicious."
91,"getImp result contains NA(s) or NaN(s); replacing with 0(s), yet this is suspicious."
92,"getImp result contains NA(s) or NaN(s); replacing with 0(s), yet this is suspicious."
92,"getImp result contains NA(s) or NaN(s); replacing with 0(s), yet this is suspicious."
92,"getImp result contains NA(s) or NaN(s); replacing with 0(s), yet this is suspicious."
92,"getImp result contains NA(s) or NaN(s); replacing with 0(s), yet this is suspicious."
92,"getImp result contains NA(s) or NaN(s); replacing with 0(s), yet this is suspicious."
92,"getImp result contains NA(s) or NaN(s); replacing with 0(s), yet this is suspicious."
92,"getImp result contains NA(s) or NaN(s); replacing with 0(s), yet this is suspicious."
92,"getImp result contains NA(s) or NaN(s); replacing with 0(s), yet this is suspicious."
92,"getImp result contains NA(s) or NaN(s); replacing with 0(s), yet this is suspicious."
92,"getImp result contains NA(s) or NaN(s); replacing with 0(s), yet this is suspicious."
92,"getImp result contains NA(s) or NaN(s); replacing with 0(s), yet this is suspicious."
92,"getImp result contains NA(s) or NaN(s); replacing with 0(s), yet this is suspicious."
92,"getImp result contains NA(s) or NaN(s); replacing with 0(s), yet this is suspicious."
92,"getImp result contains NA(s) or NaN(s); replacing with 0(s), yet this is suspicious."
92,"getImp result contains NA(s) or NaN(s); replacing with 0(s), yet this is suspicious."
93,"getImp result contains NA(s) or NaN(s); replacing with 0(s), yet this is suspicious."
93,"getImp result contains NA(s) or NaN(s); replacing with 0(s), yet this is suspicious."
93,"getImp result contains NA(s) or NaN(s); replacing with 0(s), yet this is suspicious."
93,"getImp result contains NA(s) or NaN(s); replacing with 0(s), yet this is suspicious."
93,"getImp result contains NA(s) or NaN(s); replacing with 0(s), yet this is suspicious."
93,"getImp result contains NA(s) or NaN(s); replacing with 0(s), yet this is suspicious."
93,"getImp result contains NA(s) or NaN(s); replacing with 0(s), yet this is suspicious."
93,"getImp result contains NA(s) or NaN(s); replacing with 0(s), yet this is suspicious."
93,"getImp result contains NA(s) or NaN(s); replacing with 0(s), yet this is suspicious."
93,"getImp result contains NA(s) or NaN(s); replacing with 0(s), yet this is suspicious."
93,"getImp result contains NA(s) or NaN(s); replacing with 0(s), yet this is suspicious."
93,"getImp result contains NA(s) or NaN(s); replacing with 0(s), yet this is suspicious."
93,"getImp result contains NA(s) or NaN(s); replacing with 0(s), yet this is suspicious."
93,"getImp result contains NA(s) or NaN(s); replacing with 0(s), yet this is suspicious."
93,"getImp result contains NA(s) or NaN(s); replacing with 0(s), yet this is suspicious."
94,"getImp result contains NA(s) or NaN(s); replacing with 0(s), yet this is suspicious."
94,"getImp result contains NA(s) or NaN(s); replacing with 0(s), yet this is suspicious."
94,"getImp result contains NA(s) or NaN(s); replacing with 0(s), yet this is suspicious."
94,"getImp result contains NA(s) or NaN(s); replacing with 0(s), yet this is suspicious."
94,"getImp result contains NA(s) or NaN(s); replacing with 0(s), yet this is suspicious."
94,"getImp result contains NA(s) or NaN(s); replacing with 0(s), yet this is suspicious."
94,"getImp result contains NA(s) or NaN(s); replacing with 0(s), yet this is suspicious."
94,"getImp result contains NA(s) or NaN(s); replacing with 0(s), yet this is suspicious."
94,"getImp result contains NA(s) or NaN(s); replacing with 0(s), yet this is suspicious."
94,"getImp result contains NA(s) or NaN(s); replacing with 0(s), yet this is suspicious."
94,"getImp result contains NA(s) or NaN(s); replacing with 0(s), yet this is suspicious."
94,"getImp result contains NA(s) or NaN(s); replacing with 0(s), yet this is suspicious."
94,"getImp result contains NA(s) or NaN(s); replacing with 0(s), yet this is suspicious."
94,"getImp result contains NA(s) or NaN(s); replacing with 0(s), yet this is suspicious."
94,"getImp result contains NA(s) or NaN(s); replacing with 0(s), yet this is suspicious."
95,"getImp result contains NA(s) or NaN(s); replacing with 0(s), yet this is suspicious."
95,"getImp result contains NA(s) or NaN(s); replacing with 0(s), yet this is suspicious."
95,"getImp result contains NA(s) or NaN(s); replacing with 0(s), yet this is suspicious."
95,"getImp result contains NA(s) or NaN(s); replacing with 0(s), yet this is suspicious."
95,"getImp result contains NA(s) or NaN(s); replacing with 0(s), yet this is suspicious."
95,"getImp result contains NA(s) or NaN(s); replacing with 0(s), yet this is suspicious."
95,"getImp result contains NA(s) or NaN(s); replacing with 0(s), yet this is suspicious."
95,"getImp result contains NA(s) or NaN(s); replacing with 0(s), yet this is suspicious."
95,"getImp result contains NA(s) or NaN(s); replacing with 0(s), yet this is suspicious."
95,"getImp result contains NA(s) or NaN(s); replacing with 0(s), yet this is suspicious."
95,"getImp result contains NA(s) or NaN(s); replacing with 0(s), yet this is suspicious."
95,"getImp result contains NA(s) or NaN(s); replacing with 0(s), yet this is suspicious."
95,"getImp result contains NA(s) or NaN(s); replacing with 0(s), yet this is suspicious."
95,"getImp result contains NA(s) or NaN(s); replacing with 0(s), yet this is suspicious."
95,"getImp result contains NA(s) or NaN(s); replacing with 0(s), yet this is suspicious."
96,"getImp result contains NA(s) or NaN(s); replacing with 0(s), yet this is suspicious."
96,"getImp result contains NA(s) or NaN(s); replacing with 0(s), yet this is suspicious."
96,"getImp result contains NA(s) or NaN(s); replacing with 0(s), yet this is suspicious."
96,"getImp result contains NA(s) or NaN(s); replacing with 0(s), yet this is suspicious."
96,"getImp result contains NA(s) or NaN(s); replacing with 0(s), yet this is suspicious."
96,"getImp result contains NA(s) or NaN(s); replacing with 0(s), yet this is suspicious."
96,"getImp result contains NA(s) or NaN(s); replacing with 0(s), yet this is suspicious."
96,"getImp result contains NA(s) or NaN(s); replacing with 0(s), yet this is suspicious."
96,"getImp result contains NA(s) or NaN(s); replacing with 0(s), yet this is suspicious."
96,"getImp result contains NA(s) or NaN(s); replacing with 0(s), yet this is suspicious."
96,"getImp result contains NA(s) or NaN(s); replacing with 0(s), yet this is suspicious."
96,"getImp result contains NA(s) or NaN(s); replacing with 0(s), yet this is suspicious."
96,"getImp result contains NA(s) or NaN(s); replacing with 0(s), yet this is suspicious."
96,"getImp result contains NA(s) or NaN(s); replacing with 0(s), yet this is suspicious."
96,"getImp result contains NA(s) or NaN(s); replacing with 0(s), yet this is suspicious."
97,"getImp result contains NA(s) or NaN(s); replacing with 0(s), yet this is suspicious."
97,"getImp result contains NA(s) or NaN(s); replacing with 0(s), yet this is suspicious."
97,"getImp result contains NA(s) or NaN(s); replacing with 0(s), yet this is suspicious."
97,"getImp result contains NA(s) or NaN(s); replacing with 0(s), yet this is suspicious."
97,"getImp result contains NA(s) or NaN(s); replacing with 0(s), yet this is suspicious."
97,"getImp result contains NA(s) or NaN(s); replacing with 0(s), yet this is suspicious."
97,"getImp result contains NA(s) or NaN(s); replacing with 0(s), yet this is suspicious."
97,"getImp result contains NA(s) or NaN(s); replacing with 0(s), yet this is suspicious."
97,"getImp result contains NA(s) or NaN(s); replacing with 0(s), yet this is suspicious."
97,"getImp result contains NA(s) or NaN(s); replacing with 0(s), yet this is suspicious."
97,"getImp result contains NA(s) or NaN(s); replacing with 0(s), yet this is suspicious."
97,"getImp result contains NA(s) or NaN(s); replacing with 0(s), yet this is suspicious."
97,"getImp result contains NA(s) or NaN(s); replacing with 0(s), yet this is suspicious."
97,"getImp result contains NA(s) or NaN(s); replacing with 0(s), yet this is suspicious."
97,"getImp result contains NA(s) or NaN(s); replacing with 0(s), yet this is suspicious."
98,"getImp result contains NA(s) or NaN(s); replacing with 0(s), yet this is suspicious."
98,"getImp result contains NA(s) or NaN(s); replacing with 0(s), yet this is suspicious."
98,"getImp result contains NA(s) or NaN(s); replacing with 0(s), yet this is suspicious."
98,"getImp result contains NA(s) or NaN(s); replacing with 0(s), yet this is suspicious."
98,"getImp result contains NA(s) or NaN(s); replacing with 0(s), yet this is suspicious."
98,"getImp result contains NA(s) or NaN(s); replacing with 0(s), yet this is suspicious."
98,"getImp result contains NA(s) or NaN(s); replacing with 0(s), yet this is suspicious."
98,"getImp result contains NA(s) or NaN(s); replacing with 0(s), yet this is suspicious."
98,"getImp result contains NA(s) or NaN(s); replacing with 0(s), yet this is suspicious."
98,"getImp result contains NA(s) or NaN(s); replacing with 0(s), yet this is suspicious."
98,"getImp result contains NA(s) or NaN(s); replacing with 0(s), yet this is suspicious."
98,"getImp result contains NA(s) or NaN(s); replacing with 0(s), yet this is suspicious."
98,"getImp result contains NA(s) or NaN(s); replacing with 0(s), yet this is suspicious."
98,"getImp result contains NA(s) or NaN(s); replacing with 0(s), yet this is suspicious."
98,"getImp result contains NA(s) or NaN(s); replacing with 0(s), yet this is suspicious."
99,"getImp result contains NA(s) or NaN(s); replacing with 0(s), yet this is suspicious."
99,"getImp result contains NA(s) or NaN(s); replacing with 0(s), yet this is suspicious."
99,"getImp result contains NA(s) or NaN(s); replacing with 0(s), yet this is suspicious."
99,"getImp result contains NA(s) or NaN(s); replacing with 0(s), yet this is suspicious."
99,"getImp result contains NA(s) or NaN(s); replacing with 0(s), yet this is suspicious."
99,"getImp result contains NA(s) or NaN(s); replacing with 0(s), yet this is suspicious."
99,"getImp result contains NA(s) or NaN(s); replacing with 0(s), yet this is suspicious."
99,"getImp result contains NA(s) or NaN(s); replacing with 0(s), yet this is suspicious."
99,"getImp result contains NA(s) or NaN(s); replacing with 0(s), yet this is suspicious."
99,"getImp result contains NA(s) or NaN(s); replacing with 0(s), yet this is suspicious."
99,"getImp result contains NA(s) or NaN(s); replacing with 0(s), yet this is suspicious."
99,"getImp result contains NA(s) or NaN(s); replacing with 0(s), yet this is suspicious."
99,"getImp result contains NA(s) or NaN(s); replacing with 0(s), yet this is suspicious."
99,"getImp result contains NA(s) or NaN(s); replacing with 0(s), yet this is suspicious."
99,"getImp result contains NA(s) or NaN(s); replacing with 0(s), yet this is suspicious."
100,"getImp result contains NA(s) or NaN(s); replacing with 0(s), yet this is suspicious."
100,"getImp result contains NA(s) or NaN(s); replacing with 0(s), yet this is suspicious."
100,"getImp result contains NA(s) or NaN(s); replacing with 0(s), yet this is suspicious."
100,"getImp result contains NA(s) or NaN(s); replacing with 0(s), yet this is suspicious."
100,"getImp result contains NA(s) or NaN(s); replacing with 0(s), yet this is suspicious."
100,"getImp result contains NA(s) or NaN(s); replacing with 0(s), yet this is suspicious."
100,"getImp result contains NA(s) or NaN(s); replacing with 0(s), yet this is suspicious."
100,"getImp result contains NA(s) or NaN(s); replacing with 0(s), yet this is suspicious."
100,"getImp result contains NA(s) or NaN(s); replacing with 0(s), yet this is suspicious."
100,"getImp result contains NA(s) or NaN(s); replacing with 0(s), yet this is suspicious."
100,"getImp result contains NA(s) or NaN(s); replacing with 0(s), yet this is suspicious."
100,"getImp result contains NA(s) or NaN(s); replacing with 0(s), yet this is suspicious."
100,"getImp result contains NA(s) or NaN(s); replacing with 0(s), yet this is suspicious."
100,"getImp result contains NA(s) or NaN(s); replacing with 0(s), yet this is suspicious."
100,"getImp result contains NA(s) or NaN(s); replacing with 0(s), yet this is suspicious."
101,"getImp result contains NA(s) or NaN(s); replacing with 0(s), yet this is suspicious."
101,"getImp result contains NA(s) or NaN(s); replacing with 0(s), yet this is suspicious."
101,"getImp result contains NA(s) or NaN(s); replacing with 0(s), yet this is suspicious."
101,"getImp result contains NA(s) or NaN(s); replacing with 0(s), yet this is suspicious."
101,"getImp result contains NA(s) or NaN(s); replacing with 0(s), yet this is suspicious."
101,"getImp result contains NA(s) or NaN(s); replacing with 0(s), yet this is suspicious."
101,"getImp result contains NA(s) or NaN(s); replacing with 0(s), yet this is suspicious."
101,"getImp result contains NA(s) or NaN(s); replacing with 0(s), yet this is suspicious."
101,"getImp result contains NA(s) or NaN(s); replacing with 0(s), yet this is suspicious."
101,"getImp result contains NA(s) or NaN(s); replacing with 0(s), yet this is suspicious."
101,"getImp result contains NA(s) or NaN(s); replacing with 0(s), yet this is suspicious."
101,"getImp result contains NA(s) or NaN(s); replacing with 0(s), yet this is suspicious."
101,"getImp result contains NA(s) or NaN(s); replacing with 0(s), yet this is suspicious."
101,"getImp result contains NA(s) or NaN(s); replacing with 0(s), yet this is suspicious."
101,"getImp result contains NA(s) or NaN(s); replacing with 0(s), yet this is suspicious."
102,"getImp result contains NA(s) or NaN(s); replacing with 0(s), yet this is suspicious."
102,"getImp result contains NA(s) or NaN(s); replacing with 0(s), yet this is suspicious."
102,"getImp result contains NA(s) or NaN(s); replacing with 0(s), yet this is suspicious."
102,"getImp result contains NA(s) or NaN(s); replacing with 0(s), yet this is suspicious."
102,"getImp result contains NA(s) or NaN(s); replacing with 0(s), yet this is suspicious."
102,"getImp result contains NA(s) or NaN(s); replacing with 0(s), yet this is suspicious."
102,"getImp result contains NA(s) or NaN(s); replacing with 0(s), yet this is suspicious."
102,"getImp result contains NA(s) or NaN(s); replacing with 0(s), yet this is suspicious."
102,"getImp result contains NA(s) or NaN(s); replacing with 0(s), yet this is suspicious."
102,"getImp result contains NA(s) or NaN(s); replacing with 0(s), yet this is suspicious."
102,"getImp result contains NA(s) or NaN(s); replacing with 0(s), yet this is suspicious."
102,"getImp result contains NA(s) or NaN(s); replacing with 0(s), yet this is suspicious."
102,"getImp result contains NA(s) or NaN(s); replacing with 0(s), yet this is suspicious."
102,"getImp result contains NA(s) or NaN(s); replacing with 0(s), yet this is suspicious."
102,"getImp result contains NA(s) or NaN(s); replacing with 0(s), yet this is suspicious."
103,"getImp result contains NA(s) or NaN(s); replacing with 0(s), yet this is suspicious."
103,"getImp result contains NA(s) or NaN(s); replacing with 0(s), yet this is suspicious."
103,"getImp result contains NA(s) or NaN(s); replacing with 0(s), yet this is suspicious."
103,"getImp result contains NA(s) or NaN(s); replacing with 0(s), yet this is suspicious."
103,"getImp result contains NA(s) or NaN(s); replacing with 0(s), yet this is suspicious."
103,"getImp result contains NA(s) or NaN(s); replacing with 0(s), yet this is suspicious."
103,"getImp result contains NA(s) or NaN(s); replacing with 0(s), yet this is suspicious."
103,"getImp result contains NA(s) or NaN(s); replacing with 0(s), yet this is suspicious."
103,"getImp result contains NA(s) or NaN(s); replacing with 0(s), yet this is suspicious."
103,"getImp result contains NA(s) or NaN(s); replacing with 0(s), yet this is suspicious."
103,"getImp result contains NA(s) or NaN(s); replacing with 0(s), yet this is suspicious."
103,"getImp result contains NA(s) or NaN(s); replacing with 0(s), yet this is suspicious."
103,"getImp result contains NA(s) or NaN(s); replacing with 0(s), yet this is suspicious."
103,"getImp result contains NA(s) or NaN(s); replacing with 0(s), yet this is suspicious."
103,"getImp result contains NA(s) or NaN(s); replacing with 0(s), yet this is suspicious."
103,"getImp result contains NA(s) or NaN(s); replacing with 0(s), yet this is suspicious."
104,"getImp result contains NA(s) or NaN(s); replacing with 0(s), yet this is suspicious."
104,"getImp result contains NA(s) or NaN(s); replacing with 0(s), yet this is suspicious."
104,"getImp result contains NA(s) or NaN(s); replacing with 0(s), yet this is suspicious."
104,"getImp result contains NA(s) or NaN(s); replacing with 0(s), yet this is suspicious."
104,"getImp result contains NA(s) or NaN(s); replacing with 0(s), yet this is suspicious."
104,"getImp result contains NA(s) or NaN(s); replacing with 0(s), yet this is suspicious."
104,"getImp result contains NA(s) or NaN(s); replacing with 0(s), yet this is suspicious."
104,"getImp result contains NA(s) or NaN(s); replacing with 0(s), yet this is suspicious."
104,"getImp result contains NA(s) or NaN(s); replacing with 0(s), yet this is suspicious."
104,"getImp result contains NA(s) or NaN(s); replacing with 0(s), yet this is suspicious."
104,"getImp result contains NA(s) or NaN(s); replacing with 0(s), yet this is suspicious."
104,"getImp result contains NA(s) or NaN(s); replacing with 0(s), yet this is suspicious."
104,"getImp result contains NA(s) or NaN(s); replacing with 0(s), yet this is suspicious."
104,"getImp result contains NA(s) or NaN(s); replacing with 0(s), yet this is suspicious."
104,"getImp result contains NA(s) or NaN(s); replacing with 0(s), yet this is suspicious."
105,"getImp result contains NA(s) or NaN(s); replacing with 0(s), yet this is suspicious."
105,"getImp result contains NA(s) or NaN(s); replacing with 0(s), yet this is suspicious."
105,"getImp result contains NA(s) or NaN(s); replacing with 0(s), yet this is suspicious."
105,"getImp result contains NA(s) or NaN(s); replacing with 0(s), yet this is suspicious."
105,"getImp result contains NA(s) or NaN(s); replacing with 0(s), yet this is suspicious."
105,"getImp result contains NA(s) or NaN(s); replacing with 0(s), yet this is suspicious."
105,"getImp result contains NA(s) or NaN(s); replacing with 0(s), yet this is suspicious."
105,"getImp result contains NA(s) or NaN(s); replacing with 0(s), yet this is suspicious."
105,"getImp result contains NA(s) or NaN(s); replacing with 0(s), yet this is suspicious."
105,"getImp result contains NA(s) or NaN(s); replacing with 0(s), yet this is suspicious."
105,"getImp result contains NA(s) or NaN(s); replacing with 0(s), yet this is suspicious."
105,"getImp result contains NA(s) or NaN(s); replacing with 0(s), yet this is suspicious."
105,"getImp result contains NA(s) or NaN(s); replacing with 0(s), yet this is suspicious."
105,"getImp result contains NA(s) or NaN(s); replacing with 0(s), yet this is suspicious."
105,"getImp result contains NA(s) or NaN(s); replacing with 0(s), yet this is suspicious."
106,"getImp result contains NA(s) or NaN(s); replacing with 0(s), yet this is suspicious."
106,"getImp result contains NA(s) or NaN(s); replacing with 0(s), yet this is suspicious."
106,"getImp result contains NA(s) or NaN(s); replacing with 0(s), yet this is suspicious."
106,"getImp result contains NA(s) or NaN(s); replacing with 0(s), yet this is suspicious."
106,"getImp result contains NA(s) or NaN(s); replacing with 0(s), yet this is suspicious."
106,"getImp result contains NA(s) or NaN(s); replacing with 0(s), yet this is suspicious."
106,"getImp result contains NA(s) or NaN(s); replacing with 0(s), yet this is suspicious."
106,"getImp result contains NA(s) or NaN(s); replacing with 0(s), yet this is suspicious."
106,"getImp result contains NA(s) or NaN(s); replacing with 0(s), yet this is suspicious."
106,"getImp result contains NA(s) or NaN(s); replacing with 0(s), yet this is suspicious."
106,"getImp result contains NA(s) or NaN(s); replacing with 0(s), yet this is suspicious."
106,"getImp result contains NA(s) or NaN(s); replacing with 0(s), yet this is suspicious."
106,"getImp result contains NA(s) or NaN(s); replacing with 0(s), yet this is suspicious."
106,"getImp result contains NA(s) or NaN(s); replacing with 0(s), yet this is suspicious."
106,"getImp result contains NA(s) or NaN(s); replacing with 0(s), yet this is suspicious."
107,"getImp result contains NA(s) or NaN(s); replacing with 0(s), yet this is suspicious."
107,"getImp result contains NA(s) or NaN(s); replacing with 0(s), yet this is suspicious."
107,"getImp result contains NA(s) or NaN(s); replacing with 0(s), yet this is suspicious."
107,"getImp result contains NA(s) or NaN(s); replacing with 0(s), yet this is suspicious."
107,"getImp result contains NA(s) or NaN(s); replacing with 0(s), yet this is suspicious."
107,"getImp result contains NA(s) or NaN(s); replacing with 0(s), yet this is suspicious."
107,"getImp result contains NA(s) or NaN(s); replacing with 0(s), yet this is suspicious."
107,"getImp result contains NA(s) or NaN(s); replacing with 0(s), yet this is suspicious."
107,"getImp result contains NA(s) or NaN(s); replacing with 0(s), yet this is suspicious."
107,"getImp result contains NA(s) or NaN(s); replacing with 0(s), yet this is suspicious."
107,"getImp result contains NA(s) or NaN(s); replacing with 0(s), yet this is suspicious."
107,"getImp result contains NA(s) or NaN(s); replacing with 0(s), yet this is suspicious."
107,"getImp result contains NA(s) or NaN(s); replacing with 0(s), yet this is suspicious."
107,"getImp result contains NA(s) or NaN(s); replacing with 0(s), yet this is suspicious."
107,"getImp result contains NA(s) or NaN(s); replacing with 0(s), yet this is suspicious."
108,"getImp result contains NA(s) or NaN(s); replacing with 0(s), yet this is suspicious."
108,"getImp result contains NA(s) or NaN(s); replacing with 0(s), yet this is suspicious."
108,"getImp result contains NA(s) or NaN(s); replacing with 0(s), yet this is suspicious."
108,"getImp result contains NA(s) or NaN(s); replacing with 0(s), yet this is suspicious."
108,"getImp result contains NA(s) or NaN(s); replacing with 0(s), yet this is suspicious."
108,"getImp result contains NA(s) or NaN(s); replacing with 0(s), yet this is suspicious."
108,"getImp result contains NA(s) or NaN(s); replacing with 0(s), yet this is suspicious."
108,"getImp result contains NA(s) or NaN(s); replacing with 0(s), yet this is suspicious."
108,"getImp result contains NA(s) or NaN(s); replacing with 0(s), yet this is suspicious."
108,"getImp result contains NA(s) or NaN(s); replacing with 0(s), yet this is suspicious."
108,"getImp result contains NA(s) or NaN(s); replacing with 0(s), yet this is suspicious."
108,"getImp result contains NA(s) or NaN(s); replacing with 0(s), yet this is suspicious."
108,"getImp result contains NA(s) or NaN(s); replacing with 0(s), yet this is suspicious."
108,"getImp result contains NA(s) or NaN(s); replacing with 0(s), yet this is suspicious."
108,"getImp result contains NA(s) or NaN(s); replacing with 0(s), yet this is suspicious."
109,"getImp result contains NA(s) or NaN(s); replacing with 0(s), yet this is suspicious."
109,"getImp result contains NA(s) or NaN(s); replacing with 0(s), yet this is suspicious."
109,"getImp result contains NA(s) or NaN(s); replacing with 0(s), yet this is suspicious."
109,"getImp result contains NA(s) or NaN(s); replacing with 0(s), yet this is suspicious."
109,"getImp result contains NA(s) or NaN(s); replacing with 0(s), yet this is suspicious."
109,"getImp result contains NA(s) or NaN(s); replacing with 0(s), yet this is suspicious."
109,"getImp result contains NA(s) or NaN(s); replacing with 0(s), yet this is suspicious."
109,"getImp result contains NA(s) or NaN(s); replacing with 0(s), yet this is suspicious."
109,"getImp result contains NA(s) or NaN(s); replacing with 0(s), yet this is suspicious."
109,"getImp result contains NA(s) or NaN(s); replacing with 0(s), yet this is suspicious."
109,"getImp result contains NA(s) or NaN(s); replacing with 0(s), yet this is suspicious."
109,"getImp result contains NA(s) or NaN(s); replacing with 0(s), yet this is suspicious."
109,"getImp result contains NA(s) or NaN(s); replacing with 0(s), yet this is suspicious."
109,"getImp result contains NA(s) or NaN(s); replacing with 0(s), yet this is suspicious."
109,"getImp result contains NA(s) or NaN(s); replacing with 0(s), yet this is suspicious."
110,"getImp result contains NA(s) or NaN(s); replacing with 0(s), yet this is suspicious."
110,"getImp result contains NA(s) or NaN(s); replacing with 0(s), yet this is suspicious."
110,"getImp result contains NA(s) or NaN(s); replacing with 0(s), yet this is suspicious."
110,"getImp result contains NA(s) or NaN(s); replacing with 0(s), yet this is suspicious."
110,"getImp result contains NA(s) or NaN(s); replacing with 0(s), yet this is suspicious."
110,"getImp result contains NA(s) or NaN(s); replacing with 0(s), yet this is suspicious."
110,"getImp result contains NA(s) or NaN(s); replacing with 0(s), yet this is suspicious."
110,"getImp result contains NA(s) or NaN(s); replacing with 0(s), yet this is suspicious."
110,"getImp result contains NA(s) or NaN(s); replacing with 0(s), yet this is suspicious."
110,"getImp result contains NA(s) or NaN(s); replacing with 0(s), yet this is suspicious."
110,"getImp result contains NA(s) or NaN(s); replacing with 0(s), yet this is suspicious."
110,"getImp result contains NA(s) or NaN(s); replacing with 0(s), yet this is suspicious."
110,"getImp result contains NA(s) or NaN(s); replacing with 0(s), yet this is suspicious."
110,"getImp result contains NA(s) or NaN(s); replacing with 0(s), yet this is suspicious."
110,"getImp result contains NA(s) or NaN(s); replacing with 0(s), yet this is suspicious."
111,"getImp result contains NA(s) or NaN(s); replacing with 0(s), yet this is suspicious."
111,"getImp result contains NA(s) or NaN(s); replacing with 0(s), yet this is suspicious."
111,"getImp result contains NA(s) or NaN(s); replacing with 0(s), yet this is suspicious."
111,"getImp result contains NA(s) or NaN(s); replacing with 0(s), yet this is suspicious."
111,"getImp result contains NA(s) or NaN(s); replacing with 0(s), yet this is suspicious."
111,"getImp result contains NA(s) or NaN(s); replacing with 0(s), yet this is suspicious."
111,"getImp result contains NA(s) or NaN(s); replacing with 0(s), yet this is suspicious."
111,"getImp result contains NA(s) or NaN(s); replacing with 0(s), yet this is suspicious."
111,"getImp result contains NA(s) or NaN(s); replacing with 0(s), yet this is suspicious."
111,"getImp result contains NA(s) or NaN(s); replacing with 0(s), yet this is suspicious."
111,"getImp result contains NA(s) or NaN(s); replacing with 0(s), yet this is suspicious."
111,"getImp result contains NA(s) or NaN(s); replacing with 0(s), yet this is suspicious."
111,"getImp result contains NA(s) or NaN(s); replacing with 0(s), yet this is suspicious."
111,"getImp result contains NA(s) or NaN(s); replacing with 0(s), yet this is suspicious."
111,"getImp result contains NA(s) or NaN(s); replacing with 0(s), yet this is suspicious."
112,"getImp result contains NA(s) or NaN(s); replacing with 0(s), yet this is suspicious."
112,"getImp result contains NA(s) or NaN(s); replacing with 0(s), yet this is suspicious."
112,"getImp result contains NA(s) or NaN(s); replacing with 0(s), yet this is suspicious."
112,"getImp result contains NA(s) or NaN(s); replacing with 0(s), yet this is suspicious."
112,"getImp result contains NA(s) or NaN(s); replacing with 0(s), yet this is suspicious."
112,"getImp result contains NA(s) or NaN(s); replacing with 0(s), yet this is suspicious."
112,"getImp result contains NA(s) or NaN(s); replacing with 0(s), yet this is suspicious."
112,"getImp result contains NA(s) or NaN(s); replacing with 0(s), yet this is suspicious."
112,"getImp result contains NA(s) or NaN(s); replacing with 0(s), yet this is suspicious."
112,"getImp result contains NA(s) or NaN(s); replacing with 0(s), yet this is suspicious."
112,"getImp result contains NA(s) or NaN(s); replacing with 0(s), yet this is suspicious."
112,"getImp result contains NA(s) or NaN(s); replacing with 0(s), yet this is suspicious."
112,"getImp result contains NA(s) or NaN(s); replacing with 0(s), yet this is suspicious."
112,"getImp result contains NA(s) or NaN(s); replacing with 0(s), yet this is suspicious."
112,"getImp result contains NA(s) or NaN(s); replacing with 0(s), yet this is suspicious."
113,"getImp result contains NA(s) or NaN(s); replacing with 0(s), yet this is suspicious."
113,"getImp result contains NA(s) or NaN(s); replacing with 0(s), yet this is suspicious."
113,"getImp result contains NA(s) or NaN(s); replacing with 0(s), yet this is suspicious."
113,"getImp result contains NA(s) or NaN(s); replacing with 0(s), yet this is suspicious."
113,"getImp result contains NA(s) or NaN(s); replacing with 0(s), yet this is suspicious."
113,"getImp result contains NA(s) or NaN(s); replacing with 0(s), yet this is suspicious."
113,"getImp result contains NA(s) or NaN(s); replacing with 0(s), yet this is suspicious."
113,"getImp result contains NA(s) or NaN(s); replacing with 0(s), yet this is suspicious."
113,"getImp result contains NA(s) or NaN(s); replacing with 0(s), yet this is suspicious."
113,"getImp result contains NA(s) or NaN(s); replacing with 0(s), yet this is suspicious."
113,"getImp result contains NA(s) or NaN(s); replacing with 0(s), yet this is suspicious."
113,"getImp result contains NA(s) or NaN(s); replacing with 0(s), yet this is suspicious."
113,"getImp result contains NA(s) or NaN(s); replacing with 0(s), yet this is suspicious."
113,"getImp result contains NA(s) or NaN(s); replacing with 0(s), yet this is suspicious."
113,"getImp result contains NA(s) or NaN(s); replacing with 0(s), yet this is suspicious."
114,"getImp result contains NA(s) or NaN(s); replacing with 0(s), yet this is suspicious."
114,"getImp result contains NA(s) or NaN(s); replacing with 0(s), yet this is suspicious."
114,"getImp result contains NA(s) or NaN(s); replacing with 0(s), yet this is suspicious."
114,"getImp result contains NA(s) or NaN(s); replacing with 0(s), yet this is suspicious."
114,"getImp result contains NA(s) or NaN(s); replacing with 0(s), yet this is suspicious."
114,"getImp result contains NA(s) or NaN(s); replacing with 0(s), yet this is suspicious."
114,"getImp result contains NA(s) or NaN(s); replacing with 0(s), yet this is suspicious."
114,"getImp result contains NA(s) or NaN(s); replacing with 0(s), yet this is suspicious."
114,"getImp result contains NA(s) or NaN(s); replacing with 0(s), yet this is suspicious."
114,"getImp result contains NA(s) or NaN(s); replacing with 0(s), yet this is suspicious."
114,"getImp result contains NA(s) or NaN(s); replacing with 0(s), yet this is suspicious."
114,"getImp result contains NA(s) or NaN(s); replacing with 0(s), yet this is suspicious."
114,"getImp result contains NA(s) or NaN(s); replacing with 0(s), yet this is suspicious."
114,"getImp result contains NA(s) or NaN(s); replacing with 0(s), yet this is suspicious."
114,"getImp result contains NA(s) or NaN(s); replacing with 0(s), yet this is suspicious."
115,"getImp result contains NA(s) or NaN(s); replacing with 0(s), yet this is suspicious."
115,"getImp result contains NA(s) or NaN(s); replacing with 0(s), yet this is suspicious."
115,"getImp result contains NA(s) or NaN(s); replacing with 0(s), yet this is suspicious."
115,"getImp result contains NA(s) or NaN(s); replacing with 0(s), yet this is suspicious."
115,"getImp result contains NA(s) or NaN(s); replacing with 0(s), yet this is suspicious."
115,"getImp result contains NA(s) or NaN(s); replacing with 0(s), yet this is suspicious."
115,"getImp result contains NA(s) or NaN(s); replacing with 0(s), yet this is suspicious."
115,"getImp result contains NA(s) or NaN(s); replacing with 0(s), yet this is suspicious."
115,"getImp result contains NA(s) or NaN(s); replacing with 0(s), yet this is suspicious."
115,"getImp result contains NA(s) or NaN(s); replacing with 0(s), yet this is suspicious."
115,"getImp result contains NA(s) or NaN(s); replacing with 0(s), yet this is suspicious."
115,"getImp result contains NA(s) or NaN(s); replacing with 0(s), yet this is suspicious."
115,"getImp result contains NA(s) or NaN(s); replacing with 0(s), yet this is suspicious."
115,"getImp result contains NA(s) or NaN(s); replacing with 0(s), yet this is suspicious."
115,"getImp result contains NA(s) or NaN(s); replacing with 0(s), yet this is suspicious."
116,"getImp result contains NA(s) or NaN(s); replacing with 0(s), yet this is suspicious."
116,"getImp result contains NA(s) or NaN(s); replacing with 0(s), yet this is suspicious."
116,"getImp result contains NA(s) or NaN(s); replacing with 0(s), yet this is suspicious."
116,"getImp result contains NA(s) or NaN(s); replacing with 0(s), yet this is suspicious."
116,"getImp result contains NA(s) or NaN(s); replacing with 0(s), yet this is suspicious."
116,"getImp result contains NA(s) or NaN(s); replacing with 0(s), yet this is suspicious."
116,"getImp result contains NA(s) or NaN(s); replacing with 0(s), yet this is suspicious."
116,"getImp result contains NA(s) or NaN(s); replacing with 0(s), yet this is suspicious."
116,"getImp result contains NA(s) or NaN(s); replacing with 0(s), yet this is suspicious."
116,"getImp result contains NA(s) or NaN(s); replacing with 0(s), yet this is suspicious."
116,"getImp result contains NA(s) or NaN(s); replacing with 0(s), yet this is suspicious."
116,"getImp result contains NA(s) or NaN(s); replacing with 0(s), yet this is suspicious."
116,"getImp result contains NA(s) or NaN(s); replacing with 0(s), yet this is suspicious."
116,"getImp result contains NA(s) or NaN(s); replacing with 0(s), yet this is suspicious."
116,"getImp result contains NA(s) or NaN(s); replacing with 0(s), yet this is suspicious."
117,"getImp result contains NA(s) or NaN(s); replacing with 0(s), yet this is suspicious."
117,"getImp result contains NA(s) or NaN(s); replacing with 0(s), yet this is suspicious."
117,"getImp result contains NA(s) or NaN(s); replacing with 0(s), yet this is suspicious."
117,"getImp result contains NA(s) or NaN(s); replacing with 0(s), yet this is suspicious."
117,"getImp result contains NA(s) or NaN(s); replacing with 0(s), yet this is suspicious."
117,"getImp result contains NA(s) or NaN(s); replacing with 0(s), yet this is suspicious."
117,"getImp result contains NA(s) or NaN(s); replacing with 0(s), yet this is suspicious."
117,"getImp result contains NA(s) or NaN(s); replacing with 0(s), yet this is suspicious."
117,"getImp result contains NA(s) or NaN(s); replacing with 0(s), yet this is suspicious."
117,"getImp result contains NA(s) or NaN(s); replacing with 0(s), yet this is suspicious."
117,"getImp result contains NA(s) or NaN(s); replacing with 0(s), yet this is suspicious."
117,"getImp result contains NA(s) or NaN(s); replacing with 0(s), yet this is suspicious."
117,"getImp result contains NA(s) or NaN(s); replacing with 0(s), yet this is suspicious."
117,"getImp result contains NA(s) or NaN(s); replacing with 0(s), yet this is suspicious."
117,"getImp result contains NA(s) or NaN(s); replacing with 0(s), yet this is suspicious."
118,"getImp result contains NA(s) or NaN(s); replacing with 0(s), yet this is suspicious."
118,"getImp result contains NA(s) or NaN(s); replacing with 0(s), yet this is suspicious."
118,"getImp result contains NA(s) or NaN(s); replacing with 0(s), yet this is suspicious."
118,"getImp result contains NA(s) or NaN(s); replacing with 0(s), yet this is suspicious."
118,"getImp result contains NA(s) or NaN(s); replacing with 0(s), yet this is suspicious."
118,"getImp result contains NA(s) or NaN(s); replacing with 0(s), yet this is suspicious."
118,"getImp result contains NA(s) or NaN(s); replacing with 0(s), yet this is suspicious."
118,"getImp result contains NA(s) or NaN(s); replacing with 0(s), yet this is suspicious."
118,"getImp result contains NA(s) or NaN(s); replacing with 0(s), yet this is suspicious."
118,"getImp result contains NA(s) or NaN(s); replacing with 0(s), yet this is suspicious."
118,"getImp result contains NA(s) or NaN(s); replacing with 0(s), yet this is suspicious."
118,"getImp result contains NA(s) or NaN(s); replacing with 0(s), yet this is suspicious."
118,"getImp result contains NA(s) or NaN(s); replacing with 0(s), yet this is suspicious."
118,"getImp result contains NA(s) or NaN(s); replacing with 0(s), yet this is suspicious."
118,"getImp result contains NA(s) or NaN(s); replacing with 0(s), yet this is suspicious."
119,"getImp result contains NA(s) or NaN(s); replacing with 0(s), yet this is suspicious."
119,"getImp result contains NA(s) or NaN(s); replacing with 0(s), yet this is suspicious."
119,"getImp result contains NA(s) or NaN(s); replacing with 0(s), yet this is suspicious."
119,"getImp result contains NA(s) or NaN(s); replacing with 0(s), yet this is suspicious."
119,"getImp result contains NA(s) or NaN(s); replacing with 0(s), yet this is suspicious."
119,"getImp result contains NA(s) or NaN(s); replacing with 0(s), yet this is suspicious."
119,"getImp result contains NA(s) or NaN(s); replacing with 0(s), yet this is suspicious."
119,"getImp result contains NA(s) or NaN(s); replacing with 0(s), yet this is suspicious."
119,"getImp result contains NA(s) or NaN(s); replacing with 0(s), yet this is suspicious."
119,"getImp result contains NA(s) or NaN(s); replacing with 0(s), yet this is suspicious."
119,"getImp result contains NA(s) or NaN(s); replacing with 0(s), yet this is suspicious."
119,"getImp result contains NA(s) or NaN(s); replacing with 0(s), yet this is suspicious."
119,"getImp result contains NA(s) or NaN(s); replacing with 0(s), yet this is suspicious."
119,"getImp result contains NA(s) or NaN(s); replacing with 0(s), yet this is suspicious."
119,"getImp result contains NA(s) or NaN(s); replacing with 0(s), yet this is suspicious."
120,"getImp result contains NA(s) or NaN(s); replacing with 0(s), yet this is suspicious."
120,"getImp result contains NA(s) or NaN(s); replacing with 0(s), yet this is suspicious."
120,"getImp result contains NA(s) or NaN(s); replacing with 0(s), yet this is suspicious."
120,"getImp result contains NA(s) or NaN(s); replacing with 0(s), yet this is suspicious."
120,"getImp result contains NA(s) or NaN(s); replacing with 0(s), yet this is suspicious."
120,"getImp result contains NA(s) or NaN(s); replacing with 0(s), yet this is suspicious."
120,"getImp result contains NA(s) or NaN(s); replacing with 0(s), yet this is suspicious."
120,"getImp result contains NA(s) or NaN(s); replacing with 0(s), yet this is suspicious."
120,"getImp result contains NA(s) or NaN(s); replacing with 0(s), yet this is suspicious."
120,"getImp result contains NA(s) or NaN(s); replacing with 0(s), yet this is suspicious."
120,"getImp result contains NA(s) or NaN(s); replacing with 0(s), yet this is suspicious."
120,"getImp result contains NA(s) or NaN(s); replacing with 0(s), yet this is suspicious."
120,"getImp result contains NA(s) or NaN(s); replacing with 0(s), yet this is suspicious."
120,"getImp result contains NA(s) or NaN(s); replacing with 0(s), yet this is suspicious."
120,"getImp result contains NA(s) or NaN(s); replacing with 0(s), yet this is suspicious."
121,"getImp result contains NA(s) or NaN(s); replacing with 0(s), yet this is suspicious."
121,"getImp result contains NA(s) or NaN(s); replacing with 0(s), yet this is suspicious."
121,"getImp result contains NA(s) or NaN(s); replacing with 0(s), yet this is suspicious."
121,"getImp result contains NA(s) or NaN(s); replacing with 0(s), yet this is suspicious."
121,"getImp result contains NA(s) or NaN(s); replacing with 0(s), yet this is suspicious."
121,"getImp result contains NA(s) or NaN(s); replacing with 0(s), yet this is suspicious."
121,"getImp result contains NA(s) or NaN(s); replacing with 0(s), yet this is suspicious."
121,"getImp result contains NA(s) or NaN(s); replacing with 0(s), yet this is suspicious."
121,"getImp result contains NA(s) or NaN(s); replacing with 0(s), yet this is suspicious."
121,"getImp result contains NA(s) or NaN(s); replacing with 0(s), yet this is suspicious."
121,"getImp result contains NA(s) or NaN(s); replacing with 0(s), yet this is suspicious."
121,"getImp result contains NA(s) or NaN(s); replacing with 0(s), yet this is suspicious."
121,"getImp result contains NA(s) or NaN(s); replacing with 0(s), yet this is suspicious."
121,"getImp result contains NA(s) or NaN(s); replacing with 0(s), yet this is suspicious."
121,"getImp result contains NA(s) or NaN(s); replacing with 0(s), yet this is suspicious."
122,"getImp result contains NA(s) or NaN(s); replacing with 0(s), yet this is suspicious."
122,"getImp result contains NA(s) or NaN(s); replacing with 0(s), yet this is suspicious."
122,"getImp result contains NA(s) or NaN(s); replacing with 0(s), yet this is suspicious."
122,"getImp result contains NA(s) or NaN(s); replacing with 0(s), yet this is suspicious."
122,"getImp result contains NA(s) or NaN(s); replacing with 0(s), yet this is suspicious."
122,"getImp result contains NA(s) or NaN(s); replacing with 0(s), yet this is suspicious."
122,"getImp result contains NA(s) or NaN(s); replacing with 0(s), yet this is suspicious."
122,"getImp result contains NA(s) or NaN(s); replacing with 0(s), yet this is suspicious."
122,"getImp result contains NA(s) or NaN(s); replacing with 0(s), yet this is suspicious."
122,"getImp result contains NA(s) or NaN(s); replacing with 0(s), yet this is suspicious."
122,"getImp result contains NA(s) or NaN(s); replacing with 0(s), yet this is suspicious."
122,"getImp result contains NA(s) or NaN(s); replacing with 0(s), yet this is suspicious."
122,"getImp result contains NA(s) or NaN(s); replacing with 0(s), yet this is suspicious."
122,"getImp result contains NA(s) or NaN(s); replacing with 0(s), yet this is suspicious."
122,"getImp result contains NA(s) or NaN(s); replacing with 0(s), yet this is suspicious."
123,"getImp result contains NA(s) or NaN(s); replacing with 0(s), yet this is suspicious."
123,"getImp result contains NA(s) or NaN(s); replacing with 0(s), yet this is suspicious."
123,"getImp result contains NA(s) or NaN(s); replacing with 0(s), yet this is suspicious."
123,"getImp result contains NA(s) or NaN(s); replacing with 0(s), yet this is suspicious."
123,"getImp result contains NA(s) or NaN(s); replacing with 0(s), yet this is suspicious."
123,"getImp result contains NA(s) or NaN(s); replacing with 0(s), yet this is suspicious."
123,"getImp result contains NA(s) or NaN(s); replacing with 0(s), yet this is suspicious."
123,"getImp result contains NA(s) or NaN(s); replacing with 0(s), yet this is suspicious."
123,"getImp result contains NA(s) or NaN(s); replacing with 0(s), yet this is suspicious."
123,"getImp result contains NA(s) or NaN(s); replacing with 0(s), yet this is suspicious."
123,"getImp result contains NA(s) or NaN(s); replacing with 0(s), yet this is suspicious."
123,"getImp result contains NA(s) or NaN(s); replacing with 0(s), yet this is suspicious."
123,"getImp result contains NA(s) or NaN(s); replacing with 0(s), yet this is suspicious."
123,"getImp result contains NA(s) or NaN(s); replacing with 0(s), yet this is suspicious."
123,"getImp result contains NA(s) or NaN(s); replacing with 0(s), yet this is suspicious."
124,"getImp result contains NA(s) or NaN(s); replacing with 0(s), yet this is suspicious."
124,"getImp result contains NA(s) or NaN(s); replacing with 0(s), yet this is suspicious."
124,"getImp result contains NA(s) or NaN(s); replacing with 0(s), yet this is suspicious."
124,"getImp result contains NA(s) or NaN(s); replacing with 0(s), yet this is suspicious."
124,"getImp result contains NA(s) or NaN(s); replacing with 0(s), yet this is suspicious."
124,"getImp result contains NA(s) or NaN(s); replacing with 0(s), yet this is suspicious."
124,"getImp result contains NA(s) or NaN(s); replacing with 0(s), yet this is suspicious."
124,"getImp result contains NA(s) or NaN(s); replacing with 0(s), yet this is suspicious."
124,"getImp result contains NA(s) or NaN(s); replacing with 0(s), yet this is suspicious."
124,"getImp result contains NA(s) or NaN(s); replacing with 0(s), yet this is suspicious."
124,"getImp result contains NA(s) or NaN(s); replacing with 0(s), yet this is suspicious."
124,"getImp result contains NA(s) or NaN(s); replacing with 0(s), yet this is suspicious."
124,"getImp result contains NA(s) or NaN(s); replacing with 0(s), yet this is suspicious."
124,"getImp result contains NA(s) or NaN(s); replacing with 0(s), yet this is suspicious."
124,"getImp result contains NA(s) or NaN(s); replacing with 0(s), yet this is suspicious."
125,"getImp result contains NA(s) or NaN(s); replacing with 0(s), yet this is suspicious."
125,"getImp result contains NA(s) or NaN(s); replacing with 0(s), yet this is suspicious."
125,"getImp result contains NA(s) or NaN(s); replacing with 0(s), yet this is suspicious."
125,"getImp result contains NA(s) or NaN(s); replacing with 0(s), yet this is suspicious."
125,"getImp result contains NA(s) or NaN(s); replacing with 0(s), yet this is suspicious."
125,"getImp result contains NA(s) or NaN(s); replacing with 0(s), yet this is suspicious."
125,"getImp result contains NA(s) or NaN(s); replacing with 0(s), yet this is suspicious."
125,"getImp result contains NA(s) or NaN(s); replacing with 0(s), yet this is suspicious."
125,"getImp result contains NA(s) or NaN(s); replacing with 0(s), yet this is suspicious."
125,"getImp result contains NA(s) or NaN(s); replacing with 0(s), yet this is suspicious."
125,"getImp result contains NA(s) or NaN(s); replacing with 0(s), yet this is suspicious."
125,"getImp result contains NA(s) or NaN(s); replacing with 0(s), yet this is suspicious."
125,"getImp result contains NA(s) or NaN(s); replacing with 0(s), yet this is suspicious."
125,"getImp result contains NA(s) or NaN(s); replacing with 0(s), yet this is suspicious."
125,"getImp result contains NA(s) or NaN(s); replacing with 0(s), yet this is suspicious."
126,"getImp result contains NA(s) or NaN(s); replacing with 0(s), yet this is suspicious."
126,"getImp result contains NA(s) or NaN(s); replacing with 0(s), yet this is suspicious."
126,"getImp result contains NA(s) or NaN(s); replacing with 0(s), yet this is suspicious."
126,"getImp result contains NA(s) or NaN(s); replacing with 0(s), yet this is suspicious."
126,"getImp result contains NA(s) or NaN(s); replacing with 0(s), yet this is suspicious."
126,"getImp result contains NA(s) or NaN(s); replacing with 0(s), yet this is suspicious."
126,"getImp result contains NA(s) or NaN(s); replacing with 0(s), yet this is suspicious."
126,"getImp result contains NA(s) or NaN(s); replacing with 0(s), yet this is suspicious."
126,"getImp result contains NA(s) or NaN(s); replacing with 0(s), yet this is suspicious."
126,"getImp result contains NA(s) or NaN(s); replacing with 0(s), yet this is suspicious."
126,"getImp result contains NA(s) or NaN(s); replacing with 0(s), yet this is suspicious."
126,"getImp result contains NA(s) or NaN(s); replacing with 0(s), yet this is suspicious."
126,"getImp result contains NA(s) or NaN(s); replacing with 0(s), yet this is suspicious."
126,"getImp result contains NA(s) or NaN(s); replacing with 0(s), yet this is suspicious."
126,"getImp result contains NA(s) or NaN(s); replacing with 0(s), yet this is suspicious."
127,"getImp result contains NA(s) or NaN(s); replacing with 0(s), yet this is suspicious."
127,"getImp result contains NA(s) or NaN(s); replacing with 0(s), yet this is suspicious."
127,"getImp result contains NA(s) or NaN(s); replacing with 0(s), yet this is suspicious."
127,"getImp result contains NA(s) or NaN(s); replacing with 0(s), yet this is suspicious."
127,"getImp result contains NA(s) or NaN(s); replacing with 0(s), yet this is suspicious."
127,"getImp result contains NA(s) or NaN(s); replacing with 0(s), yet this is suspicious."
127,"getImp result contains NA(s) or NaN(s); replacing with 0(s), yet this is suspicious."
127,"getImp result contains NA(s) or NaN(s); replacing with 0(s), yet this is suspicious."
127,"getImp result contains NA(s) or NaN(s); replacing with 0(s), yet this is suspicious."
127,"getImp result contains NA(s) or NaN(s); replacing with 0(s), yet this is suspicious."
127,"getImp result contains NA(s) or NaN(s); replacing with 0(s), yet this is suspicious."
127,"getImp result contains NA(s) or NaN(s); replacing with 0(s), yet this is suspicious."
127,"getImp result contains NA(s) or NaN(s); replacing with 0(s), yet this is suspicious."
127,"getImp result contains NA(s) or NaN(s); replacing with 0(s), yet this is suspicious."
127,"getImp result contains NA(s) or NaN(s); replacing with 0(s), yet this is suspicious."
128,"getImp result contains NA(s) or NaN(s); replacing with 0(s), yet this is suspicious."
128,"getImp result contains NA(s) or NaN(s); replacing with 0(s), yet this is suspicious."
128,"getImp result contains NA(s) or NaN(s); replacing with 0(s), yet this is suspicious."
128,"getImp result contains NA(s) or NaN(s); replacing with 0(s), yet this is suspicious."
128,"getImp result contains NA(s) or NaN(s); replacing with 0(s), yet this is suspicious."
128,"getImp result contains NA(s) or NaN(s); replacing with 0(s), yet this is suspicious."
128,"getImp result contains NA(s) or NaN(s); replacing with 0(s), yet this is suspicious."
128,"getImp result contains NA(s) or NaN(s); replacing with 0(s), yet this is suspicious."
128,"getImp result contains NA(s) or NaN(s); replacing with 0(s), yet this is suspicious."
128,"getImp result contains NA(s) or NaN(s); replacing with 0(s), yet this is suspicious."
128,"getImp result contains NA(s) or NaN(s); replacing with 0(s), yet this is suspicious."
128,"getImp result contains NA(s) or NaN(s); replacing with 0(s), yet this is suspicious."
128,"getImp result contains NA(s) or NaN(s); replacing with 0(s), yet this is suspicious."
128,"getImp result contains NA(s) or NaN(s); replacing with 0(s), yet this is suspicious."
128,"getImp result contains NA(s) or NaN(s); replacing with 0(s), yet this is suspicious."
129,"getImp result contains NA(s) or NaN(s); replacing with 0(s), yet this is suspicious."
129,"getImp result contains NA(s) or NaN(s); replacing with 0(s), yet this is suspicious."
129,"getImp result contains NA(s) or NaN(s); replacing with 0(s), yet this is suspicious."
129,"getImp result contains NA(s) or NaN(s); replacing with 0(s), yet this is suspicious."
129,"getImp result contains NA(s) or NaN(s); replacing with 0(s), yet this is suspicious."
129,"getImp result contains NA(s) or NaN(s); replacing with 0(s), yet this is suspicious."
129,"getImp result contains NA(s) or NaN(s); replacing with 0(s), yet this is suspicious."
129,"getImp result contains NA(s) or NaN(s); replacing with 0(s), yet this is suspicious."
129,"getImp result contains NA(s) or NaN(s); replacing with 0(s), yet this is suspicious."
129,"getImp result contains NA(s) or NaN(s); replacing with 0(s), yet this is suspicious."
129,"getImp result contains NA(s) or NaN(s); replacing with 0(s), yet this is suspicious."
129,"getImp result contains NA(s) or NaN(s); replacing with 0(s), yet this is suspicious."
129,"getImp result contains NA(s) or NaN(s); replacing with 0(s), yet this is suspicious."
129,"getImp result contains NA(s) or NaN(s); replacing with 0(s), yet this is suspicious."
129,"getImp result contains NA(s) or NaN(s); replacing with 0(s), yet this is suspicious."
130,"getImp result contains NA(s) or NaN(s); replacing with 0(s), yet this is suspicious."
130,"getImp result contains NA(s) or NaN(s); replacing with 0(s), yet this is suspicious."
130,"getImp result contains NA(s) or NaN(s); replacing with 0(s), yet this is suspicious."
130,"getImp result contains NA(s) or NaN(s); replacing with 0(s), yet this is suspicious."
130,"getImp result contains NA(s) or NaN(s); replacing with 0(s), yet this is suspicious."
130,"getImp result contains NA(s) or NaN(s); replacing with 0(s), yet this is suspicious."
130,"getImp result contains NA(s) or NaN(s); replacing with 0(s), yet this is suspicious."
130,"getImp result contains NA(s) or NaN(s); replacing with 0(s), yet this is suspicious."
130,"getImp result contains NA(s) or NaN(s); replacing with 0(s), yet this is suspicious."
130,"getImp result contains NA(s) or NaN(s); replacing with 0(s), yet this is suspicious."
130,"getImp result contains NA(s) or NaN(s); replacing with 0(s), yet this is suspicious."
130,"getImp result contains NA(s) or NaN(s); replacing with 0(s), yet this is suspicious."
130,"getImp result contains NA(s) or NaN(s); replacing with 0(s), yet this is suspicious."
130,"getImp result contains NA(s) or NaN(s); replacing with 0(s), yet this is suspicious."
130,"getImp result contains NA(s) or NaN(s); replacing with 0(s), yet this is suspicious."
131,"getImp result contains NA(s) or NaN(s); replacing with 0(s), yet this is suspicious."
131,"getImp result contains NA(s) or NaN(s); replacing with 0(s), yet this is suspicious."
131,"getImp result contains NA(s) or NaN(s); replacing with 0(s), yet this is suspicious."
131,"getImp result contains NA(s) or NaN(s); replacing with 0(s), yet this is suspicious."
131,"getImp result contains NA(s) or NaN(s); replacing with 0(s), yet this is suspicious."
131,"getImp result contains NA(s) or NaN(s); replacing with 0(s), yet this is suspicious."
131,"getImp result contains NA(s) or NaN(s); replacing with 0(s), yet this is suspicious."
131,"getImp result contains NA(s) or NaN(s); replacing with 0(s), yet this is suspicious."
131,"getImp result contains NA(s) or NaN(s); replacing with 0(s), yet this is suspicious."
131,"getImp result contains NA(s) or NaN(s); replacing with 0(s), yet this is suspicious."
131,"getImp result contains NA(s) or NaN(s); replacing with 0(s), yet this is suspicious."
131,"getImp result contains NA(s) or NaN(s); replacing with 0(s), yet this is suspicious."
131,"getImp result contains NA(s) or NaN(s); replacing with 0(s), yet this is suspicious."
131,"getImp result contains NA(s) or NaN(s); replacing with 0(s), yet this is suspicious."
131,"getImp result contains NA(s) or NaN(s); replacing with 0(s), yet this is suspicious."
132,"getImp result contains NA(s) or NaN(s); replacing with 0(s), yet this is suspicious."
132,"getImp result contains NA(s) or NaN(s); replacing with 0(s), yet this is suspicious."
132,"getImp result contains NA(s) or NaN(s); replacing with 0(s), yet this is suspicious."
132,"getImp result contains NA(s) or NaN(s); replacing with 0(s), yet this is suspicious."
132,"getImp result contains NA(s) or NaN(s); replacing with 0(s), yet this is suspicious."
132,"getImp result contains NA(s) or NaN(s); replacing with 0(s), yet this is suspicious."
132,"getImp result contains NA(s) or NaN(s); replacing with 0(s), yet this is suspicious."
132,"getImp result contains NA(s) or NaN(s); replacing with 0(s), yet this is suspicious."
132,"getImp result contains NA(s) or NaN(s); replacing with 0(s), yet this is suspicious."
132,"getImp result contains NA(s) or NaN(s); replacing with 0(s), yet this is suspicious."
132,"getImp result contains NA(s) or NaN(s); replacing with 0(s), yet this is suspicious."
132,"getImp result contains NA(s) or NaN(s); replacing with 0(s), yet this is suspicious."
132,"getImp result contains NA(s) or NaN(s); replacing with 0(s), yet this is suspicious."
132,"getImp result contains NA(s) or NaN(s); replacing with 0(s), yet this is suspicious."
132,"getImp result contains NA(s) or NaN(s); replacing with 0(s), yet this is suspicious."
133,"getImp result contains NA(s) or NaN(s); replacing with 0(s), yet this is suspicious."
133,"getImp result contains NA(s) or NaN(s); replacing with 0(s), yet this is suspicious."
133,"getImp result contains NA(s) or NaN(s); replacing with 0(s), yet this is suspicious."
133,"getImp result contains NA(s) or NaN(s); replacing with 0(s), yet this is suspicious."
133,"getImp result contains NA(s) or NaN(s); replacing with 0(s), yet this is suspicious."
133,"getImp result contains NA(s) or NaN(s); replacing with 0(s), yet this is suspicious."
133,"getImp result contains NA(s) or NaN(s); replacing with 0(s), yet this is suspicious."
133,"getImp result contains NA(s) or NaN(s); replacing with 0(s), yet this is suspicious."
133,"getImp result contains NA(s) or NaN(s); replacing with 0(s), yet this is suspicious."
133,"getImp result contains NA(s) or NaN(s); replacing with 0(s), yet this is suspicious."
133,"getImp result contains NA(s) or NaN(s); replacing with 0(s), yet this is suspicious."
133,"getImp result contains NA(s) or NaN(s); replacing with 0(s), yet this is suspicious."
133,"getImp result contains NA(s) or NaN(s); replacing with 0(s), yet this is suspicious."
133,"getImp result contains NA(s) or NaN(s); replacing with 0(s), yet this is suspicious."
133,"getImp result contains NA(s) or NaN(s); replacing with 0(s), yet this is suspicious."
134,"getImp result contains NA(s) or NaN(s); replacing with 0(s), yet this is suspicious."
134,"getImp result contains NA(s) or NaN(s); replacing with 0(s), yet this is suspicious."
134,"getImp result contains NA(s) or NaN(s); replacing with 0(s), yet this is suspicious."
134,"getImp result contains NA(s) or NaN(s); replacing with 0(s), yet this is suspicious."
134,"getImp result contains NA(s) or NaN(s); replacing with 0(s), yet this is suspicious."
134,"getImp result contains NA(s) or NaN(s); replacing with 0(s), yet this is suspicious."
134,"getImp result contains NA(s) or NaN(s); replacing with 0(s), yet this is suspicious."
134,"getImp result contains NA(s) or NaN(s); replacing with 0(s), yet this is suspicious."
134,"getImp result contains NA(s) or NaN(s); replacing with 0(s), yet this is suspicious."
134,"getImp result contains NA(s) or NaN(s); replacing with 0(s), yet this is suspicious."
134,"getImp result contains NA(s) or NaN(s); replacing with 0(s), yet this is suspicious."
134,"getImp result contains NA(s) or NaN(s); replacing with 0(s), yet this is suspicious."
134,"getImp result contains NA(s) or NaN(s); replacing with 0(s), yet this is suspicious."
134,"getImp result contains NA(s) or NaN(s); replacing with 0(s), yet this is suspicious."
134,"getImp result contains NA(s) or NaN(s); replacing with 0(s), yet this is suspicious."
135,"getImp result contains NA(s) or NaN(s); replacing with 0(s), yet this is suspicious."
135,"getImp result contains NA(s) or NaN(s); replacing with 0(s), yet this is suspicious."
135,"getImp result contains NA(s) or NaN(s); replacing with 0(s), yet this is suspicious."
135,"getImp result contains NA(s) or NaN(s); replacing with 0(s), yet this is suspicious."
135,"getImp result contains NA(s) or NaN(s); replacing with 0(s), yet this is suspicious."
135,"getImp result contains NA(s) or NaN(s); replacing with 0(s), yet this is suspicious."
135,"getImp result contains NA(s) or NaN(s); replacing with 0(s), yet this is suspicious."
135,"getImp result contains NA(s) or NaN(s); replacing with 0(s), yet this is suspicious."
135,"getImp result contains NA(s) or NaN(s); replacing with 0(s), yet this is suspicious."
135,"getImp result contains NA(s) or NaN(s); replacing with 0(s), yet this is suspicious."
135,"getImp result contains NA(s) or NaN(s); replacing with 0(s), yet this is suspicious."
135,"getImp result contains NA(s) or NaN(s); replacing with 0(s), yet this is suspicious."
135,"getImp result contains NA(s) or NaN(s); replacing with 0(s), yet this is suspicious."
135,"getImp result contains NA(s) or NaN(s); replacing with 0(s), yet this is suspicious."
135,"getImp result contains NA(s) or NaN(s); replacing with 0(s), yet this is suspicious."
136,"getImp result contains NA(s) or NaN(s); replacing with 0(s), yet this is suspicious."
136,"getImp result contains NA(s) or NaN(s); replacing with 0(s), yet this is suspicious."
136,"getImp result contains NA(s) or NaN(s); replacing with 0(s), yet this is suspicious."
136,"getImp result contains NA(s) or NaN(s); replacing with 0(s), yet this is suspicious."
136,"getImp result contains NA(s) or NaN(s); replacing with 0(s), yet this is suspicious."
136,"getImp result contains NA(s) or NaN(s); replacing with 0(s), yet this is suspicious."
136,"getImp result contains NA(s) or NaN(s); replacing with 0(s), yet this is suspicious."
136,"getImp result contains NA(s) or NaN(s); replacing with 0(s), yet this is suspicious."
136,"getImp result contains NA(s) or NaN(s); replacing with 0(s), yet this is suspicious."
136,"getImp result contains NA(s) or NaN(s); replacing with 0(s), yet this is suspicious."
136,"getImp result contains NA(s) or NaN(s); replacing with 0(s), yet this is suspicious."
136,"getImp result contains NA(s) or NaN(s); replacing with 0(s), yet this is suspicious."
136,"getImp result contains NA(s) or NaN(s); replacing with 0(s), yet this is suspicious."
136,"getImp result contains NA(s) or NaN(s); replacing with 0(s), yet this is suspicious."
136,"getImp result contains NA(s) or NaN(s); replacing with 0(s), yet this is suspicious."
137,"getImp result contains NA(s) or NaN(s); replacing with 0(s), yet this is suspicious."
137,"getImp result contains NA(s) or NaN(s); replacing with 0(s), yet this is suspicious."
137,"getImp result contains NA(s) or NaN(s); replacing with 0(s), yet this is suspicious."
137,"getImp result contains NA(s) or NaN(s); replacing with 0(s), yet this is suspicious."
137,"getImp result contains NA(s) or NaN(s); replacing with 0(s), yet this is suspicious."
137,"getImp result contains NA(s) or NaN(s); replacing with 0(s), yet this is suspicious."
137,"getImp result contains NA(s) or NaN(s); replacing with 0(s), yet this is suspicious."
137,"getImp result contains NA(s) or NaN(s); replacing with 0(s), yet this is suspicious."
137,"getImp result contains NA(s) or NaN(s); replacing with 0(s), yet this is suspicious."
137,"getImp result contains NA(s) or NaN(s); replacing with 0(s), yet this is suspicious."
137,"getImp result contains NA(s) or NaN(s); replacing with 0(s), yet this is suspicious."
137,"getImp result contains NA(s) or NaN(s); replacing with 0(s), yet this is suspicious."
137,"getImp result contains NA(s) or NaN(s); replacing with 0(s), yet this is suspicious."
137,"getImp result contains NA(s) or NaN(s); replacing with 0(s), yet this is suspicious."
137,"getImp result contains NA(s) or NaN(s); replacing with 0(s), yet this is suspicious."
138,"getImp result contains NA(s) or NaN(s); replacing with 0(s), yet this is suspicious."
138,"getImp result contains NA(s) or NaN(s); replacing with 0(s), yet this is suspicious."
138,"getImp result contains NA(s) or NaN(s); replacing with 0(s), yet this is suspicious."
138,"getImp result contains NA(s) or NaN(s); replacing with 0(s), yet this is suspicious."
138,"getImp result contains NA(s) or NaN(s); replacing with 0(s), yet this is suspicious."
138,"getImp result contains NA(s) or NaN(s); replacing with 0(s), yet this is suspicious."
138,"getImp result contains NA(s) or NaN(s); replacing with 0(s), yet this is suspicious."
138,"getImp result contains NA(s) or NaN(s); replacing with 0(s), yet this is suspicious."
138,"getImp result contains NA(s) or NaN(s); replacing with 0(s), yet this is suspicious."
138,"getImp result contains NA(s) or NaN(s); replacing with 0(s), yet this is suspicious."
138,"getImp result contains NA(s) or NaN(s); replacing with 0(s), yet this is suspicious."
138,"getImp result contains NA(s) or NaN(s); replacing with 0(s), yet this is suspicious."
138,"getImp result contains NA(s) or NaN(s); replacing with 0(s), yet this is suspicious."
138,"getImp result contains NA(s) or NaN(s); replacing with 0(s), yet this is suspicious."
138,"getImp result contains NA(s) or NaN(s); replacing with 0(s), yet this is suspicious."
139,"getImp result contains NA(s) or NaN(s); replacing with 0(s), yet this is suspicious."
139,"getImp result contains NA(s) or NaN(s); replacing with 0(s), yet this is suspicious."
139,"getImp result contains NA(s) or NaN(s); replacing with 0(s), yet this is suspicious."
139,"getImp result contains NA(s) or NaN(s); replacing with 0(s), yet this is suspicious."
139,"getImp result contains NA(s) or NaN(s); replacing with 0(s), yet this is suspicious."
139,"getImp result contains NA(s) or NaN(s); replacing with 0(s), yet this is suspicious."
139,"getImp result contains NA(s) or NaN(s); replacing with 0(s), yet this is suspicious."
139,"getImp result contains NA(s) or NaN(s); replacing with 0(s), yet this is suspicious."
139,"getImp result contains NA(s) or NaN(s); replacing with 0(s), yet this is suspicious."
139,"getImp result contains NA(s) or NaN(s); replacing with 0(s), yet this is suspicious."
139,"getImp result contains NA(s) or NaN(s); replacing with 0(s), yet this is suspicious."
139,"getImp result contains NA(s) or NaN(s); replacing with 0(s), yet this is suspicious."
139,"getImp result contains NA(s) or NaN(s); replacing with 0(s), yet this is suspicious."
139,"getImp result contains NA(s) or NaN(s); replacing with 0(s), yet this is suspicious."
139,"getImp result contains NA(s) or NaN(s); replacing with 0(s), yet this is suspicious."
140,"getImp result contains NA(s) or NaN(s); replacing with 0(s), yet this is suspicious."
140,"getImp result contains NA(s) or NaN(s); replacing with 0(s), yet this is suspicious."
140,"getImp result contains NA(s) or NaN(s); replacing with 0(s), yet this is suspicious."
140,"getImp result contains NA(s) or NaN(s); replacing with 0(s), yet this is suspicious."
140,"getImp result contains NA(s) or NaN(s); replacing with 0(s), yet this is suspicious."
140,"getImp result contains NA(s) or NaN(s); replacing with 0(s), yet this is suspicious."
140,"getImp result contains NA(s) or NaN(s); replacing with 0(s), yet this is suspicious."
140,"getImp result contains NA(s) or NaN(s); replacing with 0(s), yet this is suspicious."
140,"getImp result contains NA(s) or NaN(s); replacing with 0(s), yet this is suspicious."
140,"getImp result contains NA(s) or NaN(s); replacing with 0(s), yet this is suspicious."
140,"getImp result contains NA(s) or NaN(s); replacing with 0(s), yet this is suspicious."
140,"getImp result contains NA(s) or NaN(s); replacing with 0(s), yet this is suspicious."
140,"getImp result contains NA(s) or NaN(s); replacing with 0(s), yet this is suspicious."
140,"getImp result contains NA(s) or NaN(s); replacing with 0(s), yet this is suspicious."
140,"getImp result contains NA(s) or NaN(s); replacing with 0(s), yet this is suspicious."
141,"getImp result contains NA(s) or NaN(s); replacing with 0(s), yet this is suspicious."
141,"getImp result contains NA(s) or NaN(s); replacing with 0(s), yet this is suspicious."
141,"getImp result contains NA(s) or NaN(s); replacing with 0(s), yet this is suspicious."
141,"getImp result contains NA(s) or NaN(s); replacing with 0(s), yet this is suspicious."
141,"getImp result contains NA(s) or NaN(s); replacing with 0(s), yet this is suspicious."
141,"getImp result contains NA(s) or NaN(s); replacing with 0(s), yet this is suspicious."
141,"getImp result contains NA(s) or NaN(s); replacing with 0(s), yet this is suspicious."
141,"getImp result contains NA(s) or NaN(s); replacing with 0(s), yet this is suspicious."
141,"getImp result contains NA(s) or NaN(s); replacing with 0(s), yet this is suspicious."
141,"getImp result contains NA(s) or NaN(s); replacing with 0(s), yet this is suspicious."
141,"getImp result contains NA(s) or NaN(s); replacing with 0(s), yet this is suspicious."
141,"getImp result contains NA(s) or NaN(s); replacing with 0(s), yet this is suspicious."
141,"getImp result contains NA(s) or NaN(s); replacing with 0(s), yet this is suspicious."
141,"getImp result contains NA(s) or NaN(s); replacing with 0(s), yet this is suspicious."
141,"getImp result contains NA(s) or NaN(s); replacing with 0(s), yet this is suspicious."
142,"getImp result contains NA(s) or NaN(s); replacing with 0(s), yet this is suspicious."
142,"getImp result contains NA(s) or NaN(s); replacing with 0(s), yet this is suspicious."
142,"getImp result contains NA(s) or NaN(s); replacing with 0(s), yet this is suspicious."
142,"getImp result contains NA(s) or NaN(s); replacing with 0(s), yet this is suspicious."
142,"getImp result contains NA(s) or NaN(s); replacing with 0(s), yet this is suspicious."
142,"getImp result contains NA(s) or NaN(s); replacing with 0(s), yet this is suspicious."
142,"getImp result contains NA(s) or NaN(s); replacing with 0(s), yet this is suspicious."
142,"getImp result contains NA(s) or NaN(s); replacing with 0(s), yet this is suspicious."
142,"getImp result contains NA(s) or NaN(s); replacing with 0(s), yet this is suspicious."
142,"getImp result contains NA(s) or NaN(s); replacing with 0(s), yet this is suspicious."
142,"getImp result contains NA(s) or NaN(s); replacing with 0(s), yet this is suspicious."
142,"getImp result contains NA(s) or NaN(s); replacing with 0(s), yet this is suspicious."
142,"getImp result contains NA(s) or NaN(s); replacing with 0(s), yet this is suspicious."
142,"getImp result contains NA(s) or NaN(s); replacing with 0(s), yet this is suspicious."
142,"getImp result contains NA(s) or NaN(s); replacing with 0(s), yet this is suspicious."
143,"getImp result contains NA(s) or NaN(s); replacing with 0(s), yet this is suspicious."
143,"getImp result contains NA(s) or NaN(s); replacing with 0(s), yet this is suspicious."
143,"getImp result contains NA(s) or NaN(s); replacing with 0(s), yet this is suspicious."
143,"getImp result contains NA(s) or NaN(s); replacing with 0(s), yet this is suspicious."
143,"getImp result contains NA(s) or NaN(s); replacing with 0(s), yet this is suspicious."
143,"getImp result contains NA(s) or NaN(s); replacing with 0(s), yet this is suspicious."
143,"getImp result contains NA(s) or NaN(s); replacing with 0(s), yet this is suspicious."
143,"getImp result contains NA(s) or NaN(s); replacing with 0(s), yet this is suspicious."
143,"getImp result contains NA(s) or NaN(s); replacing with 0(s), yet this is suspicious."
143,"getImp result contains NA(s) or NaN(s); replacing with 0(s), yet this is suspicious."
143,"getImp result contains NA(s) or NaN(s); replacing with 0(s), yet this is suspicious."
143,"getImp result contains NA(s) or NaN(s); replacing with 0(s), yet this is suspicious."
143,"getImp result contains NA(s) or NaN(s); replacing with 0(s), yet this is suspicious."
143,"getImp result contains NA(s) or NaN(s); replacing with 0(s), yet this is suspicious."
143,"getImp result contains NA(s) or NaN(s); replacing with 0(s), yet this is suspicious."
144,"getImp result contains NA(s) or NaN(s); replacing with 0(s), yet this is suspicious."
144,"getImp result contains NA(s) or NaN(s); replacing with 0(s), yet this is suspicious."
144,"getImp result contains NA(s) or NaN(s); replacing with 0(s), yet this is suspicious."
144,"getImp result contains NA(s) or NaN(s); replacing with 0(s), yet this is suspicious."
144,"getImp result contains NA(s) or NaN(s); replacing with 0(s), yet this is suspicious."
144,"getImp result contains NA(s) or NaN(s); replacing with 0(s), yet this is suspicious."
144,"getImp result contains NA(s) or NaN(s); replacing with 0(s), yet this is suspicious."
144,"getImp result contains NA(s) or NaN(s); replacing with 0(s), yet this is suspicious."
144,"getImp result contains NA(s) or NaN(s); replacing with 0(s), yet this is suspicious."
144,"getImp result contains NA(s) or NaN(s); replacing with 0(s), yet this is suspicious."
144,"getImp result contains NA(s) or NaN(s); replacing with 0(s), yet this is suspicious."
144,"getImp result contains NA(s) or NaN(s); replacing with 0(s), yet this is suspicious."
144,"getImp result contains NA(s) or NaN(s); replacing with 0(s), yet this is suspicious."
144,"getImp result contains NA(s) or NaN(s); replacing with 0(s), yet this is suspicious."
144,"getImp result contains NA(s) or NaN(s); replacing with 0(s), yet this is suspicious."
145,"getImp result contains NA(s) or NaN(s); replacing with 0(s), yet this is suspicious."
145,"getImp result contains NA(s) or NaN(s); replacing with 0(s), yet this is suspicious."
145,"getImp result contains NA(s) or NaN(s); replacing with 0(s), yet this is suspicious."
145,"getImp result contains NA(s) or NaN(s); replacing with 0(s), yet this is suspicious."
145,"getImp result contains NA(s) or NaN(s); replacing with 0(s), yet this is suspicious."
145,"getImp result contains NA(s) or NaN(s); replacing with 0(s), yet this is suspicious."
145,"getImp result contains NA(s) or NaN(s); replacing with 0(s), yet this is suspicious."
145,"getImp result contains NA(s) or NaN(s); replacing with 0(s), yet this is suspicious."
145,"getImp result contains NA(s) or NaN(s); replacing with 0(s), yet this is suspicious."
145,"getImp result contains NA(s) or NaN(s); replacing with 0(s), yet this is suspicious."
145,"getImp result contains NA(s) or NaN(s); replacing with 0(s), yet this is suspicious."
145,"getImp result contains NA(s) or NaN(s); replacing with 0(s), yet this is suspicious."
145,"getImp result contains NA(s) or NaN(s); replacing with 0(s), yet this is suspicious."
145,"getImp result contains NA(s) or NaN(s); replacing with 0(s), yet this is suspicious."
145,"getImp result contains NA(s) or NaN(s); replacing with 0(s), yet this is suspicious."
146,"getImp result contains NA(s) or NaN(s); replacing with 0(s), yet this is suspicious."
146,"getImp result contains NA(s) or NaN(s); replacing with 0(s), yet this is suspicious."
146,"getImp result contains NA(s) or NaN(s); replacing with 0(s), yet this is suspicious."
146,"getImp result contains NA(s) or NaN(s); replacing with 0(s), yet this is suspicious."
146,"getImp result contains NA(s) or NaN(s); replacing with 0(s), yet this is suspicious."
146,"getImp result contains NA(s) or NaN(s); replacing with 0(s), yet this is suspicious."
146,"getImp result contains NA(s) or NaN(s); replacing with 0(s), yet this is suspicious."
146,"getImp result contains NA(s) or NaN(s); replacing with 0(s), yet this is suspicious."
146,"getImp result contains NA(s) or NaN(s); replacing with 0(s), yet this is suspicious."
146,"getImp result contains NA(s) or NaN(s); replacing with 0(s), yet this is suspicious."
146,"getImp result contains NA(s) or NaN(s); replacing with 0(s), yet this is suspicious."
146,"getImp result contains NA(s) or NaN(s); replacing with 0(s), yet this is suspicious."
146,"getImp result contains NA(s) or NaN(s); replacing with 0(s), yet this is suspicious."
146,"getImp result contains NA(s) or NaN(s); replacing with 0(s), yet this is suspicious."
146,"getImp result contains NA(s) or NaN(s); replacing with 0(s), yet this is suspicious."
147,"getImp result contains NA(s) or NaN(s); replacing with 0(s), yet this is suspicious."
147,"getImp result contains NA(s) or NaN(s); replacing with 0(s), yet this is suspicious."
147,"getImp result contains NA(s) or NaN(s); replacing with 0(s), yet this is suspicious."
147,"getImp result contains NA(s) or NaN(s); replacing with 0(s), yet this is suspicious."
147,"getImp result contains NA(s) or NaN(s); replacing with 0(s), yet this is suspicious."
147,"getImp result contains NA(s) or NaN(s); replacing with 0(s), yet this is suspicious."
147,"getImp result contains NA(s) or NaN(s); replacing with 0(s), yet this is suspicious."
147,"getImp result contains NA(s) or NaN(s); replacing with 0(s), yet this is suspicious."
147,"getImp result contains NA(s) or NaN(s); replacing with 0(s), yet this is suspicious."
147,"getImp result contains NA(s) or NaN(s); replacing with 0(s), yet this is suspicious."
147,"getImp result contains NA(s) or NaN(s); replacing with 0(s), yet this is suspicious."
147,"getImp result contains NA(s) or NaN(s); replacing with 0(s), yet this is suspicious."
147,"getImp result contains NA(s) or NaN(s); replacing with 0(s), yet this is suspicious."
147,"getImp result contains NA(s) or NaN(s); replacing with 0(s), yet this is suspicious."
147,"getImp result contains NA(s) or NaN(s); replacing with 0(s), yet this is suspicious."
148,"getImp result contains NA(s) or NaN(s); replacing with 0(s), yet this is suspicious."
148,"getImp result contains NA(s) or NaN(s); replacing with 0(s), yet this is suspicious."
148,"getImp result contains NA(s) or NaN(s); replacing with 0(s), yet this is suspicious."
148,"getImp result contains NA(s) or NaN(s); replacing with 0(s), yet this is suspicious."
148,"getImp result contains NA(s) or NaN(s); replacing with 0(s), yet this is suspicious."
148,"getImp result contains NA(s) or NaN(s); replacing with 0(s), yet this is suspicious."
148,"getImp result contains NA(s) or NaN(s); replacing with 0(s), yet this is suspicious."
148,"getImp result contains NA(s) or NaN(s); replacing with 0(s), yet this is suspicious."
148,"getImp result contains NA(s) or NaN(s); replacing with 0(s), yet this is suspicious."
148,"getImp result contains NA(s) or NaN(s); replacing with 0(s), yet this is suspicious."
148,"getImp result contains NA(s) or NaN(s); replacing with 0(s), yet this is suspicious."
148,"getImp result contains NA(s) or NaN(s); replacing with 0(s), yet this is suspicious."
148,"getImp result contains NA(s) or NaN(s); replacing with 0(s), yet this is suspicious."
148,"getImp result contains NA(s) or NaN(s); replacing with 0(s), yet this is suspicious."
148,"getImp result contains NA(s) or NaN(s); replacing with 0(s), yet this is suspicious."
149,"getImp result contains NA(s) or NaN(s); replacing with 0(s), yet this is suspicious."
149,"getImp result contains NA(s) or NaN(s); replacing with 0(s), yet this is suspicious."
149,"getImp result contains NA(s) or NaN(s); replacing with 0(s), yet this is suspicious."
149,"getImp result contains NA(s) or NaN(s); replacing with 0(s), yet this is suspicious."
149,"getImp result contains NA(s) or NaN(s); replacing with 0(s), yet this is suspicious."
149,"getImp result contains NA(s) or NaN(s); replacing with 0(s), yet this is suspicious."
149,"getImp result contains NA(s) or NaN(s); replacing with 0(s), yet this is suspicious."
149,"getImp result contains NA(s) or NaN(s); replacing with 0(s), yet this is suspicious."
149,"getImp result contains NA(s) or NaN(s); replacing with 0(s), yet this is suspicious."
149,"getImp result contains NA(s) or NaN(s); replacing with 0(s), yet this is suspicious."
149,"getImp result contains NA(s) or NaN(s); replacing with 0(s), yet this is suspicious."
149,"getImp result contains NA(s) or NaN(s); replacing with 0(s), yet this is suspicious."
149,"getImp result contains NA(s) or NaN(s); replacing with 0(s), yet this is suspicious."
149,"getImp result contains NA(s) or NaN(s); replacing with 0(s), yet this is suspicious."
149,"getImp result contains NA(s) or NaN(s); replacing with 0(s), yet this is suspicious."
149,"getImp result contains NA(s) or NaN(s); replacing with 0(s), yet this is suspicious."
149,"getImp result contains NA(s) or NaN(s); replacing with 0(s), yet this is suspicious."
150,"getImp result contains NA(s) or NaN(s); replacing with 0(s), yet this is suspicious."
150,"getImp result contains NA(s) or NaN(s); replacing with 0(s), yet this is suspicious."
150,"getImp result contains NA(s) or NaN(s); replacing with 0(s), yet this is suspicious."
150,"getImp result contains NA(s) or NaN(s); replacing with 0(s), yet this is suspicious."
150,"getImp result contains NA(s) or NaN(s); replacing with 0(s), yet this is suspicious."
150,"getImp result contains NA(s) or NaN(s); replacing with 0(s), yet this is suspicious."
150,"getImp result contains NA(s) or NaN(s); replacing with 0(s), yet this is suspicious."
150,"getImp result contains NA(s) or NaN(s); replacing with 0(s), yet this is suspicious."
150,"getImp result contains NA(s) or NaN(s); replacing with 0(s), yet this is suspicious."
150,"getImp result contains NA(s) or NaN(s); replacing with 0(s), yet this is suspicious."
150,"getImp result contains NA(s) or NaN(s); replacing with 0(s), yet this is suspicious."
150,"getImp result contains NA(s) or NaN(s); replacing with 0(s), yet this is suspicious."
150,"getImp result contains NA(s) or NaN(s); replacing with 0(s), yet this is suspicious."
150,"getImp result contains NA(s) or NaN(s); replacing with 0(s), yet this is suspicious."
150,"getImp result contains NA(s) or NaN(s); replacing with 0(s), yet this is suspicious."
150,"getImp result contains NA(s) or NaN(s); replacing with 0(s), yet this is suspicious."
151,"getImp result contains NA(s) or NaN(s); replacing with 0(s), yet this is suspicious."
151,"getImp result contains NA(s) or NaN(s); replacing with 0(s), yet this is suspicious."
151,"getImp result contains NA(s) or NaN(s); replacing with 0(s), yet this is suspicious."
151,"getImp result contains NA(s) or NaN(s); replacing with 0(s), yet this is suspicious."
151,"getImp result contains NA(s) or NaN(s); replacing with 0(s), yet this is suspicious."
151,"getImp result contains NA(s) or NaN(s); replacing with 0(s), yet this is suspicious."
151,"getImp result contains NA(s) or NaN(s); replacing with 0(s), yet this is suspicious."
151,"getImp result contains NA(s) or NaN(s); replacing with 0(s), yet this is suspicious."
151,"getImp result contains NA(s) or NaN(s); replacing with 0(s), yet this is suspicious."
151,"getImp result contains NA(s) or NaN(s); replacing with 0(s), yet this is suspicious."
151,"getImp result contains NA(s) or NaN(s); replacing with 0(s), yet this is suspicious."
151,"getImp result contains NA(s) or NaN(s); replacing with 0(s), yet this is suspicious."
151,"getImp result contains NA(s) or NaN(s); replacing with 0(s), yet this is suspicious."
151,"getImp result contains NA(s) or NaN(s); replacing with 0(s), yet this is suspicious."
151,"getImp result contains NA(s) or NaN(s); replacing with 0(s), yet this is suspicious."
152,"getImp result contains NA(s) or NaN(s); replacing with 0(s), yet this is suspicious."
152,"getImp result contains NA(s) or NaN(s); replacing with 0(s), yet this is suspicious."
152,"getImp result contains NA(s) or NaN(s); replacing with 0(s), yet this is suspicious."
152,"getImp result contains NA(s) or NaN(s); replacing with 0(s), yet this is suspicious."
152,"getImp result contains NA(s) or NaN(s); replacing with 0(s), yet this is suspicious."
152,"getImp result contains NA(s) or NaN(s); replacing with 0(s), yet this is suspicious."
152,"getImp result contains NA(s) or NaN(s); replacing with 0(s), yet this is suspicious."
152,"getImp result contains NA(s) or NaN(s); replacing with 0(s), yet this is suspicious."
152,"getImp result contains NA(s) or NaN(s); replacing with 0(s), yet this is suspicious."
152,"getImp result contains NA(s) or NaN(s); replacing with 0(s), yet this is suspicious."
152,"getImp result contains NA(s) or NaN(s); replacing with 0(s), yet this is suspicious."
152,"getImp result contains NA(s) or NaN(s); replacing with 0(s), yet this is suspicious."
152,"getImp result contains NA(s) or NaN(s); replacing with 0(s), yet this is suspicious."
152,"getImp result contains NA(s) or NaN(s); replacing with 0(s), yet this is suspicious."
152,"getImp result contains NA(s) or NaN(s); replacing with 0(s), yet this is suspicious."
152,"getImp result contains NA(s) or NaN(s); replacing with 0(s), yet this is suspicious."
152,"getImp result contains NA(s) or NaN(s); replacing with 0(s), yet this is suspicious."
153,"getImp result contains NA(s) or NaN(s); replacing with 0(s), yet this is suspicious."
153,"getImp result contains NA(s) or NaN(s); replacing with 0(s), yet this is suspicious."
153,"getImp result contains NA(s) or NaN(s); replacing with 0(s), yet this is suspicious."
153,"getImp result contains NA(s) or NaN(s); replacing with 0(s), yet this is suspicious."
153,"getImp result contains NA(s) or NaN(s); replacing with 0(s), yet this is suspicious."
153,"getImp result contains NA(s) or NaN(s); replacing with 0(s), yet this is suspicious."
153,"getImp result contains NA(s) or NaN(s); replacing with 0(s), yet this is suspicious."
153,"getImp result contains NA(s) or NaN(s); replacing with 0(s), yet this is suspicious."
153,"getImp result contains NA(s) or NaN(s); replacing with 0(s), yet this is suspicious."
153,"getImp result contains NA(s) or NaN(s); replacing with 0(s), yet this is suspicious."
153,"getImp result contains NA(s) or NaN(s); replacing with 0(s), yet this is suspicious."
153,"getImp result contains NA(s) or NaN(s); replacing with 0(s), yet this is suspicious."
153,"getImp result contains NA(s) or NaN(s); replacing with 0(s), yet this is suspicious."
153,"getImp result contains NA(s) or NaN(s); replacing with 0(s), yet this is suspicious."
153,"getImp result contains NA(s) or NaN(s); replacing with 0(s), yet this is suspicious."
154,"getImp result contains NA(s) or NaN(s); replacing with 0(s), yet this is suspicious."
154,"getImp result contains NA(s) or NaN(s); replacing with 0(s), yet this is suspicious."
154,"getImp result contains NA(s) or NaN(s); replacing with 0(s), yet this is suspicious."
154,"getImp result contains NA(s) or NaN(s); replacing with 0(s), yet this is suspicious."
154,"getImp result contains NA(s) or NaN(s); replacing with 0(s), yet this is suspicious."
154,"getImp result contains NA(s) or NaN(s); replacing with 0(s), yet this is suspicious."
154,"getImp result contains NA(s) or NaN(s); replacing with 0(s), yet this is suspicious."
154,"getImp result contains NA(s) or NaN(s); replacing with 0(s), yet this is suspicious."
154,"getImp result contains NA(s) or NaN(s); replacing with 0(s), yet this is suspicious."
154,"getImp result contains NA(s) or NaN(s); replacing with 0(s), yet this is suspicious."
154,"getImp result contains NA(s) or NaN(s); replacing with 0(s), yet this is suspicious."
154,"getImp result contains NA(s) or NaN(s); replacing with 0(s), yet this is suspicious."
154,"getImp result contains NA(s) or NaN(s); replacing with 0(s), yet this is suspicious."
154,"getImp result contains NA(s) or NaN(s); replacing with 0(s), yet this is suspicious."
154,"getImp result contains NA(s) or NaN(s); replacing with 0(s), yet this is suspicious."
154,"getImp result contains NA(s) or NaN(s); replacing with 0(s), yet this is suspicious."
155,"getImp result contains NA(s) or NaN(s); replacing with 0(s), yet this is suspicious."
155,"getImp result contains NA(s) or NaN(s); replacing with 0(s), yet this is suspicious."
155,"getImp result contains NA(s) or NaN(s); replacing with 0(s), yet this is suspicious."
155,"getImp result contains NA(s) or NaN(s); replacing with 0(s), yet this is suspicious."
155,"getImp result contains NA(s) or NaN(s); replacing with 0(s), yet this is suspicious."
155,"getImp result contains NA(s) or NaN(s); replacing with 0(s), yet this is suspicious."
155,"getImp result contains NA(s) or NaN(s); replacing with 0(s), yet this is suspicious."
155,"getImp result contains NA(s) or NaN(s); replacing with 0(s), yet this is suspicious."
155,"getImp result contains NA(s) or NaN(s); replacing with 0(s), yet this is suspicious."
155,"getImp result contains NA(s) or NaN(s); replacing with 0(s), yet this is suspicious."
155,"getImp result contains NA(s) or NaN(s); replacing with 0(s), yet this is suspicious."
155,"getImp result contains NA(s) or NaN(s); replacing with 0(s), yet this is suspicious."
155,"getImp result contains NA(s) or NaN(s); replacing with 0(s), yet this is suspicious."
155,"getImp result contains NA(s) or NaN(s); replacing with 0(s), yet this is suspicious."
155,"getImp result contains NA(s) or NaN(s); replacing with 0(s), yet this is suspicious."
156,"getImp result contains NA(s) or NaN(s); replacing with 0(s), yet this is suspicious."
156,"getImp result contains NA(s) or NaN(s); replacing with 0(s), yet this is suspicious."
156,"getImp result contains NA(s) or NaN(s); replacing with 0(s), yet this is suspicious."
156,"getImp result contains NA(s) or NaN(s); replacing with 0(s), yet this is suspicious."
156,"getImp result contains NA(s) or NaN(s); replacing with 0(s), yet this is suspicious."
156,"getImp result contains NA(s) or NaN(s); replacing with 0(s), yet this is suspicious."
156,"getImp result contains NA(s) or NaN(s); replacing with 0(s), yet this is suspicious."
156,"getImp result contains NA(s) or NaN(s); replacing with 0(s), yet this is suspicious."
156,"getImp result contains NA(s) or NaN(s); replacing with 0(s), yet this is suspicious."
156,"getImp result contains NA(s) or NaN(s); replacing with 0(s), yet this is suspicious."
156,"getImp result contains NA(s) or NaN(s); replacing with 0(s), yet this is suspicious."
156,"getImp result contains NA(s) or NaN(s); replacing with 0(s), yet this is suspicious."
156,"getImp result contains NA(s) or NaN(s); replacing with 0(s), yet this is suspicious."
156,"getImp result contains NA(s) or NaN(s); replacing with 0(s), yet this is suspicious."
156,"getImp result contains NA(s) or NaN(s); replacing with 0(s), yet this is suspicious."
157,"getImp result contains NA(s) or NaN(s); replacing with 0(s), yet this is suspicious."
157,"getImp result contains NA(s) or NaN(s); replacing with 0(s), yet this is suspicious."
157,"getImp result contains NA(s) or NaN(s); replacing with 0(s), yet this is suspicious."
157,"getImp result contains NA(s) or NaN(s); replacing with 0(s), yet this is suspicious."
157,"getImp result contains NA(s) or NaN(s); replacing with 0(s), yet this is suspicious."
157,"getImp result contains NA(s) or NaN(s); replacing with 0(s), yet this is suspicious."
157,"getImp result contains NA(s) or NaN(s); replacing with 0(s), yet this is suspicious."
157,"getImp result contains NA(s) or NaN(s); replacing with 0(s), yet this is suspicious."
157,"getImp result contains NA(s) or NaN(s); replacing with 0(s), yet this is suspicious."
157,"getImp result contains NA(s) or NaN(s); replacing with 0(s), yet this is suspicious."
157,"getImp result contains NA(s) or NaN(s); replacing with 0(s), yet this is suspicious."
157,"getImp result contains NA(s) or NaN(s); replacing with 0(s), yet this is suspicious."
157,"getImp result contains NA(s) or NaN(s); replacing with 0(s), yet this is suspicious."
157,"getImp result contains NA(s) or NaN(s); replacing with 0(s), yet this is suspicious."
157,"getImp result contains NA(s) or NaN(s); replacing with 0(s), yet this is suspicious."
158,"getImp result contains NA(s) or NaN(s); replacing with 0(s), yet this is suspicious."
158,"getImp result contains NA(s) or NaN(s); replacing with 0(s), yet this is suspicious."
158,"getImp result contains NA(s) or NaN(s); replacing with 0(s), yet this is suspicious."
158,"getImp result contains NA(s) or NaN(s); replacing with 0(s), yet this is suspicious."
158,"getImp result contains NA(s) or NaN(s); replacing with 0(s), yet this is suspicious."
158,"getImp result contains NA(s) or NaN(s); replacing with 0(s), yet this is suspicious."
158,"getImp result contains NA(s) or NaN(s); replacing with 0(s), yet this is suspicious."
158,"getImp result contains NA(s) or NaN(s); replacing with 0(s), yet this is suspicious."
158,"getImp result contains NA(s) or NaN(s); replacing with 0(s), yet this is suspicious."
158,"getImp result contains NA(s) or NaN(s); replacing with 0(s), yet this is suspicious."
158,"getImp result contains NA(s) or NaN(s); replacing with 0(s), yet this is suspicious."
158,"getImp result contains NA(s) or NaN(s); replacing with 0(s), yet this is suspicious."
158,"getImp result contains NA(s) or NaN(s); replacing with 0(s), yet this is suspicious."
158,"getImp result contains NA(s) or NaN(s); replacing with 0(s), yet this is suspicious."
158,"getImp result contains NA(s) or NaN(s); replacing with 0(s), yet this is suspicious."
159,"getImp result contains NA(s) or NaN(s); replacing with 0(s), yet this is suspicious."
159,"getImp result contains NA(s) or NaN(s); replacing with 0(s), yet this is suspicious."
159,"getImp result contains NA(s) or NaN(s); replacing with 0(s), yet this is suspicious."
159,"getImp result contains NA(s) or NaN(s); replacing with 0(s), yet this is suspicious."
159,"getImp result contains NA(s) or NaN(s); replacing with 0(s), yet this is suspicious."
159,"getImp result contains NA(s) or NaN(s); replacing with 0(s), yet this is suspicious."
159,"getImp result contains NA(s) or NaN(s); replacing with 0(s), yet this is suspicious."
159,"getImp result contains NA(s) or NaN(s); replacing with 0(s), yet this is suspicious."
159,"getImp result contains NA(s) or NaN(s); replacing with 0(s), yet this is suspicious."
159,"getImp result contains NA(s) or NaN(s); replacing with 0(s), yet this is suspicious."
159,"getImp result contains NA(s) or NaN(s); replacing with 0(s), yet this is suspicious."
159,"getImp result contains NA(s) or NaN(s); replacing with 0(s), yet this is suspicious."
159,"getImp result contains NA(s) or NaN(s); replacing with 0(s), yet this is suspicious."
159,"getImp result contains NA(s) or NaN(s); replacing with 0(s), yet this is suspicious."
159,"getImp result contains NA(s) or NaN(s); replacing with 0(s), yet this is suspicious."
160,"getImp result contains NA(s) or NaN(s); replacing with 0(s), yet this is suspicious."
160,"getImp result contains NA(s) or NaN(s); replacing with 0(s), yet this is suspicious."
160,"getImp result contains NA(s) or NaN(s); replacing with 0(s), yet this is suspicious."
160,"getImp result contains NA(s) or NaN(s); replacing with 0(s), yet this is suspicious."
160,"getImp result contains NA(s) or NaN(s); replacing with 0(s), yet this is suspicious."
160,"getImp result contains NA(s) or NaN(s); replacing with 0(s), yet this is suspicious."
160,"getImp result contains NA(s) or NaN(s); replacing with 0(s), yet this is suspicious."
160,"getImp result contains NA(s) or NaN(s); replacing with 0(s), yet this is suspicious."
160,"getImp result contains NA(s) or NaN(s); replacing with 0(s), yet this is suspicious."
160,"getImp result contains NA(s) or NaN(s); replacing with 0(s), yet this is suspicious."
160,"getImp result contains NA(s) or NaN(s); replacing with 0(s), yet this is suspicious."
160,"getImp result contains NA(s) or NaN(s); replacing with 0(s), yet this is suspicious."
160,"getImp result contains NA(s) or NaN(s); replacing with 0(s), yet this is suspicious."
160,"getImp result contains NA(s) or NaN(s); replacing with 0(s), yet this is suspicious."
160,"getImp result contains NA(s) or NaN(s); replacing with 0(s), yet this is suspicious."
161,"getImp result contains NA(s) or NaN(s); replacing with 0(s), yet this is suspicious."
161,"getImp result contains NA(s) or NaN(s); replacing with 0(s), yet this is suspicious."
161,"getImp result contains NA(s) or NaN(s); replacing with 0(s), yet this is suspicious."
161,"getImp result contains NA(s) or NaN(s); replacing with 0(s), yet this is suspicious."
161,"getImp result contains NA(s) or NaN(s); replacing with 0(s), yet this is suspicious."
161,"getImp result contains NA(s) or NaN(s); replacing with 0(s), yet this is suspicious."
161,"getImp result contains NA(s) or NaN(s); replacing with 0(s), yet this is suspicious."
161,"getImp result contains NA(s) or NaN(s); replacing with 0(s), yet this is suspicious."
161,"getImp result contains NA(s) or NaN(s); replacing with 0(s), yet this is suspicious."
161,"getImp result contains NA(s) or NaN(s); replacing with 0(s), yet this is suspicious."
161,"getImp result contains NA(s) or NaN(s); replacing with 0(s), yet this is suspicious."
161,"getImp result contains NA(s) or NaN(s); replacing with 0(s), yet this is suspicious."
161,"getImp result contains NA(s) or NaN(s); replacing with 0(s), yet this is suspicious."
161,"getImp result contains NA(s) or NaN(s); replacing with 0(s), yet this is suspicious."
161,"getImp result contains NA(s) or NaN(s); replacing with 0(s), yet this is suspicious."
162,"getImp result contains NA(s) or NaN(s); replacing with 0(s), yet this is suspicious."
162,"getImp result contains NA(s) or NaN(s); replacing with 0(s), yet this is suspicious."
162,"getImp result contains NA(s) or NaN(s); replacing with 0(s), yet this is suspicious."
162,"getImp result contains NA(s) or NaN(s); replacing with 0(s), yet this is suspicious."
162,"getImp result contains NA(s) or NaN(s); replacing with 0(s), yet this is suspicious."
162,"getImp result contains NA(s) or NaN(s); replacing with 0(s), yet this is suspicious."
162,"getImp result contains NA(s) or NaN(s); replacing with 0(s), yet this is suspicious."
162,"getImp result contains NA(s) or NaN(s); replacing with 0(s), yet this is suspicious."
162,"getImp result contains NA(s) or NaN(s); replacing with 0(s), yet this is suspicious."
162,"getImp result contains NA(s) or NaN(s); replacing with 0(s), yet this is suspicious."
162,"getImp result contains NA(s) or NaN(s); replacing with 0(s), yet this is suspicious."
162,"getImp result contains NA(s) or NaN(s); replacing with 0(s), yet this is suspicious."
162,"getImp result contains NA(s) or NaN(s); replacing with 0(s), yet this is suspicious."
162,"getImp result contains NA(s) or NaN(s); replacing with 0(s), yet this is suspicious."
162,"getImp result contains NA(s) or NaN(s); replacing with 0(s), yet this is suspicious."
162,"getImp result contains NA(s) or NaN(s); replacing with 0(s), yet this is suspicious."
163,"getImp result contains NA(s) or NaN(s); replacing with 0(s), yet this is suspicious."
163,"getImp result contains NA(s) or NaN(s); replacing with 0(s), yet this is suspicious."
163,"getImp result contains NA(s) or NaN(s); replacing with 0(s), yet this is suspicious."
163,"getImp result contains NA(s) or NaN(s); replacing with 0(s), yet this is suspicious."
163,"getImp result contains NA(s) or NaN(s); replacing with 0(s), yet this is suspicious."
163,"getImp result contains NA(s) or NaN(s); replacing with 0(s), yet this is suspicious."
163,"getImp result contains NA(s) or NaN(s); replacing with 0(s), yet this is suspicious."
163,"getImp result contains NA(s) or NaN(s); replacing with 0(s), yet this is suspicious."
163,"getImp result contains NA(s) or NaN(s); replacing with 0(s), yet this is suspicious."
163,"getImp result contains NA(s) or NaN(s); replacing with 0(s), yet this is suspicious."
163,"getImp result contains NA(s) or NaN(s); replacing with 0(s), yet this is suspicious."
163,"getImp result contains NA(s) or NaN(s); replacing with 0(s), yet this is suspicious."
163,"getImp result contains NA(s) or NaN(s); replacing with 0(s), yet this is suspicious."
163,"getImp result contains NA(s) or NaN(s); replacing with 0(s), yet this is suspicious."
163,"getImp result contains NA(s) or NaN(s); replacing with 0(s), yet this is suspicious."
164,"getImp result contains NA(s) or NaN(s); replacing with 0(s), yet this is suspicious."
164,"getImp result contains NA(s) or NaN(s); replacing with 0(s), yet this is suspicious."
164,"getImp result contains NA(s) or NaN(s); replacing with 0(s), yet this is suspicious."
164,"getImp result contains NA(s) or NaN(s); replacing with 0(s), yet this is suspicious."
164,"getImp result contains NA(s) or NaN(s); replacing with 0(s), yet this is suspicious."
164,"getImp result contains NA(s) or NaN(s); replacing with 0(s), yet this is suspicious."
164,"getImp result contains NA(s) or NaN(s); replacing with 0(s), yet this is suspicious."
164,"getImp result contains NA(s) or NaN(s); replacing with 0(s), yet this is suspicious."
164,"getImp result contains NA(s) or NaN(s); replacing with 0(s), yet this is suspicious."
164,"getImp result contains NA(s) or NaN(s); replacing with 0(s), yet this is suspicious."
164,"getImp result contains NA(s) or NaN(s); replacing with 0(s), yet this is suspicious."
164,"getImp result contains NA(s) or NaN(s); replacing with 0(s), yet this is suspicious."
164,"getImp result contains NA(s) or NaN(s); replacing with 0(s), yet this is suspicious."
164,"getImp result contains NA(s) or NaN(s); replacing with 0(s), yet this is suspicious."
164,"getImp result contains NA(s) or NaN(s); replacing with 0(s), yet this is suspicious."
165,"getImp result contains NA(s) or NaN(s); replacing with 0(s), yet this is suspicious."
165,"getImp result contains NA(s) or NaN(s); replacing with 0(s), yet this is suspicious."
165,"getImp result contains NA(s) or NaN(s); replacing with 0(s), yet this is suspicious."
165,"getImp result contains NA(s) or NaN(s); replacing with 0(s), yet this is suspicious."
165,"getImp result contains NA(s) or NaN(s); replacing with 0(s), yet this is suspicious."
165,"getImp result contains NA(s) or NaN(s); replacing with 0(s), yet this is suspicious."
165,"getImp result contains NA(s) or NaN(s); replacing with 0(s), yet this is suspicious."
165,"getImp result contains NA(s) or NaN(s); replacing with 0(s), yet this is suspicious."
165,"getImp result contains NA(s) or NaN(s); replacing with 0(s), yet this is suspicious."
165,"getImp result contains NA(s) or NaN(s); replacing with 0(s), yet this is suspicious."
165,"getImp result contains NA(s) or NaN(s); replacing with 0(s), yet this is suspicious."
165,"getImp result contains NA(s) or NaN(s); replacing with 0(s), yet this is suspicious."
165,"getImp result contains NA(s) or NaN(s); replacing with 0(s), yet this is suspicious."
165,"getImp result contains NA(s) or NaN(s); replacing with 0(s), yet this is suspicious."
165,"getImp result contains NA(s) or NaN(s); replacing with 0(s), yet this is suspicious."
166,"getImp result contains NA(s) or NaN(s); replacing with 0(s), yet this is suspicious."
166,"getImp result contains NA(s) or NaN(s); replacing with 0(s), yet this is suspicious."
166,"getImp result contains NA(s) or NaN(s); replacing with 0(s), yet this is suspicious."
166,"getImp result contains NA(s) or NaN(s); replacing with 0(s), yet this is suspicious."
166,"getImp result contains NA(s) or NaN(s); replacing with 0(s), yet this is suspicious."
166,"getImp result contains NA(s) or NaN(s); replacing with 0(s), yet this is suspicious."
166,"getImp result contains NA(s) or NaN(s); replacing with 0(s), yet this is suspicious."
166,"getImp result contains NA(s) or NaN(s); replacing with 0(s), yet this is suspicious."
166,"getImp result contains NA(s) or NaN(s); replacing with 0(s), yet this is suspicious."
166,"getImp result contains NA(s) or NaN(s); replacing with 0(s), yet this is suspicious."
166,"getImp result contains NA(s) or NaN(s); replacing with 0(s), yet this is suspicious."
166,"getImp result contains NA(s) or NaN(s); replacing with 0(s), yet this is suspicious."
166,"getImp result contains NA(s) or NaN(s); replacing with 0(s), yet this is suspicious."
166,"getImp result contains NA(s) or NaN(s); replacing with 0(s), yet this is suspicious."
166,"getImp result contains NA(s) or NaN(s); replacing with 0(s), yet this is suspicious."
166,"getImp result contains NA(s) or NaN(s); replacing with 0(s), yet this is suspicious."
166,"getImp result contains NA(s) or NaN(s); replacing with 0(s), yet this is suspicious."
166,"getImp result contains NA(s) or NaN(s); replacing with 0(s), yet this is suspicious."
166,"getImp result contains NA(s) or NaN(s); replacing with 0(s), yet this is suspicious."
167,"getImp result contains NA(s) or NaN(s); replacing with 0(s), yet this is suspicious."
167,"getImp result contains NA(s) or NaN(s); replacing with 0(s), yet this is suspicious."
167,"getImp result contains NA(s) or NaN(s); replacing with 0(s), yet this is suspicious."
167,"getImp result contains NA(s) or NaN(s); replacing with 0(s), yet this is suspicious."
167,"getImp result contains NA(s) or NaN(s); replacing with 0(s), yet this is suspicious."
167,"getImp result contains NA(s) or NaN(s); replacing with 0(s), yet this is suspicious."
167,"getImp result contains NA(s) or NaN(s); replacing with 0(s), yet this is suspicious."
167,"getImp result contains NA(s) or NaN(s); replacing with 0(s), yet this is suspicious."
167,"getImp result contains NA(s) or NaN(s); replacing with 0(s), yet this is suspicious."
167,"getImp result contains NA(s) or NaN(s); replacing with 0(s), yet this is suspicious."
167,"getImp result contains NA(s) or NaN(s); replacing with 0(s), yet this is suspicious."
167,"getImp result contains NA(s) or NaN(s); replacing with 0(s), yet this is suspicious."
167,"getImp result contains NA(s) or NaN(s); replacing with 0(s), yet this is suspicious."
167,"getImp result contains NA(s) or NaN(s); replacing with 0(s), yet this is suspicious."
167,"getImp result contains NA(s) or NaN(s); replacing with 0(s), yet this is suspicious."
168,"getImp result contains NA(s) or NaN(s); replacing with 0(s), yet this is suspicious."
168,"getImp result contains NA(s) or NaN(s); replacing with 0(s), yet this is suspicious."
168,"getImp result contains NA(s) or NaN(s); replacing with 0(s), yet this is suspicious."
168,"getImp result contains NA(s) or NaN(s); replacing with 0(s), yet this is suspicious."
168,"getImp result contains NA(s) or NaN(s); replacing with 0(s), yet this is suspicious."
168,"getImp result contains NA(s) or NaN(s); replacing with 0(s), yet this is suspicious."
168,"getImp result contains NA(s) or NaN(s); replacing with 0(s), yet this is suspicious."
168,"getImp result contains NA(s) or NaN(s); replacing with 0(s), yet this is suspicious."
168,"getImp result contains NA(s) or NaN(s); replacing with 0(s), yet this is suspicious."
168,"getImp result contains NA(s) or NaN(s); replacing with 0(s), yet this is suspicious."
168,"getImp result contains NA(s) or NaN(s); replacing with 0(s), yet this is suspicious."
168,"getImp result contains NA(s) or NaN(s); replacing with 0(s), yet this is suspicious."
168,"getImp result contains NA(s) or NaN(s); replacing with 0(s), yet this is suspicious."
168,"getImp result contains NA(s) or NaN(s); replacing with 0(s), yet this is suspicious."
168,"getImp result contains NA(s) or NaN(s); replacing with 0(s), yet this is suspicious."
168,"getImp result contains NA(s) or NaN(s); replacing with 0(s), yet this is suspicious."
169,"getImp result contains NA(s) or NaN(s); replacing with 0(s), yet this is suspicious."
169,"getImp result contains NA(s) or NaN(s); replacing with 0(s), yet this is suspicious."
169,"getImp result contains NA(s) or NaN(s); replacing with 0(s), yet this is suspicious."
169,"getImp result contains NA(s) or NaN(s); replacing with 0(s), yet this is suspicious."
169,"getImp result contains NA(s) or NaN(s); replacing with 0(s), yet this is suspicious."
169,"getImp result contains NA(s) or NaN(s); replacing with 0(s), yet this is suspicious."
169,"getImp result contains NA(s) or NaN(s); replacing with 0(s), yet this is suspicious."
169,"getImp result contains NA(s) or NaN(s); replacing with 0(s), yet this is suspicious."
169,"getImp result contains NA(s) or NaN(s); replacing with 0(s), yet this is suspicious."
169,"getImp result contains NA(s) or NaN(s); replacing with 0(s), yet this is suspicious."
169,"getImp result contains NA(s) or NaN(s); replacing with 0(s), yet this is suspicious."
169,"getImp result contains NA(s) or NaN(s); replacing with 0(s), yet this is suspicious."
169,"getImp result contains NA(s) or NaN(s); replacing with 0(s), yet this is suspicious."
169,"getImp result contains NA(s) or NaN(s); replacing with 0(s), yet this is suspicious."
169,"getImp result contains NA(s) or NaN(s); replacing with 0(s), yet this is suspicious."
170,"getImp result contains NA(s) or NaN(s); replacing with 0(s), yet this is suspicious."
170,"getImp result contains NA(s) or NaN(s); replacing with 0(s), yet this is suspicious."
170,"getImp result contains NA(s) or NaN(s); replacing with 0(s), yet this is suspicious."
170,"getImp result contains NA(s) or NaN(s); replacing with 0(s), yet this is suspicious."
170,"getImp result contains NA(s) or NaN(s); replacing with 0(s), yet this is suspicious."
170,"getImp result contains NA(s) or NaN(s); replacing with 0(s), yet this is suspicious."
170,"getImp result contains NA(s) or NaN(s); replacing with 0(s), yet this is suspicious."
170,"getImp result contains NA(s) or NaN(s); replacing with 0(s), yet this is suspicious."
170,"getImp result contains NA(s) or NaN(s); replacing with 0(s), yet this is suspicious."
170,"getImp result contains NA(s) or NaN(s); replacing with 0(s), yet this is suspicious."
170,"getImp result contains NA(s) or NaN(s); replacing with 0(s), yet this is suspicious."
170,"getImp result contains NA(s) or NaN(s); replacing with 0(s), yet this is suspicious."
170,"getImp result contains NA(s) or NaN(s); replacing with 0(s), yet this is suspicious."
170,"getImp result contains NA(s) or NaN(s); replacing with 0(s), yet this is suspicious."
170,"getImp result contains NA(s) or NaN(s); replacing with 0(s), yet this is suspicious."
171,"getImp result contains NA(s) or NaN(s); replacing with 0(s), yet this is suspicious."
171,"getImp result contains NA(s) or NaN(s); replacing with 0(s), yet this is suspicious."
171,"getImp result contains NA(s) or NaN(s); replacing with 0(s), yet this is suspicious."
171,"getImp result contains NA(s) or NaN(s); replacing with 0(s), yet this is suspicious."
171,"getImp result contains NA(s) or NaN(s); replacing with 0(s), yet this is suspicious."
171,"getImp result contains NA(s) or NaN(s); replacing with 0(s), yet this is suspicious."
171,"getImp result contains NA(s) or NaN(s); replacing with 0(s), yet this is suspicious."
171,"getImp result contains NA(s) or NaN(s); replacing with 0(s), yet this is suspicious."
171,"getImp result contains NA(s) or NaN(s); replacing with 0(s), yet this is suspicious."
171,"getImp result contains NA(s) or NaN(s); replacing with 0(s), yet this is suspicious."
171,"getImp result contains NA(s) or NaN(s); replacing with 0(s), yet this is suspicious."
171,"getImp result contains NA(s) or NaN(s); replacing with 0(s), yet this is suspicious."
171,"getImp result contains NA(s) or NaN(s); replacing with 0(s), yet this is suspicious."
171,"getImp result contains NA(s) or NaN(s); replacing with 0(s), yet this is suspicious."
171,"getImp result contains NA(s) or NaN(s); replacing with 0(s), yet this is suspicious."
172,"getImp result contains NA(s) or NaN(s); replacing with 0(s), yet this is suspicious."
172,"getImp result contains NA(s) or NaN(s); replacing with 0(s), yet this is suspicious."
172,"getImp result contains NA(s) or NaN(s); replacing with 0(s), yet this is suspicious."
172,"getImp result contains NA(s) or NaN(s); replacing with 0(s), yet this is suspicious."
172,"getImp result contains NA(s) or NaN(s); replacing with 0(s), yet this is suspicious."
172,"getImp result contains NA(s) or NaN(s); replacing with 0(s), yet this is suspicious."
172,"getImp result contains NA(s) or NaN(s); replacing with 0(s), yet this is suspicious."
172,"getImp result contains NA(s) or NaN(s); replacing with 0(s), yet this is suspicious."
172,"getImp result contains NA(s) or NaN(s); replacing with 0(s), yet this is suspicious."
172,"getImp result contains NA(s) or NaN(s); replacing with 0(s), yet this is suspicious."
172,"getImp result contains NA(s) or NaN(s); replacing with 0(s), yet this is suspicious."
172,"getImp result contains NA(s) or NaN(s); replacing with 0(s), yet this is suspicious."
172,"getImp result contains NA(s) or NaN(s); replacing with 0(s), yet this is suspicious."
172,"getImp result contains NA(s) or NaN(s); replacing with 0(s), yet this is suspicious."
172,"getImp result contains NA(s) or NaN(s); replacing with 0(s), yet this is suspicious."
173,"getImp result contains NA(s) or NaN(s); replacing with 0(s), yet this is suspicious."
173,"getImp result contains NA(s) or NaN(s); replacing with 0(s), yet this is suspicious."
173,"getImp result contains NA(s) or NaN(s); replacing with 0(s), yet this is suspicious."
173,"getImp result contains NA(s) or NaN(s); replacing with 0(s), yet this is suspicious."
173,"getImp result contains NA(s) or NaN(s); replacing with 0(s), yet this is suspicious."
173,"getImp result contains NA(s) or NaN(s); replacing with 0(s), yet this is suspicious."
173,"getImp result contains NA(s) or NaN(s); replacing with 0(s), yet this is suspicious."
173,"getImp result contains NA(s) or NaN(s); replacing with 0(s), yet this is suspicious."
173,"getImp result contains NA(s) or NaN(s); replacing with 0(s), yet this is suspicious."
173,"getImp result contains NA(s) or NaN(s); replacing with 0(s), yet this is suspicious."
173,"getImp result contains NA(s) or NaN(s); replacing with 0(s), yet this is suspicious."
173,"getImp result contains NA(s) or NaN(s); replacing with 0(s), yet this is suspicious."
173,"getImp result contains NA(s) or NaN(s); replacing with 0(s), yet this is suspicious."
173,"getImp result contains NA(s) or NaN(s); replacing with 0(s), yet this is suspicious."
173,"getImp result contains NA(s) or NaN(s); replacing with 0(s), yet this is suspicious."
174,"getImp result contains NA(s) or NaN(s); replacing with 0(s), yet this is suspicious."
174,"getImp result contains NA(s) or NaN(s); replacing with 0(s), yet this is suspicious."
174,"getImp result contains NA(s) or NaN(s); replacing with 0(s), yet this is suspicious."
174,"getImp result contains NA(s) or NaN(s); replacing with 0(s), yet this is suspicious."
174,"getImp result contains NA(s) or NaN(s); replacing with 0(s), yet this is suspicious."
174,"getImp result contains NA(s) or NaN(s); replacing with 0(s), yet this is suspicious."
174,"getImp result contains NA(s) or NaN(s); replacing with 0(s), yet this is suspicious."
174,"getImp result contains NA(s) or NaN(s); replacing with 0(s), yet this is suspicious."
174,"getImp result contains NA(s) or NaN(s); replacing with 0(s), yet this is suspicious."
174,"getImp result contains NA(s) or NaN(s); replacing with 0(s), yet this is suspicious."
174,"getImp result contains NA(s) or NaN(s); replacing with 0(s), yet this is suspicious."
174,"getImp result contains NA(s) or NaN(s); replacing with 0(s), yet this is suspicious."
174,"getImp result contains NA(s) or NaN(s); replacing with 0(s), yet this is suspicious."
174,"getImp result contains NA(s) or NaN(s); replacing with 0(s), yet this is suspicious."
174,"getImp result contains NA(s) or NaN(s); replacing with 0(s), yet this is suspicious."
175,"getImp result contains NA(s) or NaN(s); replacing with 0(s), yet this is suspicious."
175,"getImp result contains NA(s) or NaN(s); replacing with 0(s), yet this is suspicious."
175,"getImp result contains NA(s) or NaN(s); replacing with 0(s), yet this is suspicious."
175,"getImp result contains NA(s) or NaN(s); replacing with 0(s), yet this is suspicious."
175,"getImp result contains NA(s) or NaN(s); replacing with 0(s), yet this is suspicious."
175,"getImp result contains NA(s) or NaN(s); replacing with 0(s), yet this is suspicious."
175,"getImp result contains NA(s) or NaN(s); replacing with 0(s), yet this is suspicious."
175,"getImp result contains NA(s) or NaN(s); replacing with 0(s), yet this is suspicious."
175,"getImp result contains NA(s) or NaN(s); replacing with 0(s), yet this is suspicious."
175,"getImp result contains NA(s) or NaN(s); replacing with 0(s), yet this is suspicious."
175,"getImp result contains NA(s) or NaN(s); replacing with 0(s), yet this is suspicious."
175,"getImp result contains NA(s) or NaN(s); replacing with 0(s), yet this is suspicious."
175,"getImp result contains NA(s) or NaN(s); replacing with 0(s), yet this is suspicious."
175,"getImp result contains NA(s) or NaN(s); replacing with 0(s), yet this is suspicious."
175,"getImp result contains NA(s) or NaN(s); replacing with 0(s), yet this is suspicious."
176,"getImp result contains NA(s) or NaN(s); replacing with 0(s), yet this is suspicious."
176,"getImp result contains NA(s) or NaN(s); replacing with 0(s), yet this is suspicious."
176,"getImp result contains NA(s) or NaN(s); replacing with 0(s), yet this is suspicious."
176,"getImp result contains NA(s) or NaN(s); replacing with 0(s), yet this is suspicious."
176,"getImp result contains NA(s) or NaN(s); replacing with 0(s), yet this is suspicious."
176,"getImp result contains NA(s) or NaN(s); replacing with 0(s), yet this is suspicious."
176,"getImp result contains NA(s) or NaN(s); replacing with 0(s), yet this is suspicious."
176,"getImp result contains NA(s) or NaN(s); replacing with 0(s), yet this is suspicious."
176,"getImp result contains NA(s) or NaN(s); replacing with 0(s), yet this is suspicious."
176,"getImp result contains NA(s) or NaN(s); replacing with 0(s), yet this is suspicious."
176,"getImp result contains NA(s) or NaN(s); replacing with 0(s), yet this is suspicious."
176,"getImp result contains NA(s) or NaN(s); replacing with 0(s), yet this is suspicious."
176,"getImp result contains NA(s) or NaN(s); replacing with 0(s), yet this is suspicious."
176,"getImp result contains NA(s) or NaN(s); replacing with 0(s), yet this is suspicious."
176,"getImp result contains NA(s) or NaN(s); replacing with 0(s), yet this is suspicious."
177,"getImp result contains NA(s) or NaN(s); replacing with 0(s), yet this is suspicious."
177,"getImp result contains NA(s) or NaN(s); replacing with 0(s), yet this is suspicious."
177,"getImp result contains NA(s) or NaN(s); replacing with 0(s), yet this is suspicious."
177,"getImp result contains NA(s) or NaN(s); replacing with 0(s), yet this is suspicious."
177,"getImp result contains NA(s) or NaN(s); replacing with 0(s), yet this is suspicious."
177,"getImp result contains NA(s) or NaN(s); replacing with 0(s), yet this is suspicious."
177,"getImp result contains NA(s) or NaN(s); replacing with 0(s), yet this is suspicious."
177,"getImp result contains NA(s) or NaN(s); replacing with 0(s), yet this is suspicious."
177,"getImp result contains NA(s) or NaN(s); replacing with 0(s), yet this is suspicious."
177,"getImp result contains NA(s) or NaN(s); replacing with 0(s), yet this is suspicious."
177,"getImp result contains NA(s) or NaN(s); replacing with 0(s), yet this is suspicious."
177,"getImp result contains NA(s) or NaN(s); replacing with 0(s), yet this is suspicious."
177,"getImp result contains NA(s) or NaN(s); replacing with 0(s), yet this is suspicious."
177,"getImp result contains NA(s) or NaN(s); replacing with 0(s), yet this is suspicious."
177,"getImp result contains NA(s) or NaN(s); replacing with 0(s), yet this is suspicious."
178,"getImp result contains NA(s) or NaN(s); replacing with 0(s), yet this is suspicious."
178,"getImp result contains NA(s) or NaN(s); replacing with 0(s), yet this is suspicious."
178,"getImp result contains NA(s) or NaN(s); replacing with 0(s), yet this is suspicious."
178,"getImp result contains NA(s) or NaN(s); replacing with 0(s), yet this is suspicious."
178,"getImp result contains NA(s) or NaN(s); replacing with 0(s), yet this is suspicious."
178,"getImp result contains NA(s) or NaN(s); replacing with 0(s), yet this is suspicious."
178,"getImp result contains NA(s) or NaN(s); replacing with 0(s), yet this is suspicious."
178,"getImp result contains NA(s) or NaN(s); replacing with 0(s), yet this is suspicious."
178,"getImp result contains NA(s) or NaN(s); replacing with 0(s), yet this is suspicious."
178,"getImp result contains NA(s) or NaN(s); replacing with 0(s), yet this is suspicious."
178,"getImp result contains NA(s) or NaN(s); replacing with 0(s), yet this is suspicious."
178,"getImp result contains NA(s) or NaN(s); replacing with 0(s), yet this is suspicious."
178,"getImp result contains NA(s) or NaN(s); replacing with 0(s), yet this is suspicious."
178,"getImp result contains NA(s) or NaN(s); replacing with 0(s), yet this is suspicious."
178,"getImp result contains NA(s) or NaN(s); replacing with 0(s), yet this is suspicious."
179,"getImp result contains NA(s) or NaN(s); replacing with 0(s), yet this is suspicious."
179,"getImp result contains NA(s) or NaN(s); replacing with 0(s), yet this is suspicious."
179,"getImp result contains NA(s) or NaN(s); replacing with 0(s), yet this is suspicious."
179,"getImp result contains NA(s) or NaN(s); replacing with 0(s), yet this is suspicious."
179,"getImp result contains NA(s) or NaN(s); replacing with 0(s), yet this is suspicious."
179,"getImp result contains NA(s) or NaN(s); replacing with 0(s), yet this is suspicious."
179,"getImp result contains NA(s) or NaN(s); replacing with 0(s), yet this is suspicious."
179,"getImp result contains NA(s) or NaN(s); replacing with 0(s), yet this is suspicious."
179,"getImp result contains NA(s) or NaN(s); replacing with 0(s), yet this is suspicious."
179,"getImp result contains NA(s) or NaN(s); replacing with 0(s), yet this is suspicious."
179,"getImp result contains NA(s) or NaN(s); replacing with 0(s), yet this is suspicious."
179,"getImp result contains NA(s) or NaN(s); replacing with 0(s), yet this is suspicious."
179,"getImp result contains NA(s) or NaN(s); replacing with 0(s), yet this is suspicious."
179,"getImp result contains NA(s) or NaN(s); replacing with 0(s), yet this is suspicious."
179,"getImp result contains NA(s) or NaN(s); replacing with 0(s), yet this is suspicious."
180,"getImp result contains NA(s) or NaN(s); replacing with 0(s), yet this is suspicious."
180,"getImp result contains NA(s) or NaN(s); replacing with 0(s), yet this is suspicious."
180,"getImp result contains NA(s) or NaN(s); replacing with 0(s), yet this is suspicious."
180,"getImp result contains NA(s) or NaN(s); replacing with 0(s), yet this is suspicious."
180,"getImp result contains NA(s) or NaN(s); replacing with 0(s), yet this is suspicious."
180,"getImp result contains NA(s) or NaN(s); replacing with 0(s), yet this is suspicious."
180,"getImp result contains NA(s) or NaN(s); replacing with 0(s), yet this is suspicious."
180,"getImp result contains NA(s) or NaN(s); replacing with 0(s), yet this is suspicious."
180,"getImp result contains NA(s) or NaN(s); replacing with 0(s), yet this is suspicious."
180,"getImp result contains NA(s) or NaN(s); replacing with 0(s), yet this is suspicious."
180,"getImp result contains NA(s) or NaN(s); replacing with 0(s), yet this is suspicious."
180,"getImp result contains NA(s) or NaN(s); replacing with 0(s), yet this is suspicious."
180,"getImp result contains NA(s) or NaN(s); replacing with 0(s), yet this is suspicious."
180,"getImp result contains NA(s) or NaN(s); replacing with 0(s), yet this is suspicious."
180,"getImp result contains NA(s) or NaN(s); replacing with 0(s), yet this is suspicious."
181,"getImp result contains NA(s) or NaN(s); replacing with 0(s), yet this is suspicious."
181,"getImp result contains NA(s) or NaN(s); replacing with 0(s), yet this is suspicious."
181,"getImp result contains NA(s) or NaN(s); replacing with 0(s), yet this is suspicious."
181,"getImp result contains NA(s) or NaN(s); replacing with 0(s), yet this is suspicious."
181,"getImp result contains NA(s) or NaN(s); replacing with 0(s), yet this is suspicious."
181,"getImp result contains NA(s) or NaN(s); replacing with 0(s), yet this is suspicious."
181,"getImp result contains NA(s) or NaN(s); replacing with 0(s), yet this is suspicious."
181,"getImp result contains NA(s) or NaN(s); replacing with 0(s), yet this is suspicious."
181,"getImp result contains NA(s) or NaN(s); replacing with 0(s), yet this is suspicious."
181,"getImp result contains NA(s) or NaN(s); replacing with 0(s), yet this is suspicious."
181,"getImp result contains NA(s) or NaN(s); replacing with 0(s), yet this is suspicious."
181,"getImp result contains NA(s) or NaN(s); replacing with 0(s), yet this is suspicious."
181,"getImp result contains NA(s) or NaN(s); replacing with 0(s), yet this is suspicious."
181,"getImp result contains NA(s) or NaN(s); replacing with 0(s), yet this is suspicious."
181,"getImp result contains NA(s) or NaN(s); replacing with 0(s), yet this is suspicious."
182,"getImp result contains NA(s) or NaN(s); replacing with 0(s), yet this is suspicious."
182,"getImp result contains NA(s) or NaN(s); replacing with 0(s), yet this is suspicious."
182,"getImp result contains NA(s) or NaN(s); replacing with 0(s), yet this is suspicious."
182,"getImp result contains NA(s) or NaN(s); replacing with 0(s), yet this is suspicious."
182,"getImp result contains NA(s) or NaN(s); replacing with 0(s), yet this is suspicious."
182,"getImp result contains NA(s) or NaN(s); replacing with 0(s), yet this is suspicious."
182,"getImp result contains NA(s) or NaN(s); replacing with 0(s), yet this is suspicious."
182,"getImp result contains NA(s) or NaN(s); replacing with 0(s), yet this is suspicious."
182,"getImp result contains NA(s) or NaN(s); replacing with 0(s), yet this is suspicious."
182,"getImp result contains NA(s) or NaN(s); replacing with 0(s), yet this is suspicious."
182,"getImp result contains NA(s) or NaN(s); replacing with 0(s), yet this is suspicious."
182,"getImp result contains NA(s) or NaN(s); replacing with 0(s), yet this is suspicious."
182,"getImp result contains NA(s) or NaN(s); replacing with 0(s), yet this is suspicious."
182,"getImp result contains NA(s) or NaN(s); replacing with 0(s), yet this is suspicious."
182,"getImp result contains NA(s) or NaN(s); replacing with 0(s), yet this is suspicious."
183,"getImp result contains NA(s) or NaN(s); replacing with 0(s), yet this is suspicious."
183,"getImp result contains NA(s) or NaN(s); replacing with 0(s), yet this is suspicious."
183,"getImp result contains NA(s) or NaN(s); replacing with 0(s), yet this is suspicious."
183,"getImp result contains NA(s) or NaN(s); replacing with 0(s), yet this is suspicious."
183,"getImp result contains NA(s) or NaN(s); replacing with 0(s), yet this is suspicious."
183,"getImp result contains NA(s) or NaN(s); replacing with 0(s), yet this is suspicious."
183,"getImp result contains NA(s) or NaN(s); replacing with 0(s), yet this is suspicious."
183,"getImp result contains NA(s) or NaN(s); replacing with 0(s), yet this is suspicious."
183,"getImp result contains NA(s) or NaN(s); replacing with 0(s), yet this is suspicious."
183,"getImp result contains NA(s) or NaN(s); replacing with 0(s), yet this is suspicious."
183,"getImp result contains NA(s) or NaN(s); replacing with 0(s), yet this is suspicious."
183,"getImp result contains NA(s) or NaN(s); replacing with 0(s), yet this is suspicious."
183,"getImp result contains NA(s) or NaN(s); replacing with 0(s), yet this is suspicious."
183,"getImp result contains NA(s) or NaN(s); replacing with 0(s), yet this is suspicious."
183,"getImp result contains NA(s) or NaN(s); replacing with 0(s), yet this is suspicious."
184,"getImp result contains NA(s) or NaN(s); replacing with 0(s), yet this is suspicious."
184,"getImp result contains NA(s) or NaN(s); replacing with 0(s), yet this is suspicious."
184,"getImp result contains NA(s) or NaN(s); replacing with 0(s), yet this is suspicious."
184,"getImp result contains NA(s) or NaN(s); replacing with 0(s), yet this is suspicious."
184,"getImp result contains NA(s) or NaN(s); replacing with 0(s), yet this is suspicious."
184,"getImp result contains NA(s) or NaN(s); replacing with 0(s), yet this is suspicious."
184,"getImp result contains NA(s) or NaN(s); replacing with 0(s), yet this is suspicious."
184,"getImp result contains NA(s) or NaN(s); replacing with 0(s), yet this is suspicious."
184,"getImp result contains NA(s) or NaN(s); replacing with 0(s), yet this is suspicious."
184,"getImp result contains NA(s) or NaN(s); replacing with 0(s), yet this is suspicious."
184,"getImp result contains NA(s) or NaN(s); replacing with 0(s), yet this is suspicious."
184,"getImp result contains NA(s) or NaN(s); replacing with 0(s), yet this is suspicious."
184,"getImp result contains NA(s) or NaN(s); replacing with 0(s), yet this is suspicious."
184,"getImp result contains NA(s) or NaN(s); replacing with 0(s), yet this is suspicious."
184,"getImp result contains NA(s) or NaN(s); replacing with 0(s), yet this is suspicious."
184,"getImp result contains NA(s) or NaN(s); replacing with 0(s), yet this is suspicious."
184,"getImp result contains NA(s) or NaN(s); replacing with 0(s), yet this is suspicious."
184,"getImp result contains NA(s) or NaN(s); replacing with 0(s), yet this is suspicious."
185,"getImp result contains NA(s) or NaN(s); replacing with 0(s), yet this is suspicious."
185,"getImp result contains NA(s) or NaN(s); replacing with 0(s), yet this is suspicious."
185,"getImp result contains NA(s) or NaN(s); replacing with 0(s), yet this is suspicious."
185,"getImp result contains NA(s) or NaN(s); replacing with 0(s), yet this is suspicious."
185,"getImp result contains NA(s) or NaN(s); replacing with 0(s), yet this is suspicious."
185,"getImp result contains NA(s) or NaN(s); replacing with 0(s), yet this is suspicious."
185,"getImp result contains NA(s) or NaN(s); replacing with 0(s), yet this is suspicious."
185,"getImp result contains NA(s) or NaN(s); replacing with 0(s), yet this is suspicious."
185,"getImp result contains NA(s) or NaN(s); replacing with 0(s), yet this is suspicious."
185,"getImp result contains NA(s) or NaN(s); replacing with 0(s), yet this is suspicious."
185,"getImp result contains NA(s) or NaN(s); replacing with 0(s), yet this is suspicious."
185,"getImp result contains NA(s) or NaN(s); replacing with 0(s), yet this is suspicious."
185,"getImp result contains NA(s) or NaN(s); replacing with 0(s), yet this is suspicious."
185,"getImp result contains NA(s) or NaN(s); replacing with 0(s), yet this is suspicious."
185,"getImp result contains NA(s) or NaN(s); replacing with 0(s), yet this is suspicious."
186,"getImp result contains NA(s) or NaN(s); replacing with 0(s), yet this is suspicious."
186,"getImp result contains NA(s) or NaN(s); replacing with 0(s), yet this is suspicious."
186,"getImp result contains NA(s) or NaN(s); replacing with 0(s), yet this is suspicious."
186,"getImp result contains NA(s) or NaN(s); replacing with 0(s), yet this is suspicious."
186,"getImp result contains NA(s) or NaN(s); replacing with 0(s), yet this is suspicious."
186,"getImp result contains NA(s) or NaN(s); replacing with 0(s), yet this is suspicious."
186,"getImp result contains NA(s) or NaN(s); replacing with 0(s), yet this is suspicious."
186,"getImp result contains NA(s) or NaN(s); replacing with 0(s), yet this is suspicious."
186,"getImp result contains NA(s) or NaN(s); replacing with 0(s), yet this is suspicious."
186,"getImp result contains NA(s) or NaN(s); replacing with 0(s), yet this is suspicious."
186,"getImp result contains NA(s) or NaN(s); replacing with 0(s), yet this is suspicious."
186,"getImp result contains NA(s) or NaN(s); replacing with 0(s), yet this is suspicious."
186,"getImp result contains NA(s) or NaN(s); replacing with 0(s), yet this is suspicious."
186,"getImp result contains NA(s) or NaN(s); replacing with 0(s), yet this is suspicious."
186,"getImp result contains NA(s) or NaN(s); replacing with 0(s), yet this is suspicious."
186,"getImp result contains NA(s) or NaN(s); replacing with 0(s), yet this is suspicious."
187,"getImp result contains NA(s) or NaN(s); replacing with 0(s), yet this is suspicious."
187,"getImp result contains NA(s) or NaN(s); replacing with 0(s), yet this is suspicious."
187,"getImp result contains NA(s) or NaN(s); replacing with 0(s), yet this is suspicious."
187,"getImp result contains NA(s) or NaN(s); replacing with 0(s), yet this is suspicious."
187,"getImp result contains NA(s) or NaN(s); replacing with 0(s), yet this is suspicious."
187,"getImp result contains NA(s) or NaN(s); replacing with 0(s), yet this is suspicious."
187,"getImp result contains NA(s) or NaN(s); replacing with 0(s), yet this is suspicious."
187,"getImp result contains NA(s) or NaN(s); replacing with 0(s), yet this is suspicious."
187,"getImp result contains NA(s) or NaN(s); replacing with 0(s), yet this is suspicious."
187,"getImp result contains NA(s) or NaN(s); replacing with 0(s), yet this is suspicious."
187,"getImp result contains NA(s) or NaN(s); replacing with 0(s), yet this is suspicious."
187,"getImp result contains NA(s) or NaN(s); replacing with 0(s), yet this is suspicious."
187,"getImp result contains NA(s) or NaN(s); replacing with 0(s), yet this is suspicious."
187,"getImp result contains NA(s) or NaN(s); replacing with 0(s), yet this is suspicious."
187,"getImp result contains NA(s) or NaN(s); replacing with 0(s), yet this is suspicious."
188,"getImp result contains NA(s) or NaN(s); replacing with 0(s), yet this is suspicious."
188,"getImp result contains NA(s) or NaN(s); replacing with 0(s), yet this is suspicious."
188,"getImp result contains NA(s) or NaN(s); replacing with 0(s), yet this is suspicious."
188,"getImp result contains NA(s) or NaN(s); replacing with 0(s), yet this is suspicious."
188,"getImp result contains NA(s) or NaN(s); replacing with 0(s), yet this is suspicious."
188,"getImp result contains NA(s) or NaN(s); replacing with 0(s), yet this is suspicious."
188,"getImp result contains NA(s) or NaN(s); replacing with 0(s), yet this is suspicious."
188,"getImp result contains NA(s) or NaN(s); replacing with 0(s), yet this is suspicious."
188,"getImp result contains NA(s) or NaN(s); replacing with 0(s), yet this is suspicious."
188,"getImp result contains NA(s) or NaN(s); replacing with 0(s), yet this is suspicious."
188,"getImp result contains NA(s) or NaN(s); replacing with 0(s), yet this is suspicious."
188,"getImp result contains NA(s) or NaN(s); replacing with 0(s), yet this is suspicious."
188,"getImp result contains NA(s) or NaN(s); replacing with 0(s), yet this is suspicious."
188,"getImp result contains NA(s) or NaN(s); replacing with 0(s), yet this is suspicious."
188,"getImp result contains NA(s) or NaN(s); replacing with 0(s), yet this is suspicious."
189,"getImp result contains NA(s) or NaN(s); replacing with 0(s), yet this is suspicious."
189,"getImp result contains NA(s) or NaN(s); replacing with 0(s), yet this is suspicious."
189,"getImp result contains NA(s) or NaN(s); replacing with 0(s), yet this is suspicious."
189,"getImp result contains NA(s) or NaN(s); replacing with 0(s), yet this is suspicious."
189,"getImp result contains NA(s) or NaN(s); replacing with 0(s), yet this is suspicious."
189,"getImp result contains NA(s) or NaN(s); replacing with 0(s), yet this is suspicious."
189,"getImp result contains NA(s) or NaN(s); replacing with 0(s), yet this is suspicious."
189,"getImp result contains NA(s) or NaN(s); replacing with 0(s), yet this is suspicious."
189,"getImp result contains NA(s) or NaN(s); replacing with 0(s), yet this is suspicious."
189,"getImp result contains NA(s) or NaN(s); replacing with 0(s), yet this is suspicious."
189,"getImp result contains NA(s) or NaN(s); replacing with 0(s), yet this is suspicious."
189,"getImp result contains NA(s) or NaN(s); replacing with 0(s), yet this is suspicious."
189,"getImp result contains NA(s) or NaN(s); replacing with 0(s), yet this is suspicious."
189,"getImp result contains NA(s) or NaN(s); replacing with 0(s), yet this is suspicious."
189,"getImp result contains NA(s) or NaN(s); replacing with 0(s), yet this is suspicious."
190,"getImp result contains NA(s) or NaN(s); replacing with 0(s), yet this is suspicious."
190,"getImp result contains NA(s) or NaN(s); replacing with 0(s), yet this is suspicious."
190,"getImp result contains NA(s) or NaN(s); replacing with 0(s), yet this is suspicious."
190,"getImp result contains NA(s) or NaN(s); replacing with 0(s), yet this is suspicious."
190,"getImp result contains NA(s) or NaN(s); replacing with 0(s), yet this is suspicious."
190,"getImp result contains NA(s) or NaN(s); replacing with 0(s), yet this is suspicious."
190,"getImp result contains NA(s) or NaN(s); replacing with 0(s), yet this is suspicious."
190,"getImp result contains NA(s) or NaN(s); replacing with 0(s), yet this is suspicious."
190,"getImp result contains NA(s) or NaN(s); replacing with 0(s), yet this is suspicious."
190,"getImp result contains NA(s) or NaN(s); replacing with 0(s), yet this is suspicious."
190,"getImp result contains NA(s) or NaN(s); replacing with 0(s), yet this is suspicious."
190,"getImp result contains NA(s) or NaN(s); replacing with 0(s), yet this is suspicious."
190,"getImp result contains NA(s) or NaN(s); replacing with 0(s), yet this is suspicious."
190,"getImp result contains NA(s) or NaN(s); replacing with 0(s), yet this is suspicious."
190,"getImp result contains NA(s) or NaN(s); replacing with 0(s), yet this is suspicious."
191,"getImp result contains NA(s) or NaN(s); replacing with 0(s), yet this is suspicious."
191,"getImp result contains NA(s) or NaN(s); replacing with 0(s), yet this is suspicious."
191,"getImp result contains NA(s) or NaN(s); replacing with 0(s), yet this is suspicious."
191,"getImp result contains NA(s) or NaN(s); replacing with 0(s), yet this is suspicious."
191,"getImp result contains NA(s) or NaN(s); replacing with 0(s), yet this is suspicious."
191,"getImp result contains NA(s) or NaN(s); replacing with 0(s), yet this is suspicious."
191,"getImp result contains NA(s) or NaN(s); replacing with 0(s), yet this is suspicious."
191,"getImp result contains NA(s) or NaN(s); replacing with 0(s), yet this is suspicious."
191,"getImp result contains NA(s) or NaN(s); replacing with 0(s), yet this is suspicious."
191,"getImp result contains NA(s) or NaN(s); replacing with 0(s), yet this is suspicious."
191,"getImp result contains NA(s) or NaN(s); replacing with 0(s), yet this is suspicious."
191,"getImp result contains NA(s) or NaN(s); replacing with 0(s), yet this is suspicious."
191,"getImp result contains NA(s) or NaN(s); replacing with 0(s), yet this is suspicious."
191,"getImp result contains NA(s) or NaN(s); replacing with 0(s), yet this is suspicious."
191,"getImp result contains NA(s) or NaN(s); replacing with 0(s), yet this is suspicious."
192,"getImp result contains NA(s) or NaN(s); replacing with 0(s), yet this is suspicious."
192,"getImp result contains NA(s) or NaN(s); replacing with 0(s), yet this is suspicious."
192,"getImp result contains NA(s) or NaN(s); replacing with 0(s), yet this is suspicious."
192,"getImp result contains NA(s) or NaN(s); replacing with 0(s), yet this is suspicious."
192,"getImp result contains NA(s) or NaN(s); replacing with 0(s), yet this is suspicious."
192,"getImp result contains NA(s) or NaN(s); replacing with 0(s), yet this is suspicious."
192,"getImp result contains NA(s) or NaN(s); replacing with 0(s), yet this is suspicious."
192,"getImp result contains NA(s) or NaN(s); replacing with 0(s), yet this is suspicious."
192,"getImp result contains NA(s) or NaN(s); replacing with 0(s), yet this is suspicious."
192,"getImp result contains NA(s) or NaN(s); replacing with 0(s), yet this is suspicious."
192,"getImp result contains NA(s) or NaN(s); replacing with 0(s), yet this is suspicious."
192,"getImp result contains NA(s) or NaN(s); replacing with 0(s), yet this is suspicious."
192,"getImp result contains NA(s) or NaN(s); replacing with 0(s), yet this is suspicious."
192,"getImp result contains NA(s) or NaN(s); replacing with 0(s), yet this is suspicious."
192,"getImp result contains NA(s) or NaN(s); replacing with 0(s), yet this is suspicious."
193,"getImp result contains NA(s) or NaN(s); replacing with 0(s), yet this is suspicious."
193,"getImp result contains NA(s) or NaN(s); replacing with 0(s), yet this is suspicious."
193,"getImp result contains NA(s) or NaN(s); replacing with 0(s), yet this is suspicious."
193,"getImp result contains NA(s) or NaN(s); replacing with 0(s), yet this is suspicious."
193,"getImp result contains NA(s) or NaN(s); replacing with 0(s), yet this is suspicious."
193,"getImp result contains NA(s) or NaN(s); replacing with 0(s), yet this is suspicious."
193,"getImp result contains NA(s) or NaN(s); replacing with 0(s), yet this is suspicious."
193,"getImp result contains NA(s) or NaN(s); replacing with 0(s), yet this is suspicious."
193,"getImp result contains NA(s) or NaN(s); replacing with 0(s), yet this is suspicious."
193,"getImp result contains NA(s) or NaN(s); replacing with 0(s), yet this is suspicious."
193,"getImp result contains NA(s) or NaN(s); replacing with 0(s), yet this is suspicious."
193,"getImp result contains NA(s) or NaN(s); replacing with 0(s), yet this is suspicious."
193,"getImp result contains NA(s) or NaN(s); replacing with 0(s), yet this is suspicious."
193,"getImp result contains NA(s) or NaN(s); replacing with 0(s), yet this is suspicious."
193,"getImp result contains NA(s) or NaN(s); replacing with 0(s), yet this is suspicious."
194,"getImp result contains NA(s) or NaN(s); replacing with 0(s), yet this is suspicious."
194,"getImp result contains NA(s) or NaN(s); replacing with 0(s), yet this is suspicious."
194,"getImp result contains NA(s) or NaN(s); replacing with 0(s), yet this is suspicious."
194,"getImp result contains NA(s) or NaN(s); replacing with 0(s), yet this is suspicious."
194,"getImp result contains NA(s) or NaN(s); replacing with 0(s), yet this is suspicious."
194,"getImp result contains NA(s) or NaN(s); replacing with 0(s), yet this is suspicious."
194,"getImp result contains NA(s) or NaN(s); replacing with 0(s), yet this is suspicious."
194,"getImp result contains NA(s) or NaN(s); replacing with 0(s), yet this is suspicious."
194,"getImp result contains NA(s) or NaN(s); replacing with 0(s), yet this is suspicious."
194,"getImp result contains NA(s) or NaN(s); replacing with 0(s), yet this is suspicious."
194,"getImp result contains NA(s) or NaN(s); replacing with 0(s), yet this is suspicious."
194,"getImp result contains NA(s) or NaN(s); replacing with 0(s), yet this is suspicious."
194,"getImp result contains NA(s) or NaN(s); replacing with 0(s), yet this is suspicious."
194,"getImp result contains NA(s) or NaN(s); replacing with 0(s), yet this is suspicious."
194,"getImp result contains NA(s) or NaN(s); replacing with 0(s), yet this is suspicious."
195,"getImp result contains NA(s) or NaN(s); replacing with 0(s), yet this is suspicious."
195,"getImp result contains NA(s) or NaN(s); replacing with 0(s), yet this is suspicious."
195,"getImp result contains NA(s) or NaN(s); replacing with 0(s), yet this is suspicious."
195,"getImp result contains NA(s) or NaN(s); replacing with 0(s), yet this is suspicious."
195,"getImp result contains NA(s) or NaN(s); replacing with 0(s), yet this is suspicious."
195,"getImp result contains NA(s) or NaN(s); replacing with 0(s), yet this is suspicious."
195,"getImp result contains NA(s) or NaN(s); replacing with 0(s), yet this is suspicious."
195,"getImp result contains NA(s) or NaN(s); replacing with 0(s), yet this is suspicious."
195,"getImp result contains NA(s) or NaN(s); replacing with 0(s), yet this is suspicious."
195,"getImp result contains NA(s) or NaN(s); replacing with 0(s), yet this is suspicious."
195,"getImp result contains NA(s) or NaN(s); replacing with 0(s), yet this is suspicious."
195,"getImp result contains NA(s) or NaN(s); replacing with 0(s), yet this is suspicious."
195,"getImp result contains NA(s) or NaN(s); replacing with 0(s), yet this is suspicious."
195,"getImp result contains NA(s) or NaN(s); replacing with 0(s), yet this is suspicious."
195,"getImp result contains NA(s) or NaN(s); replacing with 0(s), yet this is suspicious."
196,"getImp result contains NA(s) or NaN(s); replacing with 0(s), yet this is suspicious."
196,"getImp result contains NA(s) or NaN(s); replacing with 0(s), yet this is suspicious."
196,"getImp result contains NA(s) or NaN(s); replacing with 0(s), yet this is suspicious."
196,"getImp result contains NA(s) or NaN(s); replacing with 0(s), yet this is suspicious."
196,"getImp result contains NA(s) or NaN(s); replacing with 0(s), yet this is suspicious."
196,"getImp result contains NA(s) or NaN(s); replacing with 0(s), yet this is suspicious."
196,"getImp result contains NA(s) or NaN(s); replacing with 0(s), yet this is suspicious."
196,"getImp result contains NA(s) or NaN(s); replacing with 0(s), yet this is suspicious."
196,"getImp result contains NA(s) or NaN(s); replacing with 0(s), yet this is suspicious."
196,"getImp result contains NA(s) or NaN(s); replacing with 0(s), yet this is suspicious."
196,"getImp result contains NA(s) or NaN(s); replacing with 0(s), yet this is suspicious."
196,"getImp result contains NA(s) or NaN(s); replacing with 0(s), yet this is suspicious."
196,"getImp result contains NA(s) or NaN(s); replacing with 0(s), yet this is suspicious."
196,"getImp result contains NA(s) or NaN(s); replacing with 0(s), yet this is suspicious."
196,"getImp result contains NA(s) or NaN(s); replacing with 0(s), yet this is suspicious."
197,"getImp result contains NA(s) or NaN(s); replacing with 0(s), yet this is suspicious."
197,"getImp result contains NA(s) or NaN(s); replacing with 0(s), yet this is suspicious."
197,"getImp result contains NA(s) or NaN(s); replacing with 0(s), yet this is suspicious."
197,"getImp result contains NA(s) or NaN(s); replacing with 0(s), yet this is suspicious."
197,"getImp result contains NA(s) or NaN(s); replacing with 0(s), yet this is suspicious."
197,"getImp result contains NA(s) or NaN(s); replacing with 0(s), yet this is suspicious."
197,"getImp result contains NA(s) or NaN(s); replacing with 0(s), yet this is suspicious."
197,"getImp result contains NA(s) or NaN(s); replacing with 0(s), yet this is suspicious."
197,"getImp result contains NA(s) or NaN(s); replacing with 0(s), yet this is suspicious."
197,"getImp result contains NA(s) or NaN(s); replacing with 0(s), yet this is suspicious."
197,"getImp result contains NA(s) or NaN(s); replacing with 0(s), yet this is suspicious."
197,"getImp result contains NA(s) or NaN(s); replacing with 0(s), yet this is suspicious."
197,"getImp result contains NA(s) or NaN(s); replacing with 0(s), yet this is suspicious."
197,"getImp result contains NA(s) or NaN(s); replacing with 0(s), yet this is suspicious."
197,"getImp result contains NA(s) or NaN(s); replacing with 0(s), yet this is suspicious."
198,"getImp result contains NA(s) or NaN(s); replacing with 0(s), yet this is suspicious."
198,"getImp result contains NA(s) or NaN(s); replacing with 0(s), yet this is suspicious."
198,"getImp result contains NA(s) or NaN(s); replacing with 0(s), yet this is suspicious."
198,"getImp result contains NA(s) or NaN(s); replacing with 0(s), yet this is suspicious."
198,"getImp result contains NA(s) or NaN(s); replacing with 0(s), yet this is suspicious."
198,"getImp result contains NA(s) or NaN(s); replacing with 0(s), yet this is suspicious."
198,"getImp result contains NA(s) or NaN(s); replacing with 0(s), yet this is suspicious."
198,"getImp result contains NA(s) or NaN(s); replacing with 0(s), yet this is suspicious."
198,"getImp result contains NA(s) or NaN(s); replacing with 0(s), yet this is suspicious."
198,"getImp result contains NA(s) or NaN(s); replacing with 0(s), yet this is suspicious."
198,"getImp result contains NA(s) or NaN(s); replacing with 0(s), yet this is suspicious."
198,"getImp result contains NA(s) or NaN(s); replacing with 0(s), yet this is suspicious."
198,"getImp result contains NA(s) or NaN(s); replacing with 0(s), yet this is suspicious."
198,"getImp result contains NA(s) or NaN(s); replacing with 0(s), yet this is suspicious."
198,"getImp result contains NA(s) or NaN(s); replacing with 0(s), yet this is suspicious."
199,"getImp result contains NA(s) or NaN(s); replacing with 0(s), yet this is suspicious."
199,"getImp result contains NA(s) or NaN(s); replacing with 0(s), yet this is suspicious."
199,"getImp result contains NA(s) or NaN(s); replacing with 0(s), yet this is suspicious."
199,"getImp result contains NA(s) or NaN(s); replacing with 0(s), yet this is suspicious."
199,"getImp result contains NA(s) or NaN(s); replacing with 0(s), yet this is suspicious."
199,"getImp result contains NA(s) or NaN(s); replacing with 0(s), yet this is suspicious."
199,"getImp result contains NA(s) or NaN(s); replacing with 0(s), yet this is suspicious."
199,"getImp result contains NA(s) or NaN(s); replacing with 0(s), yet this is suspicious."
199,"getImp result contains NA(s) or NaN(s); replacing with 0(s), yet this is suspicious."
199,"getImp result contains NA(s) or NaN(s); replacing with 0(s), yet this is suspicious."
199,"getImp result contains NA(s) or NaN(s); replacing with 0(s), yet this is suspicious."
199,"getImp result contains NA(s) or NaN(s); replacing with 0(s), yet this is suspicious."
199,"getImp result contains NA(s) or NaN(s); replacing with 0(s), yet this is suspicious."
199,"getImp result contains NA(s) or NaN(s); replacing with 0(s), yet this is suspicious."
199,"getImp result contains NA(s) or NaN(s); replacing with 0(s), yet this is suspicious."
200,"getImp result contains NA(s) or NaN(s); replacing with 0(s), yet this is suspicious."
200,"getImp result contains NA(s) or NaN(s); replacing with 0(s), yet this is suspicious."
200,"getImp result contains NA(s) or NaN(s); replacing with 0(s), yet this is suspicious."
200,"getImp result contains NA(s) or NaN(s); replacing with 0(s), yet this is suspicious."
200,"getImp result contains NA(s) or NaN(s); replacing with 0(s), yet this is suspicious."
200,"getImp result contains NA(s) or NaN(s); replacing with 0(s), yet this is suspicious."
200,"getImp result contains NA(s) or NaN(s); replacing with 0(s), yet this is suspicious."
200,"getImp result contains NA(s) or NaN(s); replacing with 0(s), yet this is suspicious."
200,"getImp result contains NA(s) or NaN(s); replacing with 0(s), yet this is suspicious."
200,"getImp result contains NA(s) or NaN(s); replacing with 0(s), yet this is suspicious."
200,"getImp result contains NA(s) or NaN(s); replacing with 0(s), yet this is suspicious."
200,"getImp result contains NA(s) or NaN(s); replacing with 0(s), yet this is suspicious."
200,"getImp result contains NA(s) or NaN(s); replacing with 0(s), yet this is suspicious."
200,"getImp result contains NA(s) or NaN(s); replacing with 0(s), yet this is suspicious."
200,"getImp result contains NA(s) or NaN(s); replacing with 0(s), yet this is suspicious."
