"Alpha","Lambda","Evaluation_1","Evaluation_2","Evaluation_3","Evaluation_4","Evaluation_5","Evaluation_6","Evaluation_7","Evaluation_8","Evaluation_9","Evaluation_10","Evaluation_11","Evaluation_12","Evaluation_13","Evaluation_14","Evaluation_15","Evaluation_16","Evaluation_17","Evaluation_18","Evaluation_19","Evaluation_20","Evaluation_21","Evaluation_22","Evaluation_23","Evaluation_24","Evaluation_25","Evaluation_26","Evaluation_27","Evaluation_28","Evaluation_29","Evaluation_30","Evaluation_31","Evaluation_32","Evaluation_33","Evaluation_34","Evaluation_35","Evaluation_36","Evaluation_37","Evaluation_38","Evaluation_39","Evaluation_40","Evaluation_41","Evaluation_42","Evaluation_43","Evaluation_44","Evaluation_45","Evaluation_46","Evaluation_47","Evaluation_48","Evaluation_49","Evaluation_50"
0,149.639543867309,0.95,0.65,1,0.88,0.85,0.88,1,0.75,0.9,0.8,0.75,1,0.8,0.8,1,0.75,0.92,0.92,0.875,0.88,0.8,0.92,0.875,0.92,0.95,0.8,0.95,0.88,1,0.85,0.76,0.75,0.95,1,1,0.72,1,0.95,0.9,1,0.76,0.85,1,1,1,0.7,0.9375,1,0.88,0.8
0,136.345979214002,0.95,0.65,1,0.88,0.85,0.88,1,0.75,0.9,0.8,0.75,1,0.8,0.8,1,0.75,0.92,0.92,0.875,0.88,0.8,0.92,0.875,0.92,0.95,0.8,0.95,0.88,1,0.85,0.76,0.75,0.95,1,1,0.72,1,0.95,0.9,1,0.76,0.85,1,1,1,0.7,0.9375,1,0.88,0.8
0,124.233378205895,0.95,0.65,1,0.88,0.85,0.88,1,0.75,0.9,0.8,0.75,1,0.8,0.8,1,0.75,0.92,0.92,0.875,0.88,0.8,0.92,0.875,0.92,0.95,0.8,0.95,0.88,1,0.85,0.76,0.75,0.95,1,1,0.72,1,0.95,0.9,1,0.76,0.85,1,1,1,0.7,0.9375,1,0.88,0.8
0,113.196827287621,0.95,0.65,1,0.88,0.85,0.88,1,0.75,0.9,0.8,0.75,1,0.8,0.8,1,0.75,0.92,0.92,0.875,0.88,0.8,0.92,0.875,0.92,0.95,0.8,0.95,0.88,1,0.85,0.76,0.75,0.95,1,1,0.72,1,0.95,0.9,1,0.76,0.85,1,1,1,0.7,0.9375,1,0.88,0.8
0,103.140733134918,0.95,0.65,1,0.88,0.85,0.88,1,0.75,0.9,0.8,0.75,1,0.8,0.8,1,0.75,0.92,0.92,0.875,0.88,0.8,0.92,0.875,0.92,0.95,0.8,0.95,0.88,1,0.85,0.76,0.75,0.95,1,1,0.72,1,0.95,0.9,1,0.76,0.85,1,1,1,0.7,0.9375,1,0.88,0.8
0,93.977994670984,0.95,0.65,1,0.88,0.85,0.88,1,0.75,0.9,0.8,0.75,1,0.8,0.8,1,0.75,0.92,0.92,0.875,0.88,0.8,0.92,0.875,0.92,0.95,0.8,0.95,0.88,1,0.85,0.76,0.75,0.95,1,1,0.76,1,0.95,0.9,1,0.76,0.85,1,1,1,0.7,0.9375,1,0.88,0.8
0,85.6292486386206,0.95,0.65,1,0.88,0.85,0.88,1,0.75,0.9,0.8,0.75,1,0.8,0.8,1,0.75,0.92,0.92,0.875,0.88,0.8,0.92,0.875,0.92,0.95,0.8,0.95,0.88,1,0.85,0.76,0.75,0.95,1,1,0.76,1,0.95,0.9,1,0.76,0.85,1,1,1,0.7,0.9375,1,0.88,0.8
0,78.022182193664,0.95,0.65,1,0.88,0.85,0.88,1,0.75,0.9,0.8,0.75,1,0.8,0.8,1,0.75,0.92,0.92,0.875,0.88,0.8,0.92,0.875,0.92,0.95,0.8,0.95,0.88,1,0.85,0.76,0.75,0.95,1,1,0.76,1,0.95,0.9,1,0.76,0.85,1,1,1,0.7,0.9375,1,0.88,0.8
0,71.0909065657238,0.95,0.65,1,0.88,0.85,0.88,1,0.75,0.9,0.8,0.75,1,0.8,0.8,1,0.75,0.92,0.92,0.875,0.88,0.8,0.92,0.875,0.92,0.95,0.8,0.95,0.88,1,0.85,0.76,0.75,0.95,1,1,0.76,1,0.95,0.9,1,0.76,0.85,1,1,1,0.7,0.9375,1,0.88,0.8
0,64.7753863611736,0.95,0.65,1,0.88,0.85,0.88,1,0.75,0.9,0.8,0.75,1,0.8,0.8,1,0.75,0.92,0.92,0.875,0.88,0.8,0.92,0.875,0.92,0.95,0.8,0.95,0.88,1,0.85,0.76,0.75,0.95,1,1,0.76,1,0.95,0.9,1,0.76,0.85,1,1,1,0.7,0.9375,1,0.88,0.8
0,59.0209195652926,0.95,0.65,1,0.88,0.85,0.88,1,0.75,0.9,0.8,0.75,1,0.8,0.8,1,0.75,0.92,0.92,0.875,0.88,0.8,0.92,0.875,0.92,0.95,0.8,0.95,0.88,1,0.85,0.76,0.75,0.95,1,1,0.76,1,0.95,0.9,1,0.76,0.85,1,1,1,0.7,0.9375,1,0.88,0.8
0,53.7776637395826,0.95,0.65,1,0.88,0.85,0.88,1,0.75,0.9,0.8,0.75,1,0.8,0.8,1,0.75,0.92,0.92,0.875,0.88,0.8,0.92,0.875,0.92,0.95,0.8,0.95,0.88,1,0.85,0.76,0.75,0.95,1,1,0.76,1,0.95,0.9,1,0.76,0.85,1,1,1,0.7,0.9375,1,0.88,0.8
0,49.0002043104101,0.95,0.65,1,0.88,0.85,0.88,1,0.75,0.9,0.8,0.75,1,0.8,0.8,1,0.75,0.92,0.92,0.875,0.88,0.8,0.92,0.875,0.92,0.95,0.8,0.95,0.88,1,0.85,0.76,0.75,0.95,1,1,0.76,1,0.95,0.9,1,0.76,0.85,1,1,1,0.7,0.9375,1,0.88,0.8
0,44.6471612096953,0.95,0.65,1,0.88,0.85,0.88,1,0.75,0.9,0.8,0.75,1,0.8,0.8,1,0.75,0.92,0.92,0.875,0.88,0.8,0.92,0.875,0.92,0.95,0.8,0.95,0.88,1,0.85,0.76,0.75,0.95,1,1,0.76,1,0.95,0.9,1,0.76,0.85,1,1,1,0.7,0.9375,1,0.88,0.8
0,40.6808304605586,0.95,0.65,1,0.88,0.85,0.88,1,0.75,0.9,0.8,0.75,1,0.8,0.8,1,0.75,0.92,0.92,0.875,0.88,0.8,0.92,0.875,0.92,0.95,0.8,0.95,0.88,1,0.85,0.76,0.75,0.95,1,1,0.76,1,0.95,0.9,1,0.76,0.85,1,1,1,0.7,0.9375,1,0.88,0.8
0,37.0668576035095,0.95,0.65,1,0.88,0.85,0.88,1,0.75,0.9,0.8,0.75,1,0.8,0.8,1,0.75,0.92,0.92,0.875,0.88,0.8,0.92,0.875,0.92,0.95,0.8,0.95,0.88,1,0.85,0.76,0.75,0.95,1,1,0.76,1,0.95,0.9,1,0.76,0.85,1,1,1,0.7,0.9375,1,0.88,0.8
0,33.7739401345541,0.95,0.65,1,0.88,0.85,0.88,1,0.75,0.9,0.8,0.75,1,0.8,0.8,1,0.75,0.92,0.92,0.875,0.88,0.8,0.92,0.875,0.92,0.95,0.8,0.95,0.88,1,0.85,0.76,0.75,0.95,1,1,0.76,1,0.95,0.9,1,0.76,0.85,1,1,1,0.7,0.9375,1,0.88,0.8
0,30.7735563778798,0.95,0.65,1,0.88,0.85,0.88,1,0.75,0.9,0.8,0.75,1,0.8,0.8,1,0.75,0.92,0.92,0.875,0.88,0.8,0.92,0.875,0.92,0.95,0.8,0.95,0.88,1,0.85,0.76,0.75,0.95,1,1,0.76,1,0.95,0.9,1,0.76,0.85,1,1,1,0.7,0.9375,1,0.88,0.8
0,28.0397184447444,0.95,0.65,1,0.88,0.85,0.88,1,0.75,0.9,0.8,0.75,1,0.8,0.8,1,0.75,0.92,0.92,0.875,0.88,0.8,0.92,0.875,0.92,0.95,0.8,0.95,0.88,1,0.85,0.76,0.75,0.95,1,1,0.76,1,0.95,0.9,1,0.76,0.85,1,1,1,0.7,0.9375,1,0.88,0.8
0,25.5487471388156,0.95,0.65,1,0.88,0.85,0.88,1,0.75,0.9,0.8,0.75,1,0.8,0.8,1,0.75,0.92,0.92,0.875,0.88,0.8,0.92,0.875,0.92,0.95,0.8,0.95,0.88,1,0.85,0.76,0.75,0.95,1,1,0.76,1,0.95,0.9,1,0.76,0.85,1,1,1,0.7,0.9375,1,0.88,0.8
0,23.279066858301,0.95,0.65,1,0.88,0.85,0.88,1,0.75,0.9,0.8,0.75,1,0.8,0.8,1,0.75,0.92,0.92,0.875,0.88,0.8,0.92,0.875,0.92,0.95,0.8,0.95,0.88,1,0.85,0.76,0.75,0.95,1,1,0.76,1,0.95,0.9,1,0.76,0.85,1,1,1,0.7,0.9375,1,0.88,0.8
0,21.2110187184062,0.95,0.65,1,0.88,0.85,0.88,1,0.75,0.9,0.8,0.75,1,0.8,0.8,1,0.75,0.92,0.92,0.875,0.88,0.8,0.92,0.875,0.92,0.95,0.8,0.95,0.88,1,0.85,0.76,0.75,0.95,1,1,0.76,1,0.95,0.9,1,0.76,0.85,1,1,1,0.7,0.9375,1,0.88,0.8
0,19.3266902754803,0.95,0.65,1,0.88,0.85,0.88,1,0.75,0.9,0.8,0.75,1,0.8,0.8,1,0.75,0.92,0.92,0.875,0.88,0.8,0.92,0.875,0.92,0.95,0.8,0.95,0.88,1,0.85,0.76,0.75,0.95,1,1,0.76,1,0.95,0.9,1,0.76,0.85,1,1,1,0.7,0.9375,1,0.88,0.8
0,17.609760377997,0.95,0.65,1,0.88,0.85,0.88,1,0.75,0.9,0.8,0.75,1,0.8,0.8,1,0.75,0.92,0.92,0.875,0.88,0.8,0.92,0.875,0.92,0.95,0.8,0.95,0.88,1,0.85,0.76,0.75,0.95,1,1,0.76,1,0.95,0.9,1,0.76,0.85,1,1,1,0.7,0.9375,1,0.88,0.8
0,16.0453578005491,0.95,0.65,1,0.88,0.85,0.88,1,0.75,0.9,0.8,0.75,1,0.8,0.8,1,0.75,0.92,0.92,0.875,0.88,0.8,0.92,0.875,0.92,0.95,0.8,0.95,0.88,1,0.85,0.76,0.75,0.95,1,1,0.76,1,0.95,0.9,1,0.76,0.85,1,1,1,0.7,0.9375,1,0.88,0.8
0,14.6199324364075,0.95,0.65,1,0.88,0.85,0.88,1,0.75,0.9,0.8,0.75,1,0.8,0.8,1,0.75,0.92,0.92,0.875,0.88,0.8,0.92,0.875,0.92,0.95,0.8,0.95,0.88,1,0.85,0.76,0.75,0.95,1,1,0.76,1,0.95,0.9,1,0.76,0.85,1,1,1,0.7,0.9375,1,0.88,0.8
0,13.3211379329793,0.95,0.65,1,0.88,0.85,0.88,1,0.75,0.9,0.8,0.75,1,0.8,0.8,1,0.75,0.92,0.92,0.875,0.88,0.8,0.92,0.875,0.92,0.95,0.8,0.95,0.88,1,0.85,0.76,0.75,0.95,1,1,0.76,1,0.95,0.9,1,0.76,0.85,1,1,1,0.7,0.9375,1,0.88,0.8
0,12.137724753608,0.95,0.65,1,0.88,0.85,0.88,1,0.75,0.9,0.8,0.75,1,0.8,0.8,1,0.75,0.92,0.92,0.875,0.88,0.8,0.92,0.875,0.92,0.95,0.8,0.95,0.88,1,0.85,0.76,0.75,0.95,1,1,0.76,1,0.95,0.9,1,0.76,0.85,1,1,1,0.7,0.9375,1,0.88,0.8
0,11.0594427394687,0.95,0.65,1,0.88,0.85,0.88,1,0.75,0.9,0.8,0.75,1,0.8,0.8,1,0.75,0.92,0.92,0.875,0.88,0.8,0.92,0.875,0.92,0.95,0.8,0.95,0.88,1,0.85,0.76,0.75,0.95,1,1,0.76,1,0.95,0.9,1,0.76,0.85,1,1,1,0.7,0.9375,1,0.88,0.8
0,10.0769523275957,0.95,0.65,1,0.88,0.85,0.88,1,0.75,0.9,0.8,0.75,1,0.8,0.8,1,0.75,0.92,0.92,0.875,0.88,0.8,0.92,0.875,0.92,0.95,0.8,0.95,0.88,1,0.85,0.76,0.75,0.95,1,1,0.76,1,0.95,0.9,1,0.76,0.85,1,1,1,0.7,0.9375,1,0.88,0.8
0,9.1817436560565,0.95,0.65,1,0.88,0.85,0.88,1,0.75,0.9,0.8,0.75,1,0.8,0.8,1,0.75,0.92,0.92,0.875,0.88,0.8,0.92,0.875,0.92,0.95,0.8,0.95,0.84,1,0.85,0.76,0.75,0.95,1,1,0.76,1,0.95,0.9,1,0.76,0.85,1,1,1,0.7,0.9375,1,0.88,0.8
0,8.36606285559835,0.95,0.65,1,0.88,0.85,0.88,1,0.75,0.9,0.8,0.75,1,0.8,0.8,1,0.75,0.92,0.92,0.875,0.88,0.8,0.92,0.875,0.92,0.95,0.8,0.95,0.84,1,0.85,0.76,0.75,0.95,1,1,0.76,1,0.95,0.9,1,0.76,0.85,1,1,1,0.7,0.9375,1,0.88,0.8
0,7.62284488934241,0.95,0.65,1,0.88,0.85,0.88,1,0.75,0.9,0.8,0.75,1,0.8,0.8,1,0.75,0.92,0.92,0.875,0.88,0.8,0.92,0.875,0.92,0.95,0.8,0.95,0.84,1,0.85,0.76,0.75,0.95,1,1,0.76,1,0.95,0.9,1,0.76,0.85,1,1,1,0.7,0.9375,1,0.88,0.8
0,6.9456523588141,0.95,0.65,1,0.88,0.85,0.88,1,0.75,0.9,0.8,0.75,1,0.8,0.8,1,0.75,0.92,0.92,0.875,0.88,0.8,0.92,0.875,0.92,0.95,0.8,0.95,0.84,1,0.85,0.76,0.75,0.95,1,1,0.76,1,0.95,0.9,1,0.76,0.85,1,1,1,0.7,0.9375,1,0.88,0.8
0,6.32861974627711,0.95,0.65,1,0.88,0.85,0.88,1,0.8,0.9,0.8,0.75,1,0.8,0.8,1,0.75,0.92,0.92,0.875,0.88,0.8,0.92,0.875,0.92,0.95,0.8,0.95,0.84,1,0.85,0.76,0.75,0.95,1,1,0.72,1,0.95,0.9,1,0.76,0.85,1,1,1,0.7,0.9375,1,0.88,0.8
0,5.76640261042476,0.95,0.65,1,0.88,0.85,0.88,1,0.8,0.9,0.8,0.75,1,0.8,0.8,1,0.75,0.92,0.92,0.875,0.88,0.8,0.92,0.875,0.92,0.95,0.8,0.95,0.84,1,0.85,0.76,0.75,0.95,1,1,0.72,1,0.95,0.9,1,0.76,0.8,1,1,1,0.7,0.9375,1,0.88,0.8
0,5.25413129538617,0.95,0.65,1,0.88,0.85,0.88,1,0.8,0.9,0.8,0.75,1,0.8,0.8,1,0.75,0.92,0.92,0.875,0.88,0.8,0.92,0.875,0.92,0.95,0.8,0.95,0.84,1,0.85,0.76,0.75,0.95,1,1,0.72,1,0.95,0.9,1,0.76,0.8,1,1,1,0.7,0.9375,1,0.88,0.8
0,4.78736875209671,0.95,0.65,1,0.88,0.85,0.88,1,0.8,0.9,0.8,0.75,1,0.8,0.8,1,0.75,0.92,0.92,0.875,0.88,0.8,0.92,0.875,0.92,0.95,0.8,0.95,0.84,1,0.85,0.76,0.75,0.95,1,1,0.72,1,0.95,0.9,1,0.8,0.8,1,1,1,0.7,0.9375,1,0.88,0.8
0,4.36207210670161,0.95,0.65,1,0.88,0.85,0.88,1,0.8,0.9,0.8,0.75,1,0.8,0.8,1,0.75,0.92,0.92,0.875,0.88,0.8,0.92,0.875,0.92,0.95,0.85,0.95,0.84,1,0.85,0.76,0.75,0.95,1,1,0.72,1,0.95,0.9,1,0.8,0.8,1,1,1,0.7,0.9375,1,0.88,0.8
0,3.97455764311674,0.95,0.65,1,0.88,0.85,0.88,1,0.8,0.9,0.8,0.75,1,0.8,0.8,1,0.75,0.92,0.92,0.875,0.88,0.8,0.92,0.875,0.92,0.95,0.85,0.95,0.84,1,0.85,0.76,0.75,0.95,1,1,0.72,0.95,0.95,0.9,1,0.8,0.8,1,1,1,0.7,0.9375,1,0.88,0.8
0,3.62146889644213,0.95,0.65,1,0.88,0.85,0.88,1,0.8,0.9,0.8,0.75,1,0.8,0.8,1,0.75,0.92,0.92,0.875,0.88,0.8,0.92,0.875,0.92,0.95,0.85,0.95,0.84,1,0.85,0.76,0.75,0.95,1,1,0.72,0.95,0.95,0.9,1,0.8,0.8,1,1,1,0.7,0.9375,1,0.88,0.8
0,3.29974758086873,0.95,0.65,1,0.88,0.85,0.88,1,0.8,0.9,0.8,0.75,1,0.8,0.8,1,0.75,0.92,0.92,0.875,0.88,0.8,0.92,0.875,0.92,0.95,0.85,0.95,0.84,1,0.85,0.76,0.75,0.95,1,1,0.72,0.95,0.95,0.9,1,0.8,0.8,1,1,1,0.7,0.9375,1,0.88,0.8
0,3.00660710026977,0.95,0.65,1,0.88,0.85,0.88,1,0.8,0.9,0.8,0.75,1,0.8,0.8,1,0.75,0.92,0.92,0.875,0.88,0.8,0.92,0.875,0.92,0.95,0.85,0.95,0.84,1,0.85,0.76,0.75,0.95,1,1,0.72,0.95,0.95,0.9,1,0.8,0.8,1,1,1,0.7,0.9375,1,0.88,0.8
0,2.7395084120382,0.95,0.65,1,0.88,0.85,0.88,1,0.8,0.9,0.8,0.75,1,0.8,0.8,1,0.75,0.92,0.92,0.875,0.88,0.8,0.92,0.875,0.92,0.95,0.85,0.95,0.84,1,0.85,0.76,0.75,0.95,1,1,0.72,0.95,0.95,0.9,1,0.8,0.8,1,1,1,0.7,0.9375,1,0.88,0.8
0,2.4961380351143,0.95,0.65,1,0.88,0.85,0.88,1,0.8,0.85,0.8,0.75,1,0.8,0.8,1,0.75,0.92,0.92,0.875,0.88,0.8,0.92,0.875,0.92,0.95,0.85,0.95,0.84,1,0.85,0.76,0.75,0.95,1,1,0.72,0.95,0.95,0.9,1,0.8,0.75,1,1,1,0.7,0.9375,1,0.88,0.8
0,2.27438801171944,0.95,0.65,1,0.88,0.85,0.88,1,0.8,0.85,0.8,0.75,1,0.8,0.8,1,0.75,0.92,0.92,0.875,0.88,0.8,0.92,0.875,0.92,0.95,0.85,0.95,0.84,1,0.85,0.76,0.75,0.95,1,1,0.72,0.95,0.95,0.9,1,0.8,0.75,1,1,1,0.7,0.9375,1,0.88,0.8
0,2.07233764923432,0.95,0.65,1,0.88,0.85,0.88,1,0.8,0.85,0.8,0.75,1,0.8,0.8,1,0.75,0.88,0.92,0.875,0.88,0.8,0.92,0.875,0.92,0.95,0.85,0.95,0.84,1,0.85,0.76,0.75,0.95,1,1,0.72,0.95,0.95,0.9,1,0.8,0.75,1,1,1,0.7,0.9375,1,0.88,0.8
0,1.88823688407823,0.95,0.65,1,0.88,0.85,0.88,1,0.8,0.85,0.8,0.75,1,0.8,0.8,1,0.75,0.88,0.92,0.875,0.88,0.85,0.92,0.875,0.92,0.95,0.85,0.95,0.84,1,0.85,0.76,0.75,0.95,1,1,0.72,0.95,0.95,0.9,1,0.8,0.75,1,1,1,0.7,0.9375,1,0.88,0.8
0,1.72049112349565,0.95,0.65,1,0.88,0.85,0.88,1,0.8,0.85,0.8,0.75,1,0.8,0.8,1,0.75,0.88,0.92,0.875,0.88,0.85,0.92,0.875,0.88,0.95,0.85,0.95,0.84,1,0.85,0.76,0.75,0.95,1,1,0.72,0.95,0.95,0.9,1,0.8,0.7,1,1,1,0.7,0.9375,1,0.88,0.8
0,1.56764743395653,0.95,0.65,1,0.88,0.85,0.88,1,0.8,0.85,0.8,0.75,1,0.8,0.8,1,0.75,0.88,0.92,0.875,0.88,0.85,0.92,0.875,0.88,0.95,0.85,0.95,0.84,1,0.85,0.76,0.75,0.95,1,1,0.72,0.95,0.95,0.9,1,0.8,0.7,1,1,1,0.7,0.9375,1,0.88,0.8
0,1.4283819565412,0.95,0.65,1,0.88,0.85,0.88,1,0.8,0.85,0.8,0.75,1,0.8,0.8,1,0.75,0.88,0.92,0.875,0.88,0.85,0.92,0.875,0.88,0.95,0.85,0.95,0.84,1,0.85,0.76,0.75,0.95,1,1,0.72,0.95,0.95,0.9,1,0.8,0.7,1,1,1,0.7,0.9375,1,0.88,0.8
0,1.30148844030772,0.95,0.65,1,0.88,0.85,0.88,1,0.8,0.85,0.8,0.75,1,0.8,0.8,1,0.75,0.88,0.92,0.875,0.88,0.85,0.92,0.875,0.88,0.95,0.85,0.95,0.84,1,0.85,0.76,0.75,0.95,1,1,0.72,0.95,0.95,0.9,1,0.8,0.7,1,1,1,0.7,0.9375,1,0.88,0.8
0,1.18586779432323,0.95,0.65,1,0.88,0.85,0.88,1,0.8,0.85,0.8,0.75,1,0.8,0.8,1,0.75,0.88,0.92,0.875,0.88,0.85,0.92,0.875,0.88,0.95,0.85,0.95,0.84,1,0.85,0.76,0.75,0.95,1,1,0.72,0.95,0.95,0.9,1,0.8,0.7,1,1,1,0.7,0.9375,1,0.88,0.8
0,1.08051856786415,0.95,0.65,1,0.88,0.8,0.88,1,0.8,0.85,0.8,0.75,1,0.8,0.8,1,0.75,0.88,0.92,0.875,0.88,0.85,0.92,0.875,0.88,0.95,0.85,0.95,0.84,1,0.85,0.76,0.75,0.95,1,1,0.72,0.95,0.95,0.9,1,0.8,0.7,1,1,1,0.7,0.9375,1,0.88,0.8
0,0.984528276329061,0.95,0.65,1,0.84,0.8,0.88,1,0.8,0.85,0.8,0.8,1,0.8,0.8,1,0.75,0.84,0.92,0.875,0.84,0.85,0.92,0.875,0.92,0.95,0.85,0.95,0.84,1,0.85,0.76,0.75,0.95,1,1,0.72,0.95,0.95,0.9,1,0.84,0.7,1,1,1,0.7,0.9375,1,0.88,0.8
0,0.897065497733619,0.95,0.65,1,0.84,0.8,0.88,1,0.8,0.85,0.8,0.8,1,0.8,0.8,1,0.75,0.84,0.92,0.875,0.84,0.85,0.92,0.875,0.92,0.95,0.85,0.95,0.84,1,0.85,0.76,0.75,0.95,1,1,0.72,0.95,0.9,0.9,1,0.84,0.7,1,1,1,0.7,0.9375,1,0.88,0.8
0,0.817372671331078,0.95,0.65,1,0.88,0.75,0.88,1,0.8,0.85,0.8,0.8,1,0.8,0.8,1,0.75,0.84,0.92,0.875,0.84,0.85,0.92,0.875,0.92,0.95,0.85,0.95,0.84,1,0.85,0.76,0.75,0.95,1,1,0.72,0.95,0.9,0.9,1,0.84,0.7,1,1,1,0.7,0.9375,1,0.88,0.8
0,0.744759535983505,0.95,0.65,1,0.88,0.75,0.88,1,0.8,0.85,0.8,0.8,1,0.8,0.8,1,0.75,0.84,0.92,0.875,0.84,0.8,0.92,0.875,0.92,0.95,0.85,0.95,0.84,1,0.85,0.76,0.75,0.95,1,1,0.72,0.95,0.9,0.9,1,0.84,0.7,1,1,1,0.7,0.9375,1,0.88,0.8
0,0.678597151450023,0.95,0.65,1,0.88,0.75,0.88,1,0.8,0.85,0.8,0.8,1,0.8,0.8,1,0.75,0.84,0.96,0.875,0.84,0.8,0.92,0.875,0.92,0.95,0.85,1,0.84,1,0.85,0.76,0.75,0.95,1,1,0.72,0.95,0.9,0.9,1,0.84,0.7,1,1,1,0.7,0.9375,1,0.88,0.8
0,0.618312450807323,0.95,0.65,1,0.88,0.75,0.88,1,0.8,0.85,0.8,0.85,1,0.8,0.8,1,0.75,0.84,0.96,0.875,0.84,0.8,0.92,0.875,0.92,0.95,0.85,1,0.84,1,0.85,0.76,0.75,0.95,1,1,0.72,0.95,0.9,0.9,1,0.84,0.7,1,1,1,0.7,0.9375,1,0.88,0.8
0,0.563383276818123,0.95,0.65,1,0.88,0.75,0.88,1,0.8,0.85,0.8,0.85,1,0.8,0.8,1,0.75,0.84,0.96,0.875,0.84,0.8,0.92,0.875,0.92,0.95,0.85,1,0.84,1,0.85,0.76,0.75,0.95,1,1,0.72,0.95,0.9,0.9,1,0.84,0.7,1,1,1,0.7,0.9375,1,0.88,0.8
0,0.513333859254977,0.95,0.65,1,0.88,0.75,0.88,1,0.8,0.85,0.8,0.85,1,0.8,0.8,1,0.75,0.84,0.96,0.875,0.84,0.8,0.92,0.875,0.92,0.95,0.85,1,0.84,1,0.85,0.76,0.75,0.95,1,1,0.72,0.95,0.9,0.9,1,0.84,0.7,1,1,1,0.7,0.9375,1,0.88,0.8
0,0.467730694006165,0.95,0.65,1,0.88,0.75,0.88,1,0.8,0.85,0.8,0.85,1,0.8,0.8,1,0.75,0.84,0.96,0.875,0.84,0.8,0.92,0.875,0.92,0.95,0.85,1,0.84,1,0.85,0.76,0.75,0.95,1,1,0.68,0.95,0.9,0.9,1,0.84,0.7,1,1,1,0.7,0.9375,1,0.88,0.8
0,0.426178788270468,0.95,0.65,1,0.88,0.75,0.88,1,0.8,0.85,0.8,0.85,1,0.8,0.8,1,0.75,0.84,0.96,0.875,0.84,0.8,0.92,0.875,0.92,0.95,0.85,1,0.84,1,0.85,0.76,0.75,0.95,1,1,0.68,0.95,0.9,0.9,1,0.84,0.7,1,1,1,0.7,0.9375,1,0.88,0.8
0,0.388318239318479,0.95,0.65,1,0.88,0.75,0.88,1,0.8,0.85,0.8,0.85,1,0.8,0.8,1,0.75,0.84,0.96,0.875,0.84,0.8,0.92,0.875,0.92,0.95,0.85,1,0.84,1,0.85,0.76,0.75,0.95,1,1,0.68,0.95,0.9,0.9,1,0.84,0.7,1,1,1,0.7,0.9375,1,0.88,0.8
0,0.35382111718734,0.95,0.65,1,0.88,0.75,0.88,1,0.8,0.85,0.8,0.85,1,0.8,0.8,1,0.75,0.84,0.96,0.875,0.84,0.8,0.92,0.875,0.92,0.95,0.85,1,0.8,1,0.85,0.76,0.75,0.9,1,1,0.68,0.95,0.9,0.9,1,0.84,0.7,1,1,1,0.7,0.9375,1,0.88,0.8
0,0.322388624308278,0.95,0.65,1,0.88,0.75,0.92,1,0.8,0.85,0.8,0.85,1,0.8,0.8,1,0.75,0.84,0.96,0.875,0.84,0.8,0.92,0.875,0.92,0.95,0.85,1,0.8,1,0.85,0.76,0.75,0.9,1,1,0.68,0.95,0.9,0.9,1,0.84,0.7,1,1,1,0.7,0.9375,1,0.88,0.8
0,0.293748507465012,0.95,0.65,1,0.88,0.75,0.92,1,0.8,0.85,0.8,0.85,1,0.8,0.8,1,0.75,0.84,0.96,0.875,0.84,0.8,0.92,0.875,0.92,0.95,0.85,1,0.8,1,0.85,0.8,0.75,0.9,1,1,0.68,0.95,0.9,0.9,1,0.84,0.7,1,1,1,0.7,0.9375,1,0.88,0.8
0,0.267652699666631,0.95,0.65,1,0.88,0.75,0.92,1,0.85,0.85,0.8,0.85,0.95,0.8,0.8,1,0.75,0.84,0.96,0.875,0.84,0.8,0.96,0.875,0.92,0.95,0.85,1,0.8,1,0.85,0.8,0.75,0.9,1,1,0.68,0.95,0.9,0.9,1,0.84,0.65,1,1,1,0.7,0.9375,1,0.92,0.8
0,0.243875171509999,0.95,0.65,1,0.88,0.75,0.92,1,0.85,0.85,0.8,0.85,0.95,0.8,0.8,1,0.75,0.84,0.96,0.875,0.84,0.8,0.96,0.875,0.92,0.95,0.85,1,0.8,1,0.85,0.8,0.75,0.9,1,1,0.68,0.95,0.9,0.9,1,0.84,0.65,1,1,1,0.7,0.875,1,0.92,0.8
0,0.222209973421188,0.95,0.65,1,0.88,0.75,0.96,1,0.85,0.85,0.8,0.85,0.95,0.8,0.8,1,0.75,0.84,0.96,0.875,0.92,0.8,0.96,0.875,0.92,0.95,0.85,1,0.8,1,0.85,0.8,0.8,0.9,0.96,1,0.68,0.95,0.9,0.9,1,0.88,0.65,1,1,1,0.7,0.875,1,0.92,0.8
0,0.2024694518188,0.95,0.65,1,0.88,0.75,0.96,1,0.85,0.85,0.8,0.85,0.95,0.8,0.8,1,0.75,0.84,0.96,0.875,0.92,0.8,0.96,0.9375,0.92,0.95,0.85,1,0.8,1,0.85,0.8,0.8,0.9,0.96,1,0.68,0.95,0.9,0.9,1,0.88,0.6,1,1,1,0.7,0.875,1,0.92,0.8
0,0.18448262374841,0.95,0.65,1,0.88,0.75,0.96,1,0.9,0.85,0.8,0.85,0.95,0.8,0.8,1,0.75,0.84,0.96,0.875,0.92,0.8,0.96,0.9375,0.92,0.95,0.85,1,0.8,1,0.85,0.8,0.8,0.9,0.96,1,0.68,0.95,0.9,0.9,1,0.88,0.6,1,1,1,0.7,0.875,1,0.92,0.8
0,0.168093695910018,0.95,0.65,1,0.88,0.75,0.96,1,0.9,0.85,0.8,0.85,0.95,0.8,0.8,1,0.75,0.84,0.96,0.875,0.92,0.8,0.96,0.9375,0.92,0.95,0.85,1,0.8,1,0.85,0.8,0.8,0.9,0.96,1,0.68,0.95,0.9,0.9,1,0.88,0.6,1,1,1,0.7,0.8125,1,0.92,0.8
0,0.153160715251011,0.95,0.65,1,0.88,0.8,0.96,1,0.9,0.85,0.8,0.85,0.95,0.8,0.8,1,0.75,0.84,0.96,0.875,0.92,0.8,0.96,0.9375,0.92,0.95,0.85,1,0.8,1,0.85,0.8,0.8,0.9,0.96,1,0.68,0.95,0.9,0.9,1,0.88,0.6,1,1,1,0.7,0.8125,1,0.92,0.8
0,0.139554339436731,0.9,0.65,1,0.88,0.8,0.96,1,0.9,0.85,0.8,0.9,0.95,0.8,0.85,1,0.75,0.84,0.96,0.875,0.92,0.8,0.96,0.9375,0.92,0.95,0.85,1,0.8,1,0.85,0.8,0.8,0.9,0.96,1,0.68,0.95,0.9,0.9,1,0.88,0.6,1,1,1,0.7,0.8125,1,0.92,0.8
0,0.127156716549048,0.9,0.65,1,0.88,0.8,0.96,1,0.9,0.85,0.8,0.95,0.95,0.8,0.85,1,0.75,0.84,0.96,0.875,0.92,0.8,0.96,0.9375,0.92,0.95,0.9,1,0.8,1,0.85,0.8,0.8,0.95,0.96,1,0.68,0.95,0.9,0.9,1,0.88,0.6,1,1,1,0.7,0.8125,1,0.92,0.8
0,0.115860464309427,0.9,0.65,1,0.88,0.8,0.96,1,0.9,0.85,0.8,0.95,0.95,0.8,0.85,1,0.75,0.84,0.96,0.875,0.92,0.8,0.96,0.9375,0.92,0.95,0.95,1,0.8,1,0.85,0.8,0.8,0.95,0.96,1,0.68,0.95,0.9,0.9,1,0.88,0.6,1,1,1,0.7,0.8125,1,0.92,0.8
0,0.105567739984997,0.9,0.65,1,0.88,0.8,0.96,1,0.9,0.85,0.8,0.95,0.95,0.8,0.85,1,0.75,0.84,0.96,0.875,0.92,0.8,0.96,1,0.92,0.95,0.95,1,0.8,1,0.85,0.8,0.85,0.95,0.96,1,0.68,0.95,0.9,0.9,1,0.88,0.6,1,1,1,0.7,0.8125,1,0.92,0.8
0,0.0961893929216136,0.9,0.65,1,0.88,0.8,0.96,1,0.9,0.8,0.8,0.95,0.95,0.8,0.9,1,0.8,0.84,0.96,0.875,0.92,0.8,0.96,1,0.92,0.95,0.95,1,0.8,1,0.85,0.8,0.85,1,0.96,1,0.72,0.95,0.9,0.9,1,0.88,0.6,1,1,1,0.7,0.8125,1,0.92,0.8
0,0.0876441923635332,0.9,0.65,1,0.88,0.8,0.96,1,0.9,0.75,0.8,0.95,0.95,0.8,0.9,1,0.8,0.84,0.96,0.875,0.92,0.8,0.96,1,0.88,0.95,0.95,1,0.8,1,0.85,0.8,0.85,1,0.96,1,0.72,0.95,0.9,0.9,1,0.88,0.6,1,1,1,0.7,0.8125,1,0.96,0.8
0,0.079858123871473,0.95,0.65,1,0.88,0.8,0.96,1,0.9,0.75,0.8,0.95,0.95,0.8,0.9,1,0.8,0.84,0.96,0.875,0.92,0.8,0.96,1,0.88,0.95,0.95,1,0.8,1,0.85,0.84,0.85,1,0.96,1,0.72,0.95,0.9,0.9,1,0.88,0.6,1,1,1,0.7,0.8125,1,0.96,0.8
0,0.0727637482449435,0.95,0.65,1,0.88,0.8,0.96,1,0.9,0.75,0.8,0.95,0.95,0.8,0.9,1,0.8,0.84,0.96,0.875,0.92,0.8,0.96,1,0.88,0.95,0.95,1,0.8,1,0.85,0.84,0.85,1,0.96,1,0.72,0.95,0.9,0.9,1,0.92,0.6,1,1,1,0.7,0.8125,1,0.96,0.8
0,0.0662996173961563,0.95,0.7,1,0.88,0.8,0.96,1,0.9,0.75,0.8,0.95,0.95,0.85,0.9,1,0.8,0.84,0.96,0.875,0.88,0.8,0.96,1,0.88,0.95,0.95,1,0.8,1,0.85,0.84,0.9,1,0.96,1,0.72,0.95,0.9,0.9,1,0.92,0.6,1,1,1,0.7,0.8125,1,0.96,0.8
0,0.0604097421160842,0.95,0.7,1,0.88,0.8,0.96,1,0.95,0.75,0.8,0.95,0.95,0.85,0.9,1,0.8,0.88,0.96,0.875,0.88,0.8,0.96,1,0.88,0.95,0.95,1,0.8,1,0.85,0.84,0.9,1,0.96,1,0.76,0.95,0.9,0.9,1,0.96,0.6,1,1,1,0.8,0.8125,1,0.96,0.8
0,0.0550431071227172,0.95,0.7,1,0.88,0.85,0.96,1,0.95,0.75,0.8,0.95,0.95,0.85,0.9,1,0.8,0.92,0.96,0.875,0.88,0.8,0.96,1,0.88,0.95,0.95,1,0.8,1,0.85,0.84,0.9,1,0.96,1,0.76,0.9,0.9,0.9,1,0.96,0.6,1,1,1,0.8,0.8125,1,0.96,0.8
0,0.0501532291910952,0.95,0.7,1,0.88,0.9,0.96,1,1,0.75,0.8,0.95,0.95,0.85,0.9,1,0.8,0.92,0.96,0.875,0.88,0.8,1,1,0.88,0.95,0.95,1,0.8,1,0.85,0.84,0.9,1,0.96,1,0.76,0.9,0.9,0.9,0.9375,0.96,0.6,1,1,1,0.8,0.8125,1,0.96,0.8
0,0.0456977545378501,0.95,0.7,1,0.88,0.9,0.96,1,1,0.75,0.8,1,0.95,0.85,0.9,1,0.8,0.92,0.96,0.875,0.88,0.8,1,1,0.88,0.95,0.95,1,0.8,1,0.85,0.84,0.9,1,0.96,1,0.8,0.9,0.9,0.9,0.9375,0.96,0.6,1,1,1,0.8,0.8125,1,0.96,0.8
0,0.0416380919729966,0.95,0.7,1,0.88,0.9,0.96,1,1,0.75,0.8,1,0.95,0.85,0.9,1,0.8,0.92,0.96,0.9375,0.88,0.8,1,1,0.88,0.95,0.95,1,0.8,1,0.85,0.84,0.9,1,0.96,1,0.8,0.9,0.9,0.9,0.9375,1,0.6,1,1,1,0.8,0.8125,1,0.96,0.8
0,0.0379390786415058,0.95,0.7,1,0.88,0.9,0.96,1,1,0.8,0.8,1,0.95,0.85,0.9,1,0.8,0.92,0.96,0.9375,0.88,0.8,1,1,0.88,0.95,0.95,1,0.8,1,0.85,0.84,0.9,1,0.96,1,0.8,0.9,0.9,0.9,0.9375,1,0.6,1,1,1,0.8,0.8125,1,0.96,0.8
0,0.0345686754594767,0.95,0.7,1,0.92,0.9,0.96,1,1,0.8,0.8,1,0.95,0.85,0.9,1,0.8,0.92,0.96,0.9375,0.88,0.8,1,1,0.88,1,0.95,1,0.8,1,0.85,0.84,0.9,1,0.96,1,0.8,0.9,0.9,0.9,0.9375,1,0.6,1,1,1,0.8,0.8125,1,0.96,0.8
0,0.0314976896069187,0.95,0.7,1,0.92,0.9,0.96,1,1,0.8,0.8,1,0.95,0.85,0.9,1,0.9,0.92,0.96,0.9375,0.88,0.8,1,1,0.88,1,0.95,1,0.8,1,0.85,0.84,0.9,1,0.96,1,0.8,0.9,0.9,0.9,0.9375,1,0.6,1,1,1,0.8,0.8125,1,0.96,0.8
0,0.0286995216735102,0.95,0.7,1,0.92,0.9,0.96,1,1,0.85,0.8,1,0.95,0.85,0.9,1,0.9,0.92,0.96,0.9375,0.88,0.8,1,1,0.88,1,0.95,1,0.8,1,0.85,0.84,0.9,1,0.96,1,0.8,0.9,0.9,0.9,0.9375,1,0.6,1,1,1,0.8,0.8125,1,0.96,0.8
0,0.0261499352672318,0.95,0.7,1,0.92,0.9,0.96,1,1,0.85,0.8,1,0.95,0.85,0.9,1,0.9,0.92,0.96,0.9375,0.88,0.8,1,1,0.88,1,0.95,1,0.8,1,0.85,0.84,0.9,1,0.96,1,0.8,0.9,0.9,0.9,0.9375,1,0.6,1,1,1,0.85,0.8125,1,0.96,0.8
0,0.0238268470903326,0.95,0.7,1,0.92,0.9,0.96,1,1,0.85,0.8,1,0.95,0.85,0.9,1,0.9,0.92,0.96,0.9375,0.88,0.8,1,1,0.88,1,0.95,1,0.8,1,0.85,0.84,0.9,1,0.96,1,0.8,0.9,0.9,0.9,0.9375,1,0.6,1,1,1,0.85,0.8125,1,0.96,0.8
0,0.0217101356643697,0.95,0.7,1,0.92,0.9,0.96,1,1,0.85,0.8,1,0.95,0.85,0.9,1,0.9,0.92,0.96,0.9375,0.88,0.8,1,1,0.88,1,0.95,1,0.8,1,0.85,0.84,0.9,1,0.96,1,0.8,0.9,0.9,0.9,0.9375,1,0.6,1,1,1,0.9,0.8125,1,0.96,0.8
0,0.0197814670475883,0.95,0.7,1,0.92,0.9,0.96,1,1,0.85,0.8,1,0.95,0.85,0.9,1,0.9,0.92,0.96,0.9375,0.88,0.8,1,1,0.88,1,1,1,0.8,1,0.85,0.84,0.9,1,0.96,1,0.84,0.9,0.9,0.9,0.9375,1,0.6,1,1,1,0.9,0.8125,1,0.96,0.8
0,0.0180241360350883,0.95,0.7,1,0.92,0.95,0.96,1,1,0.85,0.8,1,0.95,0.85,0.9,1,0.9,0.92,0.96,0.9375,0.88,0.8,1,1,0.88,1,1,1,0.8,1,0.85,0.84,0.9,1,0.96,1,0.84,0.9,0.9,0.9,0.9375,1,0.6,1,1,1,0.9,0.8125,1,0.96,0.8
0,0.0164229214663316,0.95,0.7,1,0.92,0.95,0.96,1,1,0.85,0.8,1,0.95,0.85,0.9,1,0.95,0.92,0.96,0.9375,0.88,0.8,1,1,0.88,1,1,1,0.8,0.95,0.85,0.84,0.95,1,0.96,1,0.88,0.9,0.9,0.9,0.9375,1,0.6,1,1,1,0.9,0.8125,1,0.96,0.8
0,0.0149639543867309,0.95,0.7,1,0.92,0.95,0.96,1,1,0.85,0.8,1,0.95,0.85,0.9,1,0.95,0.92,0.92,0.9375,0.88,0.8,1,1,0.88,1,1,1,0.8,0.95,0.85,0.84,0.95,1,0.96,1,0.88,0.9,0.9,0.9,0.9375,1,0.6,1,1,1,0.9,0.8125,1,0.96,0.8
0.1,1.49639543867309,0.25,0.4,0.875,0.4,1,0.52,0.625,0.55,0.45,0.55,0.55,0.8,0.75,0.4,0.525,0.525,0.4,0.28,0.5,0.64,0.575,0.68,0.875,0.56,0.425,0.45,0.2,0.72,0.6,0.7,0.68,0.65,0.9,0.6,0.55,0.48,0.35,0.35,0.7,0.625,0.36,0.55,0.55,0.5,0.6,0.75,0.9375,0.75,0.64,0.6
0.1,1.36345979214002,0.45,0.45,0.95,0.8,1,0.76,1,0.6,0.5,0.6,0.6,0.6,0.7,0.55,0.95,0.55,0.8,0.28,0.5625,0.64,0.95,0.68,0.8125,0.6,0.75,0.5,0.25,0.72,0.7,0.75,0.6,0.65,0.7,0.8,0.7,0.56,0.55,0.6,0.7,0.75,0.36,0.65,0.55,0.8,0.6,0.6,0.9375,0.65,0.88,0.72
0.1,1.24233378205895,0.5,0.55,1,0.92,1,0.72,1,0.6,0.6,0.7,0.7,0.75,0.65,0.6,0.95,0.6,0.84,0.44,0.625,0.72,0.95,0.84,0.6875,0.76,0.95,0.5,0.55,0.88,0.8,0.75,0.6,0.65,0.75,0.8,0.8,0.6,0.7,0.65,0.8,0.8125,0.4,0.7,0.7,0.7,0.9,0.6,0.9375,0.7,0.84,0.68
0.1,1.13196827287621,0.65,0.55,1,0.96,1,0.72,1,0.5,0.65,0.7,0.7,0.85,0.65,0.65,0.95,0.55,0.84,0.6,0.8125,0.72,1,0.88,0.6875,0.8,0.95,0.65,0.7,0.88,0.85,0.8,0.64,0.65,0.9,0.92,0.85,0.56,0.85,0.7,0.85,0.875,0.56,0.7,0.9,0.75,1,0.65,1,0.75,0.8,0.68
0.1,1.03140733134918,0.75,0.7,1,0.96,1,0.72,1,0.65,0.7,0.8,0.7,0.9,0.75,0.75,1,0.55,0.84,0.88,0.8125,0.76,1,0.76,0.8125,0.84,1,0.7,0.75,0.92,1,0.85,0.64,0.65,0.95,0.92,0.85,0.64,0.85,0.7,0.85,0.9375,0.64,0.7,0.9,0.75,1,0.7,0.9375,0.75,0.8,0.8
0.1,0.93977994670984,0.8,0.7,1,0.96,1,0.72,1,0.65,0.7,0.8,0.7,0.9,0.75,0.85,1,0.55,0.96,0.88,0.8125,0.8,1,0.76,0.8125,0.8,1,0.8,0.75,0.92,1,0.85,0.72,0.65,0.95,1,0.85,0.68,0.85,0.75,0.85,0.9375,0.64,0.7,0.9,0.85,1,0.75,0.9375,0.75,0.8,0.88
0.1,0.856292486386205,0.8,0.7,1,0.96,0.95,0.76,1,0.65,0.7,0.85,0.75,0.9,0.8,0.9,1,0.6,0.96,0.88,0.8125,0.84,1,0.84,0.8125,0.84,1,0.8,0.8,0.92,1,0.85,0.72,0.65,0.95,1,0.9,0.68,0.85,0.8,0.85,0.9375,0.72,0.7,1,0.85,1,0.75,0.875,0.8,0.8,0.84
0.1,0.78022182193664,0.85,0.7,1,0.92,0.9,0.8,1,0.65,0.7,0.85,0.75,0.95,0.8,0.9,1,0.65,0.96,0.88,0.8125,0.84,1,0.88,0.8125,0.84,1,0.8,0.85,0.92,1,0.85,0.76,0.7,0.95,1,0.95,0.72,0.85,0.85,0.95,0.9375,0.76,0.7,1,0.9,1,0.75,0.875,0.85,0.8,0.8
0.1,0.710909065657237,0.85,0.7,1,0.88,0.9,0.84,1,0.65,0.7,0.95,0.75,0.95,0.8,0.95,1,0.7,0.96,0.88,0.875,0.84,1,0.88,0.8125,0.84,1,0.8,0.9,0.92,1,0.85,0.8,0.7,0.95,1,0.95,0.72,0.9,0.85,0.95,0.9375,0.76,0.7,1,0.95,1,0.75,0.875,0.9,0.84,0.8
0.1,0.647753863611736,0.85,0.7,1,0.88,0.9,0.84,1,0.65,0.7,0.9,0.75,0.95,0.8,0.95,1,0.7,0.96,0.88,0.875,0.84,1,0.88,0.8125,0.84,1,0.8,0.9,0.88,1,0.85,0.8,0.7,0.95,1,1,0.72,0.9,0.85,0.9,1,0.8,0.7,1,0.95,1,0.75,0.875,1,0.88,0.8
0.1,0.590209195652926,0.85,0.7,1,0.88,0.9,0.84,1,0.7,0.7,0.85,0.75,0.95,0.75,0.95,1,0.7,0.96,0.92,0.875,0.84,1,0.92,0.875,0.84,1,0.8,0.9,0.84,1,0.85,0.76,0.7,0.95,1,1,0.72,0.9,0.85,0.9,1,0.8,0.7,1,1,1,0.75,0.875,1,0.88,0.8
0.1,0.537776637395826,0.9,0.7,1,0.88,0.9,0.88,1,0.7,0.75,0.8,0.8,0.95,0.75,0.95,1,0.75,0.92,0.92,0.875,0.84,1,0.92,0.875,0.84,1,0.8,0.9,0.84,1,0.85,0.76,0.75,0.95,1,1,0.68,0.9,0.85,0.9,1,0.84,0.65,1,1,1,0.75,0.875,1,0.88,0.84
0.1,0.490002043104101,0.9,0.7,1,0.88,0.9,0.88,1,0.7,0.75,0.8,0.8,0.95,0.75,0.95,1,0.75,0.92,0.92,0.875,0.84,1,0.92,0.875,0.84,1,0.8,0.9,0.8,1,0.85,0.76,0.75,0.95,1,1,0.68,0.9,0.85,0.9,1,0.84,0.65,1,1,1,0.75,0.875,1,0.88,0.8
0.1,0.446471612096953,0.9,0.7,1,0.88,0.85,0.88,1,0.7,0.75,0.8,0.85,0.95,0.8,0.95,1,0.75,0.92,0.96,0.875,0.84,0.95,0.92,0.875,0.88,1,0.8,0.9,0.8,1,0.85,0.76,0.75,0.95,1,1,0.68,0.9,0.9,0.9,1,0.84,0.65,1,1,1,0.75,0.875,1,0.88,0.8
0.1,0.406808304605586,0.9,0.7,1,0.88,0.85,0.88,1,0.7,0.75,0.8,0.85,0.95,0.8,0.95,1,0.75,0.92,0.96,0.875,0.84,0.9,0.92,0.875,0.88,1,0.8,0.9,0.8,1,0.85,0.76,0.75,0.95,1,1,0.68,0.9,0.9,0.9,1,0.84,0.65,1,1,1,0.75,0.875,1,0.88,0.8
0.1,0.370668576035095,0.9,0.7,1,0.88,0.85,0.88,1,0.7,0.75,0.8,0.85,0.95,0.8,0.95,1,0.75,0.92,0.96,0.875,0.84,0.9,0.92,0.875,0.88,0.95,0.85,0.9,0.8,1,0.85,0.76,0.75,0.95,1,1,0.68,0.9,0.9,0.9,1,0.84,0.65,1,1,1,0.75,0.875,1,0.92,0.8
0.1,0.337739401345541,0.9,0.7,1,0.88,0.85,0.88,1,0.7,0.75,0.8,0.85,0.95,0.8,0.95,1,0.75,0.92,0.96,0.875,0.84,0.9,0.92,0.875,0.88,0.95,0.85,0.9,0.8,1,0.85,0.76,0.75,0.95,1,1,0.68,0.9,0.9,0.9,1,0.84,0.65,1,1,1,0.75,0.875,1,0.92,0.8
0.1,0.307735563778798,0.9,0.7,1,0.88,0.8,0.88,1,0.7,0.75,0.8,0.85,0.95,0.8,0.95,1,0.75,0.92,0.96,0.875,0.88,0.85,0.92,0.875,0.88,0.95,0.85,0.9,0.8,1,0.85,0.76,0.75,0.95,1,1,0.68,0.9,0.9,0.9,1,0.84,0.65,1,1,1,0.75,0.8125,1,0.92,0.8
0.1,0.280397184447444,0.9,0.7,1,0.88,0.8,0.88,1,0.75,0.8,0.8,0.85,0.95,0.8,0.9,1,0.75,0.88,0.96,0.875,0.88,0.85,0.96,0.875,0.88,0.95,0.85,0.9,0.76,1,0.85,0.76,0.75,0.95,1,1,0.68,0.9,0.9,0.9,1,0.84,0.65,1,1,1,0.75,0.8125,1,0.92,0.8
0.1,0.255487471388156,0.9,0.7,1,0.88,0.85,0.88,1,0.75,0.8,0.8,0.85,0.95,0.8,0.9,1,0.75,0.88,0.96,0.875,0.88,0.85,0.96,0.875,0.88,0.95,0.85,0.9,0.76,1,0.85,0.76,0.75,0.95,1,1,0.68,0.9,0.9,0.95,1,0.84,0.65,1,1,1,0.7,0.8125,1,0.92,0.8
0.1,0.23279066858301,0.9,0.7,1,0.88,0.85,0.88,1,0.75,0.8,0.8,0.85,0.95,0.8,0.9,1,0.75,0.88,0.96,0.875,0.88,0.85,0.96,0.875,0.84,0.95,0.85,0.9,0.76,1,0.85,0.8,0.75,0.95,1,1,0.68,0.9,0.9,0.9,1,0.84,0.65,1,1,1,0.7,0.8125,1,0.92,0.8
0.1,0.212110187184062,0.9,0.7,1,0.88,0.85,0.96,1,0.75,0.8,0.8,0.85,0.95,0.8,0.9,1,0.75,0.88,0.96,0.875,0.88,0.85,0.96,0.875,0.84,0.95,0.85,0.9,0.76,1,0.85,0.8,0.75,0.95,1,1,0.68,0.9,0.9,0.9,1,0.84,0.65,1,1,1,0.7,0.8125,1,0.92,0.8
0.1,0.193266902754803,0.9,0.7,1,0.88,0.8,0.96,1,0.8,0.8,0.8,0.85,0.95,0.8,0.9,1,0.75,0.84,0.96,0.875,0.92,0.85,0.96,0.875,0.84,0.95,0.85,0.9,0.76,1,0.85,0.8,0.75,0.95,1,1,0.68,0.9,0.9,0.9,1,0.84,0.65,1,1,1,0.7,0.8125,1,0.92,0.8
0.1,0.17609760377997,0.9,0.7,1,0.88,0.8,0.96,1,0.8,0.8,0.8,0.85,0.95,0.8,0.9,1,0.75,0.84,0.96,0.875,0.92,0.85,0.96,0.875,0.84,0.95,0.85,0.95,0.76,1,0.85,0.8,0.75,0.95,0.96,1,0.68,0.9,0.9,0.9,1,0.88,0.65,1,1,1,0.7,0.8125,1,0.92,0.8
0.1,0.160453578005491,0.9,0.7,1,0.88,0.8,0.96,1,0.8,0.8,0.8,0.85,0.95,0.8,0.9,1,0.75,0.84,0.96,0.875,0.92,0.85,0.96,0.875,0.84,0.95,0.85,0.95,0.76,1,0.85,0.8,0.8,0.95,0.96,1,0.68,0.9,0.9,0.9,1,0.88,0.65,1,1,1,0.7,0.8125,1,0.92,0.8
0.1,0.146199324364075,0.9,0.7,1,0.88,0.8,0.96,1,0.8,0.8,0.8,0.85,0.95,0.8,0.9,1,0.75,0.84,0.96,0.875,0.92,0.85,0.96,0.875,0.84,0.95,0.85,0.95,0.76,1,0.85,0.8,0.8,0.95,0.96,1,0.68,0.9,0.9,0.9,1,0.88,0.65,1,1,1,0.7,0.8125,1,0.92,0.8
0.1,0.133211379329793,0.9,0.7,1,0.88,0.8,0.96,1,0.8,0.8,0.8,0.85,0.95,0.8,0.9,1,0.75,0.84,0.96,0.875,0.92,0.85,0.96,0.9375,0.84,0.95,0.85,0.95,0.76,1,0.85,0.8,0.8,0.95,0.96,1,0.68,0.9,0.9,0.9,1,0.88,0.65,1,1,1,0.7,0.8125,1,0.92,0.8
0.1,0.12137724753608,0.9,0.7,1,0.88,0.8,0.96,1,0.8,0.8,0.8,0.95,0.95,0.8,0.9,1,0.75,0.84,0.96,0.875,0.92,0.85,0.96,0.9375,0.84,0.95,0.85,0.95,0.76,1,0.85,0.8,0.8,0.95,0.96,1,0.68,0.9,0.9,0.9,1,0.88,0.65,1,1,1,0.7,0.8125,1,0.92,0.8
0.1,0.110594427394687,0.9,0.7,1,0.88,0.8,0.96,1,0.8,0.8,0.8,0.95,0.95,0.8,0.9,1,0.8,0.84,0.96,0.875,0.92,0.85,0.96,1,0.84,0.95,0.85,0.95,0.76,1,0.85,0.8,0.8,0.95,0.96,1,0.68,0.9,0.9,0.9,1,0.88,0.65,1,1,1,0.7,0.8125,1,0.92,0.8
0.1,0.100769523275957,0.9,0.7,1,0.88,0.8,0.96,1,0.8,0.8,0.8,0.95,0.95,0.8,0.9,1,0.8,0.84,0.96,0.875,0.92,0.8,0.96,1,0.84,0.95,0.85,0.95,0.76,1,0.85,0.8,0.85,0.95,0.96,1,0.68,0.9,0.9,0.9,1,0.88,0.65,1,1,1,0.7,0.8125,1,0.92,0.8
0.1,0.091817436560565,0.9,0.7,1,0.88,0.8,0.96,1,0.8,0.8,0.8,0.95,0.95,0.8,0.9,1,0.8,0.84,0.96,0.875,0.92,0.8,0.96,1,0.84,0.95,0.9,0.95,0.76,1,0.85,0.8,0.85,0.95,0.96,1,0.68,0.9,0.9,0.9,1,0.88,0.65,1,1,1,0.7,0.8125,1,0.92,0.8
0.1,0.0836606285559835,0.9,0.7,1,0.88,0.8,0.96,1,0.8,0.8,0.8,0.95,0.95,0.8,0.9,1,0.8,0.84,0.96,0.875,0.88,0.8,0.96,1,0.84,0.95,0.9,0.95,0.76,1,0.85,0.8,0.85,0.95,0.96,1,0.72,0.85,0.9,0.9,1,0.88,0.65,1,1,1,0.7,0.8125,1,0.92,0.8
0.1,0.0762284488934241,0.9,0.7,1,0.88,0.8,0.96,1,0.85,0.8,0.8,0.95,0.95,0.8,0.9,1,0.8,0.84,0.96,0.875,0.88,0.8,0.96,1,0.84,0.95,0.9,0.95,0.76,1,0.85,0.8,0.85,0.95,0.96,1,0.72,0.85,0.9,0.9,1,0.88,0.65,1,1,1,0.7,0.8125,1,0.92,0.8
0.1,0.069456523588141,0.9,0.7,1,0.88,0.85,0.96,1,0.9,0.8,0.8,0.95,0.95,0.8,0.9,1,0.8,0.84,0.96,0.875,0.88,0.8,0.96,1,0.84,0.95,0.9,0.95,0.76,1,0.85,0.8,0.85,0.95,0.96,1,0.72,0.85,0.9,0.9,1,0.88,0.65,1,1,1,0.7,0.8125,1,0.96,0.8
0.1,0.0632861974627711,0.9,0.7,1,0.88,0.85,0.96,1,0.9,0.8,0.8,0.95,0.95,0.8,0.9,1,0.8,0.84,0.96,0.875,0.88,0.8,0.96,1,0.84,0.95,0.9,0.95,0.76,1,0.85,0.84,0.9,0.95,0.96,1,0.76,0.85,0.9,0.9,1,0.92,0.65,1,1,1,0.8,0.8125,1,0.96,0.8
0.1,0.0576640261042476,0.9,0.7,1,0.88,0.85,0.96,1,0.9,0.8,0.8,0.95,0.95,0.85,0.9,1,0.8,0.84,0.96,0.875,0.88,0.8,0.96,1,0.84,1,0.95,0.95,0.76,1,0.85,0.84,0.9,1,0.96,1,0.76,0.85,0.9,0.9,0.9375,0.92,0.65,1,1,1,0.8,0.8125,1,0.96,0.8
0.1,0.0525413129538617,0.9,0.7,1,0.88,0.9,0.96,1,0.9,0.8,0.8,0.95,0.95,0.85,0.9,1,0.8,0.88,0.96,0.875,0.88,0.8,1,1,0.84,1,0.95,1,0.76,1,0.85,0.84,0.9,1,0.96,1,0.76,0.85,0.9,0.9,0.9375,0.92,0.6,1,1,1,0.8,0.8125,1,0.96,0.8
0.1,0.0478736875209671,0.9,0.7,1,0.88,0.9,0.96,1,1,0.8,0.8,0.95,0.95,0.85,0.9,1,0.85,0.92,0.96,0.875,0.88,0.8,1,1,0.84,1,0.95,1,0.76,1,0.85,0.84,0.9,1,0.96,1,0.76,0.9,0.9,0.9,0.9375,0.92,0.6,1,1,1,0.8,0.8125,1,0.96,0.8
0.1,0.0436207210670161,0.9,0.7,1,0.88,0.9,0.96,1,1,0.85,0.8,1,0.95,0.85,0.9,1,0.85,0.92,0.96,0.875,0.88,0.8,1,1,0.84,1,0.95,1,0.76,1,0.85,0.84,0.9,1,0.96,1,0.76,0.9,0.9,0.9,0.9375,0.92,0.6,1,1,1,0.8,0.8125,1,0.96,0.8
0.1,0.0397455764311674,0.95,0.7,1,0.88,0.9,0.96,1,1,0.85,0.8,1,0.95,0.85,0.9,1,0.85,0.92,0.96,0.875,0.88,0.8,1,1,0.84,1,0.95,1,0.76,1,0.85,0.84,0.9,1,0.96,1,0.76,0.9,0.9,0.9,0.9375,0.92,0.6,1,1,1,0.8,0.8125,1,0.96,0.8
0.1,0.0362146889644213,0.95,0.7,1,0.88,0.9,0.96,1,1,0.85,0.8,1,0.95,0.85,0.9,1,0.9,0.92,0.96,0.875,0.88,0.85,1,1,0.84,1,0.95,1,0.76,1,0.85,0.84,0.9,1,0.96,1,0.8,0.9,0.9,0.9,0.9375,1,0.6,1,1,1,0.8,0.8125,1,0.96,0.8
0.1,0.0329974758086873,0.95,0.7,1,0.88,0.9,0.96,1,1,0.85,0.8,1,0.95,0.85,0.95,1,0.9,0.92,0.96,0.875,0.88,0.85,1,1,0.88,1,0.95,1,0.76,1,0.85,0.84,0.9,1,0.96,1,0.8,0.9,0.9,0.9,0.9375,1,0.6,1,1,1,0.8,0.8125,1,0.96,0.8
0.1,0.0300660710026977,0.95,0.7,1,0.88,0.9,0.96,1,1,0.85,0.8,1,0.95,0.85,0.95,1,0.9,0.92,0.96,0.9375,0.88,0.85,1,1,0.88,1,0.95,1,0.76,1,0.85,0.84,0.9,1,0.96,1,0.8,0.9,0.9,0.9,0.9375,1,0.6,1,1,1,0.8,0.8125,1,0.96,0.8
0.1,0.027395084120382,0.95,0.7,1,0.88,0.9,0.96,1,1,0.85,0.8,1,0.95,0.85,0.95,1,0.9,0.92,0.96,0.9375,0.88,0.85,1,1,0.88,1,0.95,1,0.76,1,0.85,0.84,0.9,1,0.96,1,0.8,0.9,0.9,0.9,0.9375,1,0.6,1,1,1,0.85,0.8125,1,0.96,0.8
0.1,0.024961380351143,0.95,0.7,1,0.92,0.9,0.96,1,1,0.85,0.8,1,0.95,0.85,0.95,1,0.9,0.92,0.96,0.9375,0.88,0.85,1,1,0.88,1,0.95,1,0.76,1,0.85,0.84,0.9,1,0.96,1,0.8,0.9,0.9,0.9,0.9375,1,0.6,1,1,1,0.85,0.8125,1,0.96,0.8
0.1,0.0227438801171944,0.95,0.7,1,0.92,0.9,0.96,1,1,0.9,0.8,1,0.95,0.85,0.95,1,0.9,0.92,0.96,0.9375,0.88,0.85,1,1,0.88,1,0.95,1,0.76,1,0.85,0.84,0.95,1,0.96,1,0.8,0.9,0.9,0.9,0.9375,1,0.6,1,1,1,0.85,0.8125,1,0.96,0.8
0.1,0.0207233764923432,0.95,0.7,1,0.92,0.9,0.96,1,1,0.9,0.8,1,0.95,0.85,0.95,1,0.9,0.92,0.96,0.9375,0.88,0.85,1,1,0.88,1,1,1,0.76,1,0.85,0.84,0.95,1,0.96,1,0.84,0.9,0.9,0.9,0.9375,1,0.6,1,1,1,0.9,0.8125,1,0.96,0.8
0.1,0.0188823688407823,0.95,0.7,1,0.92,0.9,0.96,1,1,0.9,0.8,1,0.95,0.85,0.95,1,0.9,0.92,0.96,0.9375,0.88,0.85,1,1,0.88,1,1,1,0.76,1,0.85,0.84,0.95,1,0.96,1,0.84,0.9,0.9,0.9,0.9375,1,0.6,1,1,1,0.9,0.8125,1,0.96,0.8
0.1,0.0172049112349565,0.95,0.7,1,0.92,0.95,1,1,1,0.9,0.8,1,0.95,0.85,0.95,1,0.95,0.92,0.96,0.9375,0.88,0.85,1,1,0.88,1,1,1,0.76,1,0.85,0.84,0.95,1,0.96,1,0.84,0.9,0.9,0.9,0.9375,1,0.6,1,1,1,0.9,0.8125,1,0.96,0.8
0.1,0.0156764743395653,0.95,0.7,1,0.92,0.95,1,1,1,0.85,0.8,1,0.95,0.85,0.95,1,0.95,0.92,0.96,0.9375,0.88,0.8,1,1,0.88,1,1,1,0.76,1,0.85,0.84,0.95,1,0.96,1,0.84,0.9,0.9,0.9,0.9375,1,0.6,1,1,1,0.9,0.8125,1,0.96,0.8
0.1,0.014283819565412,0.95,0.7,1,0.92,0.95,1,1,1,0.85,0.8,1,0.95,0.85,0.95,1,0.95,0.92,0.92,0.9375,0.88,0.8,1,1,0.88,1,1,1,0.76,1,0.85,0.84,0.95,1,0.96,1,0.88,0.9,0.9,0.9,0.9375,1,0.6,1,1,1,0.9,0.8125,1,0.96,0.8
0.1,0.0130148844030772,0.95,0.7,1,0.92,0.95,1,1,1,0.85,0.8,1,0.95,0.85,0.95,1,0.95,0.92,0.92,0.9375,0.88,0.8,1,1,0.88,1,1,1,0.76,0.95,0.85,0.84,0.95,1,0.96,1,0.92,0.9,0.9,0.9,0.9375,1,0.6,1,1,1,0.9,0.8125,1,0.96,0.8
0.1,0.0118586779432323,0.95,0.7,1,0.92,0.95,1,1,1,0.85,0.8,1,0.95,0.85,0.95,1,0.95,0.92,0.92,0.9375,0.88,0.8,1,1,0.88,1,1,1,0.76,0.95,0.85,0.84,0.95,1,0.96,1,0.92,0.9,0.9,0.9,0.9375,1,0.6,1,1,1,0.9,0.8125,1,0.96,0.8
0.1,0.0108051856786415,0.95,0.7,1,0.92,0.95,1,1,1,0.85,0.8,1,0.95,0.85,0.95,1,0.95,0.92,0.92,0.9375,0.88,0.8,1,1,0.84,1,1,1,0.76,0.95,0.85,0.84,0.95,1,0.96,1,0.92,0.9,0.9,0.9,0.9375,1,0.6,1,1,1,0.9,0.8125,1,0.96,0.8
0.1,0.00984528276329061,0.95,0.7,1,0.92,0.95,1,1,1,0.85,0.8,1,0.95,0.85,0.95,1,0.95,0.92,0.92,0.9375,0.88,0.8,1,1,0.84,1,1,1,0.76,0.95,0.85,0.84,0.95,1,0.96,1,0.92,0.9,0.9,0.9,0.9375,1,0.6,1,1,1,0.9,0.8125,1,0.96,0.8
0.1,0.00897065497733619,0.95,0.7,1,0.92,0.95,1,1,1,0.85,0.8,1,0.95,0.85,0.95,1,0.95,0.92,0.92,0.9375,0.88,0.8,1,1,0.84,1,1,1,0.76,0.95,0.85,0.84,0.95,1,0.96,1,0.92,0.9,0.9,0.9,0.9375,1,0.6,1,1,1,0.9,0.8125,1,0.96,0.8
0.1,0.00817372671331078,0.95,0.7,1,0.92,0.95,1,1,1,0.85,0.8,1,0.95,0.85,0.95,1,0.95,0.92,0.92,0.9375,0.88,0.8,1,1,0.84,1,1,1,0.76,0.95,0.85,0.84,0.95,1,0.96,1,0.92,0.9,0.9,0.9,0.9375,1,0.6,1,1,1,0.9,0.8125,1,0.96,0.8
0.1,0.00744759535983505,0.95,0.7,1,0.92,0.95,1,1,1,0.85,0.8,1,0.95,0.85,0.95,1,0.95,0.92,0.92,0.9375,0.88,0.8,1,1,0.84,1,1,1,0.76,0.95,0.85,0.84,0.95,1,0.96,1,0.96,0.9,0.9,0.9,0.9375,1,0.6,1,1,1,0.9,0.8125,1,0.96,0.8
0.1,0.00678597151450023,0.95,0.7,1,0.92,0.95,1,1,1,0.85,0.8,1,0.95,0.85,0.9,1,0.95,0.92,0.92,0.9375,0.88,0.8,1,1,0.84,1,1,1,0.76,0.95,0.85,0.84,0.95,1,0.96,1,0.96,0.95,0.9,0.9,0.9375,1,0.6,1,1,1,0.9,0.8125,1,0.96,0.8
0.1,0.00618312450807323,0.95,0.7,1,0.92,0.95,1,1,1,0.9,0.8,1,0.95,0.85,0.9,1,0.95,0.92,0.92,0.9375,0.88,0.8,1,1,0.84,1,1,1,0.76,0.95,0.85,0.84,0.95,1,0.96,1,0.96,0.95,0.9,0.9,0.9375,1,0.65,1,1,1,0.9,0.8125,1,0.96,0.8
0.1,0.00563383276818124,0.95,0.7,1,0.92,0.95,1,1,1,0.9,0.8,1,0.95,0.85,0.9,1,0.95,0.92,0.92,0.9375,0.88,0.8,1,1,0.84,1,1,1,0.76,0.95,0.85,0.84,0.95,1,0.96,1,0.96,0.95,0.9,0.9,0.9375,1,0.65,1,1,1,0.9,0.8125,1,0.96,0.8
0.1,0.00513333859254977,0.95,0.7,1,0.92,0.95,1,1,1,0.9,0.8,1,0.95,0.85,0.9,1,0.95,0.96,0.92,0.9375,0.88,0.8,1,1,0.88,1,1,1,0.8,0.95,0.85,0.84,0.95,1,0.96,1,0.96,0.95,0.9,0.9,0.9375,1,0.65,1,1,1,0.9,0.8125,1,0.96,0.8
0.1,0.00467730694006166,0.95,0.7,1,0.92,0.95,1,1,1,0.9,0.8,1,0.95,0.85,0.9,1,0.95,0.96,0.92,0.9375,0.92,0.8,1,1,0.88,1,1,1,0.8,0.95,0.85,0.84,0.95,1,0.96,1,0.96,0.95,0.9,0.9,0.9375,1,0.7,1,1,1,0.9,0.8125,1,0.96,0.8
0.1,0.00426178788270468,0.95,0.7,1,0.92,0.95,1,1,1,0.9,0.8,1,0.95,0.85,0.9,1,0.95,0.96,0.92,0.9375,0.92,0.8,1,1,0.88,1,1,1,0.8,1,0.85,0.84,0.95,1,0.96,1,0.96,0.95,0.9,0.9,0.9375,1,0.7,1,1,1,0.9,0.8125,1,0.96,0.8
0.1,0.00388318239318479,0.95,0.7,1,0.92,0.95,1,1,1,0.9,0.8,1,0.95,0.85,0.9,1,0.95,0.96,0.92,0.9375,0.92,0.8,1,1,0.88,1,1,1,0.8,1,0.85,0.84,0.95,1,0.96,1,0.96,0.95,0.9,0.9,0.9375,1,0.7,1,1,1,0.9,0.8125,1,0.96,0.8
0.1,0.0035382111718734,0.95,0.7,1,0.92,0.95,1,1,1,0.9,0.8,1,0.95,0.85,0.9,1,0.95,0.96,0.92,0.9375,0.92,0.75,1,1,0.88,1,1,1,0.84,1,0.85,0.84,0.95,1,0.96,1,0.96,0.95,0.9,0.9,0.9375,1,0.7,1,1,1,0.9,0.8125,1,0.96,0.8
0.1,0.00322388624308278,0.95,0.7,1,0.92,1,1,1,1,0.9,0.8,1,0.95,0.85,0.9,1,0.95,0.96,0.92,0.9375,0.92,0.75,1,1,0.88,1,1,1,0.84,1,0.85,0.84,0.95,1,0.96,1,0.96,0.95,0.9,0.9,0.9375,1,0.7,1,1,1,0.9,0.8125,1,0.96,0.8
0.1,0.00293748507465012,0.95,0.7,1,0.96,1,1,1,1,0.9,0.8,1,0.95,0.85,0.9,1,0.95,0.96,0.92,0.9375,0.92,0.75,1,1,0.88,1,1,1,0.84,1,0.85,0.84,0.95,1,0.96,1,0.96,0.95,0.9,0.9,0.9375,1,0.7,1,1,1,0.9,0.8125,1,0.96,0.8
0.1,0.00267652699666631,0.95,0.7,1,0.96,1,1,1,1,0.9,0.8,1,0.95,0.9,0.85,1,0.95,0.96,0.92,0.9375,0.96,0.75,1,1,0.88,0.95,1,1,0.84,1,0.85,0.84,0.95,1,0.96,1,0.96,0.95,0.9,0.9,0.9375,1,0.75,1,1,1,0.9,0.8125,1,0.96,0.8
0.1,0.00243875171509999,0.95,0.65,1,0.96,1,1,1,1,0.9,0.8,1,0.95,0.9,0.85,1,0.95,0.96,0.92,0.9375,0.96,0.75,1,1,0.84,0.95,1,1,0.84,1,0.85,0.84,0.95,1,0.96,1,0.96,0.95,0.9,0.9,0.9375,1,0.8,1,1,1,0.9,0.8125,1,0.96,0.8
0.1,0.00222209973421189,0.95,0.65,1,0.96,1,1,1,1,0.9,0.8,1,0.95,0.9,0.85,1,0.95,0.96,0.88,0.9375,0.96,0.75,1,1,0.84,0.95,1,1,0.84,1,0.85,0.84,0.95,1,0.96,1,0.96,0.95,0.9,0.9,0.9375,1,0.8,1,1,1,0.9,0.8125,1,0.96,0.8
0.1,0.002024694518188,0.95,0.65,1,0.96,1,1,1,1,0.9,0.8,1,0.95,0.9,0.85,1,1,0.96,0.88,0.9375,0.96,0.75,1,1,0.84,0.95,1,1,0.84,1,0.85,0.8,0.95,1,0.96,1,0.96,0.95,0.9,0.9,0.9375,1,0.85,1,1,1,0.9,0.8125,1,0.96,0.8
0.1,0.0018448262374841,0.95,0.65,1,0.96,1,1,1,1,0.9,0.8,1,0.95,0.9,0.85,1,1,0.96,0.88,0.9375,0.96,0.75,1,1,0.84,0.95,1,1,0.84,1,0.85,0.8,0.95,1,0.96,1,0.96,0.95,0.9,0.9,0.9375,1,0.85,1,1,1,0.9,0.8125,1,0.96,0.8
0.1,0.00168093695910018,0.95,0.65,1,0.96,1,1,1,1,0.9,0.8,1,0.95,0.9,0.85,1,1,0.96,0.88,0.9375,0.96,0.75,1,1,0.84,0.95,1,1,0.84,1,0.85,0.8,0.95,1,0.96,1,0.96,0.95,0.9,0.95,0.9375,1,0.85,1,1,1,0.9,0.8125,1,0.96,0.8
0.1,0.00153160715251011,0.95,0.65,1,0.96,1,1,1,1,0.9,0.8,1,0.95,0.9,0.85,1,1,0.96,0.88,0.9375,0.96,0.75,1,1,0.84,0.95,1,1,0.84,1,0.85,0.8,0.95,1,0.96,1,0.96,0.95,0.9,0.95,0.9375,1,0.85,1,1,1,0.9,0.8125,1,0.96,0.8
0.1,0.00139554339436731,0.95,0.65,1,0.96,1,1,1,1,0.9,0.8,1,0.95,0.9,0.85,1,1,0.96,0.88,0.9375,0.92,0.75,1,1,0.84,0.95,1,1,0.84,1,0.85,0.8,0.95,1,0.96,1,0.96,0.95,0.9,0.95,0.9375,1,0.85,1,1,1,0.9,0.8125,1,0.96,0.8
0.1,0.00127156716549048,0.95,0.65,1,0.96,1,1,1,1,0.9,0.8,1,0.95,0.9,0.85,1,1,0.96,0.88,0.9375,0.92,0.75,1,1,0.84,0.95,1,1,0.84,1,0.85,0.8,0.95,1,0.96,1,0.96,0.95,0.9,0.95,0.875,1,0.85,1,1,1,0.9,0.8125,1,0.96,0.8
0.1,0.00115860464309427,0.95,0.65,1,0.96,1,1,1,1,0.9,0.8,1,0.95,0.9,0.85,1,1,0.96,0.88,0.9375,0.92,0.7,1,1,0.84,0.95,1,1,0.88,1,0.85,0.8,0.95,1,0.96,1,0.96,0.95,0.9,0.95,0.875,1,0.85,0.95,1,1,0.95,0.8125,1,0.96,0.8
0.1,0.00105567739984997,0.95,0.65,1,0.96,1,1,1,1,0.9,0.8,1,0.95,0.9,0.85,1,1,0.96,0.88,0.9375,0.92,0.7,1,1,0.84,0.95,1,1,0.88,1,0.85,0.8,0.95,1,0.96,1,0.96,0.95,0.9,0.95,0.875,1,0.85,0.95,1,1,0.95,0.8125,1,0.96,0.8
0.1,0.000961893929216136,0.95,0.65,1,0.92,1,1,1,1,0.9,0.8,1,0.95,0.9,0.85,1,1,0.96,0.88,0.9375,0.92,0.7,1,1,0.84,0.95,1,1,0.88,1,0.85,0.8,0.95,1,0.96,1,0.96,0.95,0.9,0.95,0.875,1,0.85,0.95,1,1,0.95,0.8125,1,0.96,0.8
0.1,0.000876441923635332,0.95,0.65,1,0.92,1,1,1,1,0.9,0.8,1,0.95,0.9,0.85,1,1,0.96,0.88,0.9375,0.92,0.7,1,1,0.84,0.95,1,1,0.88,1,0.85,0.8,0.95,1,0.96,1,0.96,0.95,0.9,0.95,0.875,1,0.85,0.95,1,1,0.95,0.8125,1,0.96,0.8
0.1,0.00079858123871473,0.95,0.65,1,0.92,1,1,1,1,0.9,0.75,1,0.95,0.9,0.9,1,1,0.96,0.88,0.9375,0.92,0.7,1,1,0.84,0.95,1,1,0.88,1,0.85,0.8,0.95,1,0.96,0.95,0.96,0.95,0.9,0.95,0.875,1,0.85,0.95,1,1,0.95,0.8125,1,0.96,0.8
0.1,0.000727637482449435,0.95,0.65,1,0.92,1,1,1,1,0.9,0.75,1,0.95,0.85,0.95,1,1,0.96,0.88,0.9375,0.92,0.7,1,1,0.84,0.95,1,1,0.88,1,0.85,0.8,0.95,1,0.96,0.95,0.96,0.95,0.9,0.95,0.875,1,0.85,0.95,1,1,0.95,0.8125,1,0.96,0.8
0.1,0.000662996173961563,0.95,0.65,1,0.92,1,1,1,1,0.9,0.75,1,0.95,0.85,0.95,1,1,0.96,0.88,0.9375,0.92,0.7,1,1,0.84,0.95,1,1,0.88,1,0.85,0.8,0.95,1,0.96,0.95,0.96,0.95,0.9,0.95,0.875,1,0.85,0.95,1,1,0.95,0.8125,1,0.96,0.8
0.1,0.000604097421160842,0.95,0.65,1,0.92,1,1,1,1,0.9,0.75,1,0.95,0.85,0.95,1,1,0.96,0.88,0.9375,0.92,0.7,1,1,0.84,0.95,1,1,0.92,1,0.85,0.8,0.95,1,0.96,0.95,0.96,0.95,0.9,0.95,0.8125,1,0.85,0.95,1,1,0.95,0.8125,1,0.92,0.76
0.1,0.000550431071227173,0.95,0.65,1,0.92,1,1,1,1,0.9,0.75,1,0.95,0.85,0.95,1,1,0.96,0.88,0.9375,0.92,0.7,1,1,0.84,0.95,1,1,0.92,1,0.9,0.8,0.95,1,0.96,0.95,0.96,0.95,0.9,0.95,0.8125,1,0.85,0.95,1,1,0.95,0.8125,1,0.92,0.76
0.1,0.000501532291910952,0.95,0.65,1,0.92,1,1,1,1,0.9,0.75,1,0.95,0.85,0.95,1,1,0.96,0.88,0.9375,0.92,0.7,1,1,0.84,0.95,1,1,0.92,1,0.9,0.8,0.95,1,0.96,0.95,1,0.95,0.9,0.95,0.8125,1,0.85,0.95,1,1,0.95,0.8125,1,0.96,0.76
0.1,0.000456977545378501,0.95,0.65,1,0.88,1,1,1,1,0.9,0.75,1,0.95,0.85,0.95,1,1,0.96,0.88,0.9375,0.92,0.7,1,1,0.84,0.95,1,1,0.92,1,0.9,0.8,0.95,1,0.96,0.95,1,0.95,0.9,0.95,0.8125,1,0.9,0.95,1,1,0.95,0.8125,1,0.96,0.76
0.1,0.000416380919729966,0.95,0.65,1,0.88,1,1,1,1,0.9,0.75,1,0.9,0.85,0.95,1,1,0.96,0.88,0.9375,0.88,0.7,1,1,0.84,0.95,1,1,0.92,1,0.9,0.8,0.95,1,0.96,0.95,1,0.95,0.9,0.95,0.8125,1,0.9,0.95,1,1,0.95,0.8125,1,0.96,0.72
0.1,0.000379390786415058,0.95,0.65,1,0.84,1,1,1,1,0.9,0.75,1,0.85,0.8,0.95,1,1,0.96,0.88,0.9375,0.88,0.7,1,1,0.84,0.95,1,1,0.92,1,0.9,0.8,0.95,1,0.96,0.95,1,0.95,0.9,0.95,0.8125,1,0.9,0.95,1,1,0.95,0.8125,1,0.96,0.72
0.1,0.000345686754594767,0.95,0.65,1,0.84,1,1,1,1,0.9,0.75,1,0.85,0.8,0.95,1,1,0.96,0.88,0.9375,0.88,0.7,1,1,0.84,0.95,1,1,0.92,1,0.9,0.8,0.95,1,0.96,0.95,1,0.95,0.9,0.95,0.8125,1,0.9,0.95,1,1,0.95,0.8125,1,0.96,0.72
0.1,0.000314976896069187,0.95,0.65,1,0.84,1,1,1,1,0.9,0.75,1,0.85,0.8,0.95,1,1,0.96,0.88,0.9375,0.88,0.7,1,1,0.8,0.95,1,1,0.92,1,0.9,0.8,0.95,1,0.96,0.95,1,0.95,0.9,0.95,0.8125,1,0.9,0.95,1,1,0.95,0.8125,1,1,0.72
0.1,0.000286995216735102,0.95,0.65,1,0.84,1,1,1,1,0.9,0.75,1,0.85,0.8,0.95,1,1,0.96,0.88,0.9375,0.88,0.7,1,1,0.8,0.95,1,1,0.92,1,0.9,0.8,0.95,1,0.96,0.95,1,0.95,0.9,0.95,0.8125,1,0.9,0.95,1,1,0.95,0.8125,1,1,0.72
0.1,0.000261499352672318,0.95,0.65,1,0.84,1,1,1,1,0.9,0.75,1,0.85,0.8,0.95,1,1,0.96,0.88,0.9375,0.88,0.7,1,1,0.8,0.95,1,1,0.92,1,0.9,0.8,0.95,1,0.96,0.95,1,0.95,0.9,0.95,0.8125,1,0.9,0.95,1,1,0.95,0.8125,1,1,0.72
0.1,0.000238268470903326,0.95,0.65,1,0.84,1,1,1,1,0.9,0.75,1,0.85,0.8,0.95,1,1,0.96,0.88,0.9375,0.88,0.7,1,1,0.8,0.95,1,1,0.92,1,0.9,0.8,0.95,1,0.96,0.95,1,0.95,0.9,0.95,0.8125,1,0.9,0.95,1,1,0.95,0.8125,1,1,0.72
0.1,0.000217101356643697,0.95,0.65,1,0.84,1,1,1,1,0.95,0.75,1,0.85,0.8,0.95,1,1,0.96,0.88,0.9375,0.88,0.7,1,1,0.8,0.95,1,1,0.92,1,0.9,0.8,0.95,1,0.96,0.9,1,0.95,0.9,0.95,0.8125,1,0.9,0.95,1,0.95,0.95,0.8125,1,1,0.72
0.1,0.000197814670475883,0.95,0.65,1,0.84,1,1,1,1,0.95,0.75,1,0.85,0.8,0.95,1,1,0.96,0.88,0.9375,0.88,0.7,1,1,0.8,0.95,1,1,0.92,1,0.9,0.8,0.95,1,0.96,0.9,1,0.95,0.95,0.95,0.8125,1,0.9,0.95,1,0.95,0.95,0.8125,1,1,0.72
0.1,0.000180241360350883,0.95,0.65,1,0.84,1,1,1,1,0.95,0.75,1,0.85,0.8,0.9,1,1,0.96,0.88,0.9375,0.88,0.7,1,1,0.8,0.95,1,1,0.92,1,0.9,0.8,0.95,1,0.96,0.9,1,0.95,0.95,0.95,0.8125,1,0.9,0.95,1,0.95,0.95,0.8125,1,1,0.72
0.1,0.000164229214663316,0.95,0.65,1,0.84,1,1,1,1,0.95,0.75,1,0.85,0.8,0.9,1,1,0.96,0.88,0.9375,0.88,0.7,1,1,0.8,0.95,1,1,0.92,1,0.9,0.8,0.95,1,0.96,0.9,1,0.95,0.95,0.95,0.8125,1,0.9,0.95,1,0.95,0.95,0.8125,1,1,0.72
0.1,0.000149639543867309,0.95,0.65,1,0.84,1,1,1,1,0.95,0.75,1,0.85,0.8,0.9,1,1,0.96,0.88,0.9375,0.88,0.7,1,1,0.8,0.95,1,1,0.92,1,0.9,0.8,0.95,1,0.96,0.9,1,0.95,0.95,0.95,0.8125,1,0.9,0.95,1,0.95,0.95,0.8125,1,1,0.72
0.2,0.748197719336544,0.25,0.4,0.875,0.4,1,0.48,0.625,0.55,0.45,0.55,0.55,0.8,0.75,0.4,0.525,0.525,0.4,0.28,0.5,0.72,0.575,0.72,0.875,0.56,0.425,0.45,0.2,0.72,0.6,0.7,0.68,0.65,0.9,0.6,0.55,0.48,0.35,0.35,0.7,0.625,0.36,0.55,0.55,0.5,0.6,0.75,0.9375,0.75,0.64,0.6
0.2,0.681729896070008,0.45,0.45,0.95,0.8,1,0.76,1,0.55,0.5,0.6,0.6,0.5,0.7,0.6,0.95,0.6,0.8,0.28,0.5,0.64,0.85,0.68,0.8125,0.56,0.75,0.45,0.25,0.72,0.7,0.75,0.6,0.65,0.75,0.8,0.7,0.52,0.55,0.6,0.7,0.75,0.36,0.6,0.5,0.8,0.6,0.6,0.9375,0.65,0.88,0.72
0.2,0.621166891029475,0.5,0.55,1,0.92,1,0.76,1,0.6,0.6,0.65,0.7,0.75,0.6,0.6,0.95,0.6,0.84,0.44,0.625,0.72,0.95,0.8,0.75,0.76,0.95,0.5,0.55,0.88,0.8,0.75,0.6,0.65,0.75,0.8,0.8,0.6,0.7,0.6,0.8,0.8125,0.36,0.7,0.7,0.7,0.8,0.6,0.9375,0.7,0.84,0.68
0.2,0.565984136438106,0.65,0.55,1,0.92,1,0.72,1,0.55,0.65,0.75,0.7,0.85,0.6,0.65,0.95,0.55,0.84,0.6,0.75,0.72,1,0.88,0.6875,0.8,1,0.55,0.65,0.88,0.85,0.8,0.64,0.65,0.9,0.92,0.85,0.56,0.85,0.65,0.85,0.875,0.52,0.7,0.9,0.8,1,0.6,1,0.75,0.8,0.72
0.2,0.51570366567459,0.75,0.65,1,0.96,1,0.72,1,0.65,0.7,0.7,0.7,0.85,0.7,0.75,1,0.55,0.84,0.8,0.8125,0.76,1,0.88,0.75,0.8,1,0.7,0.7,0.92,1,0.85,0.64,0.65,0.95,0.92,0.85,0.56,0.85,0.7,0.85,0.9375,0.64,0.7,0.9,0.75,1,0.7,0.9375,0.75,0.8,0.76
0.2,0.46988997335492,0.8,0.7,1,0.96,1,0.72,1,0.6,0.7,0.8,0.7,0.9,0.7,0.85,1,0.55,0.96,0.88,0.8125,0.76,1,0.8,0.8125,0.8,1,0.75,0.75,0.92,1,0.85,0.72,0.65,0.95,0.92,0.85,0.68,0.85,0.75,0.85,0.9375,0.68,0.7,0.9,0.85,1,0.7,0.9375,0.75,0.88,0.8
0.2,0.428146243193103,0.8,0.7,1,0.96,1,0.76,1,0.6,0.7,0.8,0.7,0.9,0.75,0.9,1,0.55,0.96,0.88,0.8125,0.76,1,0.8,0.8125,0.84,1,0.8,0.8,0.92,1,0.85,0.76,0.65,0.95,1,0.9,0.72,0.85,0.75,0.85,0.9375,0.68,0.7,1,0.85,1,0.7,0.875,0.75,0.88,0.84
0.2,0.39011091096832,0.8,0.7,1,0.92,1,0.8,1,0.65,0.7,0.85,0.8,0.9,0.8,0.9,1,0.65,0.96,0.88,0.8125,0.8,1,0.88,0.8125,0.84,1,0.8,0.8,0.92,1,0.85,0.76,0.7,0.95,1,0.95,0.68,0.85,0.8,0.9,0.9375,0.76,0.7,1,0.85,1,0.7,0.875,0.85,0.88,0.84
0.2,0.355454532828619,0.85,0.7,1,0.92,0.95,0.84,1,0.65,0.7,0.9,0.8,0.9,0.85,0.9,1,0.7,0.96,0.88,0.8125,0.8,1,0.92,0.8125,0.84,1,0.8,0.85,0.92,1,0.85,0.8,0.7,0.95,1,0.95,0.68,0.85,0.8,0.95,0.9375,0.8,0.7,1,0.9,1,0.75,0.8125,0.9,0.88,0.8
0.2,0.323876931805868,0.85,0.7,1,0.92,0.95,0.84,1,0.7,0.7,0.9,0.85,0.9,0.8,0.95,1,0.7,0.96,0.88,0.875,0.88,1,0.96,0.875,0.84,1,0.8,0.85,0.92,1,0.85,0.8,0.7,0.95,1,0.95,0.68,0.85,0.8,0.95,0.9375,0.8,0.7,1,0.95,1,0.75,0.8125,0.95,0.88,0.8
0.2,0.295104597826463,0.85,0.7,1,0.92,0.95,0.84,1,0.7,0.7,0.95,0.85,0.95,0.8,0.95,1,0.7,0.96,0.92,0.875,0.88,1,0.96,0.875,0.84,1,0.8,0.9,0.84,1,0.85,0.8,0.75,0.95,1,1,0.68,0.85,0.8,0.95,0.9375,0.8,0.7,1,0.95,1,0.75,0.8125,1,0.88,0.8
0.2,0.268888318697913,0.85,0.7,1,0.92,0.9,0.88,1,0.7,0.7,0.9,0.85,0.95,0.8,0.95,1,0.75,0.92,0.92,0.875,0.88,1,0.96,0.875,0.84,1,0.8,0.9,0.84,1,0.85,0.8,0.75,0.95,1,1,0.68,0.85,0.8,0.95,1,0.8,0.65,1,1,1,0.75,0.8125,1,0.92,0.76
0.2,0.24500102155205,0.9,0.7,1,0.92,0.9,0.88,1,0.7,0.75,0.9,0.85,0.95,0.8,0.95,1,0.75,0.92,0.92,0.875,0.88,1,0.96,0.875,0.84,1,0.8,0.9,0.84,1,0.85,0.8,0.75,0.95,1,1,0.68,0.85,0.8,0.95,1,0.8,0.65,1,1,1,0.75,0.8125,1,0.92,0.76
0.2,0.223235806048477,0.9,0.7,1,0.92,0.85,0.88,1,0.7,0.75,0.8,0.85,0.95,0.8,0.95,1,0.75,0.92,0.96,0.875,0.88,1,0.96,0.875,0.84,1,0.8,0.9,0.8,1,0.85,0.76,0.75,0.95,1,1,0.68,0.85,0.8,0.95,1,0.84,0.65,1,1,1,0.75,0.8125,1,0.92,0.8
0.2,0.203404152302793,0.9,0.7,1,0.92,0.85,0.88,1,0.7,0.75,0.8,0.85,0.95,0.8,0.95,1,0.75,0.92,0.96,0.875,0.88,0.9,0.96,0.875,0.84,0.95,0.8,0.9,0.8,1,0.85,0.76,0.75,0.95,1,1,0.68,0.85,0.8,0.95,1,0.84,0.65,1,1,1,0.75,0.8125,1,0.92,0.8
0.2,0.185334288017547,0.9,0.7,1,0.92,0.85,0.92,1,0.7,0.75,0.8,0.85,0.95,0.8,0.95,1,0.75,0.92,0.96,0.875,0.88,0.9,0.96,0.875,0.84,0.95,0.85,0.9,0.8,1,0.85,0.8,0.75,0.95,1,1,0.68,0.9,0.8,0.95,1,0.84,0.65,1,1,1,0.75,0.8125,1,0.92,0.8
0.2,0.16886970067277,0.9,0.7,1,0.92,0.85,0.96,1,0.7,0.75,0.8,0.85,0.95,0.85,0.95,1,0.75,0.92,0.96,0.875,0.92,0.9,0.96,0.875,0.84,0.95,0.85,0.9,0.8,1,0.85,0.8,0.75,0.95,1,1,0.68,0.9,0.85,0.95,1,0.84,0.65,1,1,1,0.75,0.8125,1,0.92,0.8
0.2,0.153867781889399,0.9,0.7,1,0.92,0.85,0.96,1,0.75,0.8,0.8,0.85,0.95,0.8,0.95,1,0.75,0.88,0.96,0.875,0.92,0.9,0.96,0.875,0.84,0.95,0.85,0.9,0.8,1,0.85,0.8,0.75,0.95,1,1,0.68,0.9,0.85,0.95,1,0.84,0.65,1,1,1,0.75,0.8125,1,0.92,0.8
0.2,0.140198592223722,0.9,0.7,1,0.92,0.85,0.96,1,0.8,0.8,0.8,0.85,0.95,0.8,0.95,1,0.75,0.88,0.96,0.875,0.92,0.85,0.96,0.875,0.84,0.95,0.85,0.9,0.8,1,0.85,0.8,0.8,0.95,0.96,1,0.68,0.9,0.9,0.95,1,0.84,0.6,1,1,1,0.7,0.8125,1,0.92,0.8
0.2,0.127743735694078,0.9,0.7,1,0.92,0.85,0.96,1,0.8,0.8,0.8,0.85,0.95,0.8,0.95,1,0.75,0.88,0.96,0.875,0.92,0.85,0.96,1,0.84,0.95,0.85,0.9,0.8,1,0.85,0.8,0.8,0.95,0.96,1,0.68,0.85,0.9,0.95,1,0.88,0.6,1,1,1,0.7,0.8125,1,0.92,0.8
0.2,0.116395334291505,0.9,0.7,1,0.92,0.85,0.96,1,0.8,0.8,0.8,0.85,0.95,0.8,0.95,1,0.75,0.84,0.96,0.875,0.92,0.85,0.96,1,0.84,0.95,0.85,0.9,0.8,1,0.85,0.8,0.8,0.95,0.96,1,0.68,0.85,0.9,0.95,1,0.88,0.65,1,1,1,0.7,0.8125,1,0.92,0.8
0.2,0.106055093592031,0.9,0.7,1,0.92,0.85,0.96,1,0.8,0.8,0.8,0.95,0.95,0.8,0.95,1,0.8,0.84,0.96,0.875,0.88,0.85,0.96,1,0.84,0.95,0.85,0.9,0.8,1,0.85,0.8,0.8,0.95,0.96,1,0.68,0.85,0.9,0.95,1,0.88,0.65,1,1,1,0.7,0.8125,1,0.92,0.8
0.2,0.0966334513774013,0.9,0.7,1,0.92,0.85,0.96,1,0.8,0.8,0.8,0.95,0.95,0.8,0.95,1,0.8,0.84,0.96,0.875,0.88,0.85,0.96,1,0.84,0.95,0.85,0.9,0.76,1,0.85,0.8,0.85,0.95,0.96,1,0.68,0.85,0.9,0.95,1,0.88,0.65,1,1,1,0.7,0.8125,1,0.92,0.8
0.2,0.0880488018899851,0.9,0.7,1,0.92,0.85,0.96,1,0.8,0.8,0.8,0.95,0.95,0.8,0.95,1,0.8,0.84,0.96,0.875,0.88,0.85,0.96,1,0.84,0.95,0.85,0.9,0.76,1,0.85,0.8,0.85,0.95,0.96,1,0.68,0.85,0.9,0.95,1,0.88,0.65,1,1,1,0.7,0.8125,1,0.92,0.8
0.2,0.0802267890027455,0.9,0.7,1,0.92,0.85,0.96,1,0.8,0.8,0.8,0.95,0.95,0.8,0.95,1,0.8,0.84,0.96,0.875,0.88,0.85,0.96,1,0.84,0.95,0.9,0.95,0.76,1,0.85,0.8,0.85,0.9,0.96,1,0.68,0.85,0.9,0.95,1,0.88,0.65,1,1,1,0.7,0.8125,1,0.92,0.8
0.2,0.0730996621820375,0.9,0.7,1,0.92,0.85,0.96,1,0.8,0.8,0.8,0.95,0.95,0.8,0.95,1,0.8,0.84,0.96,0.875,0.88,0.85,0.96,1,0.84,0.95,0.9,0.95,0.76,1,0.85,0.8,0.85,0.9,0.96,1,0.72,0.85,0.9,0.95,1,0.88,0.65,1,1,1,0.7,0.8125,1,0.92,0.8
0.2,0.0666056896648964,0.9,0.7,1,0.92,0.85,0.96,1,0.8,0.8,0.8,0.95,0.95,0.8,0.95,1,0.8,0.84,0.96,0.875,0.88,0.85,0.96,1,0.84,0.95,0.9,0.95,0.76,1,0.85,0.8,0.85,0.9,0.96,1,0.72,0.85,0.9,0.95,0.9375,0.88,0.65,1,1,1,0.8,0.8125,1,0.92,0.8
0.2,0.06068862376804,0.9,0.7,1,0.92,0.85,0.96,1,0.8,0.8,0.8,0.95,0.95,0.8,0.95,1,0.8,0.84,0.96,0.875,0.88,0.85,0.96,1,0.84,0.95,0.9,0.95,0.76,1,0.85,0.8,0.9,0.9,0.96,1,0.76,0.85,0.9,0.95,0.9375,0.88,0.65,1,1,1,0.8,0.8125,1,0.96,0.8
0.2,0.0552972136973433,0.9,0.7,1,0.92,0.9,0.96,1,0.8,0.8,0.8,0.95,0.95,0.8,0.95,1,0.85,0.84,0.96,0.875,0.88,0.85,1,1,0.84,0.95,0.9,0.95,0.76,1,0.85,0.84,0.9,0.95,0.96,1,0.76,0.85,0.9,0.95,0.9375,0.92,0.65,1,1,1,0.8,0.8125,1,0.96,0.8
0.2,0.0503847616379785,0.9,0.7,1,0.92,0.9,0.96,1,0.85,0.8,0.8,0.95,0.95,0.85,0.95,1,0.85,0.84,0.96,0.875,0.88,0.85,1,1,0.84,1,0.9,0.95,0.76,1,0.85,0.84,0.9,0.95,0.96,1,0.76,0.85,0.9,0.95,0.9375,0.92,0.65,1,1,1,0.8,0.8125,1,0.96,0.8
0.2,0.0459087182802825,0.9,0.7,1,0.92,0.9,0.96,1,0.95,0.8,0.8,0.95,0.95,0.85,0.95,1,0.85,0.84,0.96,0.875,0.88,0.85,1,1,0.84,1,0.95,0.95,0.76,1,0.85,0.84,0.9,0.95,0.96,1,0.76,0.85,0.9,0.95,0.9375,0.92,0.65,1,1,1,0.8,0.8125,1,0.96,0.8
0.2,0.0418303142779917,0.9,0.7,1,0.92,0.9,0.96,1,1,0.8,0.8,1,0.95,0.85,0.95,1,0.9,0.92,0.96,0.875,0.88,0.85,1,1,0.84,1,0.95,0.95,0.76,1,0.85,0.84,0.9,1,0.96,1,0.76,0.85,0.9,0.95,0.9375,0.92,0.65,1,1,1,0.8,0.8125,1,0.96,0.8
0.2,0.038114224446712,0.9,0.7,1,0.92,0.9,0.96,1,1,0.8,0.8,1,0.95,0.85,0.95,1,0.9,0.92,0.96,0.875,0.88,0.85,1,1,0.84,1,0.95,1,0.76,1,0.85,0.84,0.9,1,0.96,1,0.76,0.85,0.9,0.95,0.9375,0.92,0.65,1,1,1,0.8,0.8125,1,0.96,0.8
0.2,0.0347282617940705,0.9,0.7,1,0.92,0.9,0.96,1,1,0.8,0.8,1,0.95,0.85,0.95,1,0.9,0.92,0.96,0.875,0.88,0.85,1,1,0.84,1,0.95,1,0.76,1,0.85,0.84,0.9,1,0.96,1,0.8,0.85,0.9,0.95,0.9375,0.92,0.65,1,1,1,0.8,0.8125,1,0.96,0.8
0.2,0.0316430987313855,0.9,0.7,1,0.92,0.9,0.96,1,1,0.8,0.8,1,0.95,0.85,0.95,1,0.9,0.92,0.96,0.875,0.88,0.85,1,1,0.84,1,0.95,1,0.76,1,0.85,0.84,0.9,1,0.96,1,0.8,0.85,0.9,0.95,0.9375,0.96,0.65,1,1,1,0.8,0.8125,1,0.96,0.8
0.2,0.0288320130521238,0.95,0.7,1,0.88,0.9,0.96,1,1,0.85,0.8,1,0.95,0.85,0.95,1,0.9,0.92,0.96,0.875,0.88,0.85,1,1,0.84,1,0.95,1,0.76,1,0.85,0.84,0.9,1,0.96,1,0.8,0.9,0.9,0.95,0.9375,1,0.6,1,1,1,0.8,0.8125,1,0.96,0.8
0.2,0.0262706564769309,0.95,0.7,1,0.88,0.9,0.96,1,1,0.85,0.8,1,0.95,0.85,0.95,1,0.9,0.92,0.96,0.875,0.88,0.85,1,1,0.84,1,0.95,1,0.76,1,0.85,0.84,0.95,1,0.96,1,0.8,0.9,0.9,0.95,0.9375,1,0.6,1,1,1,0.85,0.8125,1,0.96,0.8
0.2,0.0239368437604836,0.95,0.7,1,0.88,0.9,1,1,1,0.85,0.8,1,0.95,0.85,0.95,1,0.9,0.92,0.96,0.9375,0.88,0.85,1,1,0.88,1,0.95,1,0.76,1,0.85,0.84,0.95,1,0.96,1,0.8,0.9,0.9,0.95,0.9375,1,0.6,1,1,1,0.85,0.8125,1,0.96,0.8
0.2,0.021810360533508,0.95,0.7,1,0.92,0.9,1,1,1,0.85,0.8,1,0.95,0.85,0.95,1,0.9,0.92,0.96,0.9375,0.88,0.85,1,1,0.88,1,0.95,1,0.76,1,0.85,0.84,0.95,1,0.96,1,0.84,0.9,0.9,0.95,0.9375,1,0.6,1,1,1,0.9,0.8125,1,0.96,0.8
0.2,0.0198727882155837,0.95,0.7,1,0.92,0.9,1,1,1,0.9,0.8,1,0.95,0.85,0.95,1,0.9,0.92,0.96,0.9375,0.88,0.85,1,1,0.88,1,1,1,0.76,1,0.85,0.84,0.95,1,0.96,1,0.84,0.9,0.9,0.95,0.9375,1,0.6,1,1,1,0.9,0.8125,1,0.96,0.84
0.2,0.0181073444822106,0.95,0.7,1,0.92,0.9,1,1,1,0.9,0.8,1,0.95,0.85,0.95,1,0.9,0.92,0.96,0.9375,0.88,0.85,1,1,0.88,1,1,1,0.76,1,0.85,0.84,0.95,1,0.96,1,0.84,0.9,0.9,0.95,0.9375,1,0.6,1,1,1,0.9,0.8125,1,0.96,0.84
0.2,0.0164987379043437,0.95,0.7,1,0.92,0.95,1,1,1,0.9,0.8,1,0.95,0.85,0.95,1,0.95,0.92,0.96,0.9375,0.88,0.85,1,1,0.88,1,1,1,0.76,1,0.85,0.84,0.95,1,0.96,1,0.84,0.9,0.9,0.95,0.9375,1,0.6,1,1,1,0.9,0.8125,1,0.96,0.84
0.2,0.0150330355013489,0.95,0.7,1,0.92,0.95,1,1,1,0.9,0.8,1,0.95,0.85,0.95,1,0.95,0.92,0.96,0.9375,0.88,0.85,1,1,0.88,1,1,1,0.76,1,0.85,0.84,0.95,1,0.96,1,0.84,0.9,0.9,0.95,0.9375,1,0.6,1,1,1,0.9,0.8125,1,0.96,0.84
0.2,0.013697542060191,0.95,0.7,1,0.92,0.95,1,1,1,0.9,0.8,1,0.95,0.85,0.95,1,0.95,0.92,0.96,0.9375,0.88,0.85,1,1,0.88,1,1,1,0.76,1,0.85,0.84,0.95,1,0.96,1,0.92,0.9,0.9,0.95,0.9375,1,0.6,1,1,1,0.9,0.8125,1,0.96,0.84
0.2,0.0124806901755715,0.95,0.7,1,0.92,0.95,1,1,1,0.9,0.8,1,0.95,0.85,0.95,1,0.95,0.92,0.92,0.9375,0.88,0.85,1,1,0.88,1,1,1,0.76,1,0.85,0.84,0.95,1,0.96,1,0.92,0.9,0.9,0.95,0.9375,1,0.6,1,1,1,0.9,0.8125,1,0.96,0.84
0.2,0.0113719400585972,0.95,0.7,1,0.92,0.95,1,1,1,0.9,0.8,1,0.95,0.85,0.95,1,0.95,0.92,0.92,0.9375,0.88,0.8,1,1,0.84,1,1,1,0.76,1,0.85,0.84,0.95,1,0.96,1,0.92,0.9,0.9,0.95,0.9375,1,0.6,1,1,1,0.9,0.8125,1,0.96,0.84
0.2,0.0103616882461716,0.95,0.7,1,0.92,0.95,1,1,1,0.9,0.8,1,0.95,0.85,0.95,1,0.95,0.92,0.92,0.9375,0.88,0.8,1,1,0.84,1,1,1,0.76,1,0.85,0.84,0.95,1,0.96,1,0.92,0.9,0.9,0.9,0.9375,1,0.6,1,1,1,0.9,0.8125,1,0.96,0.84
0.2,0.00944118442039117,0.95,0.7,1,0.92,0.95,1,1,1,0.9,0.8,1,0.95,0.85,0.95,1,0.95,0.92,0.92,0.9375,0.88,0.8,1,1,0.84,1,1,1,0.76,1,0.85,0.84,0.95,1,0.96,1,0.92,0.9,0.9,0.9,0.9375,1,0.6,1,1,1,0.9,0.8125,1,0.96,0.84
0.2,0.00860245561747824,0.95,0.7,1,0.92,0.95,1,1,1,0.9,0.8,1,0.95,0.85,0.95,1,0.95,0.92,0.92,0.9375,0.88,0.8,1,1,0.84,1,1,1,0.76,1,0.85,0.84,0.95,1,0.96,1,0.92,0.9,0.9,0.9,0.9375,1,0.6,1,1,1,0.9,0.8125,1,0.96,0.84
0.2,0.00783823716978264,0.95,0.7,1,0.92,0.95,1,1,1,0.85,0.8,1,0.95,0.85,0.95,1,0.95,0.92,0.92,0.9375,0.88,0.8,1,1,0.84,1,1,1,0.76,1,0.85,0.84,0.95,1,0.96,1,0.96,0.9,0.9,0.9,0.9375,1,0.6,1,1,1,0.9,0.8125,1,0.96,0.8
0.2,0.00714190978270602,0.95,0.7,1,0.92,0.95,1,1,1,0.85,0.8,1,0.95,0.85,0.95,1,0.95,0.92,0.92,0.9375,0.88,0.8,1,1,0.84,1,1,1,0.76,1,0.85,0.84,0.95,1,0.96,1,0.96,0.95,0.9,0.9,0.9375,1,0.6,1,1,1,0.9,0.8125,1,0.96,0.8
0.2,0.0065074422015386,0.95,0.7,1,0.92,0.95,1,1,1,0.9,0.8,1,0.95,0.85,0.95,1,0.95,0.92,0.92,0.9375,0.88,0.8,1,1,0.84,1,1,1,0.76,1,0.85,0.84,0.95,1,0.96,1,0.96,0.95,0.9,0.9,0.9375,1,0.65,1,1,1,0.9,0.8125,1,0.96,0.8
0.2,0.00592933897161615,0.95,0.7,1,0.92,0.95,1,1,1,0.9,0.8,1,0.95,0.85,0.95,1,0.95,0.92,0.92,0.9375,0.88,0.8,1,1,0.84,1,1,1,0.8,1,0.85,0.84,0.95,1,0.96,1,0.96,0.95,0.9,0.9,0.9375,1,0.65,1,1,1,0.9,0.8125,1,0.96,0.8
0.2,0.00540259283932076,0.95,0.7,1,0.92,0.95,1,1,1,0.9,0.8,1,0.95,0.85,0.9,1,0.95,0.96,0.92,0.9375,0.88,0.8,1,1,0.88,1,1,1,0.8,1,0.85,0.84,0.95,1,0.96,1,0.96,0.95,0.9,0.9,0.9375,1,0.65,1,1,1,0.9,0.8125,1,0.96,0.8
0.2,0.00492264138164531,0.95,0.7,1,0.92,0.95,1,1,1,0.9,0.8,1,0.95,0.85,0.9,1,0.95,0.96,0.92,0.9375,0.92,0.8,1,1,0.88,1,1,1,0.8,1,0.85,0.84,0.95,1,0.96,1,0.96,0.95,0.9,0.9,0.9375,1,0.7,1,1,1,0.9,0.8125,1,0.96,0.8
0.2,0.0044853274886681,0.95,0.7,1,0.92,0.95,1,1,1,0.9,0.8,1,0.95,0.85,0.9,1,0.95,0.96,0.92,0.9375,0.92,0.8,1,1,0.88,1,1,1,0.8,1,0.85,0.84,0.95,1,0.96,1,0.96,0.95,0.9,0.9,0.9375,1,0.7,1,1,1,0.9,0.8125,1,0.96,0.8
0.2,0.00408686335665539,0.95,0.7,1,0.92,1,1,1,1,0.9,0.8,1,0.95,0.85,0.9,1,0.95,0.96,0.92,0.9375,0.92,0.8,1,1,0.88,1,1,1,0.84,1,0.85,0.84,0.95,1,0.96,1,0.96,0.95,0.9,0.9,0.9375,1,0.7,1,1,1,0.9,0.8125,1,0.96,0.8
0.2,0.00372379767991752,0.95,0.7,1,0.92,1,1,1,1,0.9,0.8,1,0.95,0.85,0.9,1,0.95,0.96,0.92,0.9375,0.92,0.8,1,1,0.88,1,1,1,0.84,1,0.85,0.84,0.95,1,0.96,1,0.96,0.95,0.9,0.9,0.9375,1,0.7,1,1,1,0.9,0.8125,1,0.96,0.8
0.2,0.00339298575725012,0.95,0.7,1,0.92,1,1,1,1,0.9,0.8,1,0.95,0.85,0.9,1,0.95,0.96,0.92,0.9375,0.92,0.75,1,1,0.88,1,1,1,0.84,1,0.85,0.84,0.95,1,0.96,1,0.96,0.95,0.95,0.9,0.9375,1,0.7,1,1,1,0.9,0.8125,1,0.96,0.8
0.2,0.00309156225403662,0.95,0.7,1,0.96,1,1,1,1,0.9,0.8,1,0.95,0.85,0.9,1,0.95,0.96,0.92,0.9375,0.92,0.75,1,1,0.88,1,1,1,0.84,1,0.85,0.84,0.95,1,0.96,1,0.96,0.95,0.95,0.9,0.9375,1,0.75,1,1,1,0.9,0.8125,1,0.96,0.8
0.2,0.00281691638409062,0.95,0.7,1,0.96,1,1,1,1,0.9,0.8,1,0.95,0.9,0.9,1,0.95,0.96,0.92,0.9375,0.96,0.75,1,1,0.84,0.95,1,1,0.84,1,0.85,0.84,0.95,1,0.96,1,0.96,0.95,0.9,0.9,0.9375,1,0.75,1,1,1,0.9,0.8125,1,0.96,0.8
0.2,0.00256666929627489,0.95,0.7,1,0.96,1,1,1,1,0.9,0.8,1,0.95,0.9,0.85,1,1,0.96,0.92,0.9375,0.96,0.75,1,1,0.84,0.95,1,1,0.84,1,0.85,0.84,0.95,1,0.96,1,0.96,0.95,0.9,0.9,0.9375,1,0.8,1,1,1,0.9,0.8125,1,0.96,0.8
0.2,0.00233865347003083,0.95,0.65,1,0.96,1,1,1,1,0.9,0.8,1,0.95,0.9,0.85,1,1,0.96,0.92,0.9375,0.96,0.75,1,1,0.84,0.95,1,1,0.84,1,0.85,0.84,0.95,1,0.96,1,0.96,0.95,0.9,0.9,0.9375,1,0.8,1,1,1,0.9,0.8125,1,0.96,0.8
0.2,0.00213089394135234,0.95,0.65,1,0.96,1,1,1,1,0.9,0.8,1,0.95,0.9,0.85,1,1,0.96,0.88,0.9375,0.96,0.75,1,1,0.84,0.95,1,1,0.84,1,0.85,0.8,0.95,1,0.96,1,0.96,0.95,0.9,0.9,0.9375,1,0.85,1,1,1,0.9,0.8125,1,0.96,0.8
0.2,0.0019415911965924,0.95,0.65,1,0.96,1,1,1,1,0.9,0.8,1,0.95,0.9,0.85,1,1,0.96,0.88,0.9375,0.96,0.75,1,1,0.84,0.95,1,1,0.84,1,0.85,0.8,0.95,1,0.96,1,0.96,0.95,0.9,0.9,0.9375,1,0.85,1,1,1,0.9,0.8125,1,0.96,0.8
0.2,0.0017691055859367,0.95,0.65,1,0.96,1,1,1,1,0.9,0.8,1,0.95,0.9,0.85,1,1,0.96,0.88,0.9375,0.96,0.75,1,1,0.84,0.95,1,1,0.84,1,0.85,0.8,0.95,1,0.96,1,0.96,0.95,0.9,0.95,0.9375,1,0.85,1,1,1,0.9,0.8125,1,0.96,0.8
0.2,0.00161194312154139,0.95,0.65,1,0.96,1,1,1,1,0.9,0.8,1,0.95,0.9,0.85,1,1,0.96,0.88,0.9375,0.92,0.75,1,1,0.84,0.95,1,1,0.84,1,0.85,0.8,0.95,1,0.96,1,0.96,0.95,0.9,0.95,0.9375,1,0.85,1,1,1,0.9,0.8125,1,0.96,0.8
0.2,0.00146874253732506,0.95,0.65,1,0.96,1,1,1,1,0.9,0.8,1,0.95,0.9,0.85,1,1,0.96,0.88,0.9375,0.92,0.75,1,1,0.84,0.95,1,1,0.84,1,0.85,0.8,0.95,1,0.96,1,0.96,0.95,0.9,0.95,0.9375,1,0.85,1,1,1,0.9,0.8125,1,0.96,0.8
0.2,0.00133826349833316,0.95,0.65,1,0.96,1,1,1,1,0.9,0.8,1,0.95,0.9,0.85,1,1,0.96,0.88,0.9375,0.92,0.75,1,1,0.84,0.95,1,1,0.88,1,0.85,0.8,0.95,1,0.96,1,0.96,0.95,0.9,0.95,0.875,1,0.85,1,1,1,0.95,0.8125,1,0.96,0.8
0.2,0.00121937585755,0.95,0.65,1,0.96,1,1,1,1,0.9,0.8,1,0.95,0.9,0.85,1,1,0.96,0.88,0.9375,0.92,0.7,1,1,0.84,0.95,1,1,0.88,1,0.85,0.8,0.95,1,0.96,1,0.96,0.95,0.9,0.95,0.875,1,0.85,1,1,1,0.95,0.8125,1,0.96,0.8
0.2,0.00111104986710594,0.95,0.65,1,0.96,1,1,1,1,0.9,0.8,1,0.95,0.9,0.85,1,1,0.96,0.88,0.9375,0.92,0.7,1,1,0.84,0.95,1,1,0.88,1,0.85,0.8,0.95,1,0.96,1,0.96,0.95,0.9,0.95,0.875,1,0.85,0.95,1,1,0.95,0.8125,1,0.92,0.8
0.2,0.001012347259094,0.95,0.65,1,0.92,1,1,1,1,0.9,0.8,1,0.95,0.9,0.85,1,1,0.96,0.88,0.9375,0.92,0.7,1,1,0.84,0.95,1,1,0.88,1,0.85,0.8,0.95,1,0.96,1,0.96,0.95,0.9,0.95,0.875,1,0.85,0.95,1,1,0.95,0.8125,1,0.92,0.8
0.2,0.000922413118742049,0.95,0.65,1,0.92,1,1,1,1,0.9,0.8,1,0.95,0.9,0.9,1,1,0.96,0.88,0.9375,0.92,0.7,1,1,0.84,0.95,1,1,0.88,1,0.85,0.8,0.95,1,0.96,1,0.96,0.95,0.9,0.95,0.875,1,0.85,0.95,1,1,0.95,0.8125,1,0.92,0.8
0.2,0.00084046847955009,0.95,0.65,1,0.92,1,1,1,1,0.9,0.75,1,0.95,0.9,0.95,1,1,0.96,0.88,0.9375,0.92,0.7,1,1,0.84,0.95,1,1,0.88,1,0.85,0.8,0.95,1,0.96,0.95,0.96,0.95,0.9,0.95,0.875,1,0.85,0.95,1,1,0.95,0.8125,1,0.92,0.8
0.2,0.000765803576255054,0.95,0.65,1,0.92,1,1,1,1,0.9,0.75,1,0.95,0.85,0.95,1,1,0.96,0.88,0.9375,0.92,0.7,1,1,0.84,0.95,1,1,0.88,1,0.85,0.8,0.95,1,0.96,0.95,0.96,0.95,0.9,0.95,0.875,1,0.85,0.95,1,1,0.95,0.8125,1,0.92,0.8
0.2,0.000697771697183653,0.95,0.65,1,0.92,1,1,1,1,0.9,0.75,1,0.95,0.85,0.95,1,1,0.96,0.88,0.9375,0.92,0.7,1,1,0.84,0.95,1,1,0.88,1,0.85,0.8,0.95,1,0.96,0.95,0.96,0.95,0.9,0.95,0.8125,1,0.85,0.95,1,1,0.95,0.8125,1,0.92,0.8
0.2,0.00063578358274524,0.95,0.65,1,0.92,1,1,1,1,0.9,0.75,1,0.95,0.85,0.95,1,1,0.96,0.88,0.9375,0.92,0.7,1,1,0.84,0.95,1,1,0.88,1,0.85,0.8,0.95,1,0.96,0.95,0.96,0.95,0.9,0.95,0.8125,1,0.85,0.95,1,1,0.95,0.8125,1,0.92,0.76
0.2,0.000579302321547133,0.95,0.65,1,0.92,1,1,1,1,0.9,0.75,1,0.95,0.85,0.95,1,1,0.96,0.88,0.9375,0.92,0.7,1,1,0.84,0.95,1,1,0.92,1,0.85,0.8,0.95,1,0.96,0.95,1,0.95,0.9,0.95,0.8125,1,0.85,0.95,1,1,0.95,0.8125,1,0.92,0.76
0.2,0.000527838699924987,0.95,0.65,1,0.88,1,1,1,1,0.9,0.75,1,0.95,0.85,0.95,1,1,0.96,0.88,0.9375,0.92,0.7,1,1,0.84,0.95,1,1,0.92,1,0.9,0.8,0.95,1,0.96,0.95,1,0.95,0.9,0.95,0.8125,1,0.9,0.95,1,1,0.95,0.8125,1,0.92,0.76
0.2,0.000480946964608068,0.95,0.65,1,0.88,1,1,1,1,0.9,0.75,1,0.95,0.85,0.95,1,1,0.96,0.88,0.9375,0.92,0.7,1,1,0.84,0.95,1,1,0.92,1,0.9,0.8,0.95,1,0.96,0.95,1,0.95,0.9,0.95,0.8125,1,0.9,0.95,1,1,0.95,0.8125,1,0.92,0.76
0.2,0.000438220961817666,0.95,0.65,1,0.88,1,1,1,1,0.9,0.75,1,0.9,0.8,0.95,1,1,0.96,0.88,0.9375,0.88,0.7,1,1,0.84,0.95,1,1,0.92,1,0.9,0.8,0.95,1,0.96,0.95,1,0.95,0.9,0.95,0.8125,1,0.9,0.95,1,1,0.95,0.8125,1,0.92,0.72
0.2,0.000399290619357365,0.95,0.65,1,0.84,1,1,1,1,0.9,0.75,1,0.85,0.8,0.95,1,1,0.96,0.88,0.9375,0.88,0.7,1,1,0.84,0.95,1,1,0.92,1,0.9,0.8,0.95,1,0.96,0.95,1,0.95,0.9,0.95,0.8125,1,0.9,0.95,1,1,0.95,0.8125,1,0.92,0.72
0.2,0.000363818741224718,0.95,0.65,1,0.84,1,1,1,1,0.9,0.75,1,0.85,0.8,0.95,1,1,0.96,0.88,0.9375,0.88,0.7,1,1,0.84,0.95,1,1,0.92,1,0.9,0.8,0.95,1,0.96,0.95,1,0.95,0.9,0.95,0.8125,1,0.9,0.95,1,1,0.95,0.8125,1,0.96,0.72
0.2,0.000331498086980782,0.95,0.65,1,0.84,1,1,1,1,0.9,0.75,1,0.85,0.8,0.95,1,1,0.96,0.88,0.9375,0.88,0.7,1,1,0.8,0.95,1,1,0.92,1,0.9,0.8,0.95,1,0.96,0.95,1,0.95,0.9,0.95,0.8125,1,0.9,0.95,1,1,0.95,0.8125,1,1,0.72
0.2,0.000302048710580421,0.95,0.65,1,0.84,1,1,1,1,0.9,0.75,1,0.85,0.8,0.95,1,1,0.96,0.88,0.9375,0.88,0.7,1,1,0.8,0.95,1,1,0.92,1,0.9,0.8,0.95,1,0.96,0.95,1,0.95,0.9,0.95,0.8125,1,0.9,0.95,1,1,0.95,0.8125,1,1,0.72
0.2,0.000275215535613586,0.95,0.65,1,0.84,1,1,1,1,0.9,0.75,1,0.85,0.8,0.95,1,1,0.96,0.88,0.9375,0.88,0.7,1,1,0.8,0.95,1,1,0.92,1,0.9,0.8,0.95,1,0.96,0.95,1,0.95,0.9,0.95,0.8125,1,0.9,0.95,1,1,0.95,0.8125,1,1,0.72
0.2,0.000250766145955476,0.95,0.65,1,0.84,1,1,1,1,0.9,0.75,1,0.85,0.8,0.95,1,1,0.96,0.88,0.9375,0.88,0.7,1,1,0.8,0.95,1,1,0.92,1,0.9,0.8,0.95,1,0.96,0.95,1,0.95,0.9,0.95,0.8125,1,0.9,0.95,1,1,0.95,0.8125,1,1,0.72
0.2,0.00022848877268925,0.95,0.65,1,0.84,1,1,1,1,0.95,0.75,1,0.85,0.8,0.95,1,1,0.96,0.88,0.9375,0.88,0.7,1,1,0.8,0.95,1,1,0.92,1,0.9,0.8,0.95,1,0.96,0.9,1,0.95,0.9,0.95,0.8125,1,0.9,0.95,1,0.95,0.95,0.8125,1,1,0.72
0.2,0.000208190459864983,0.95,0.65,1,0.84,1,1,1,1,0.95,0.75,1,0.85,0.8,0.95,1,1,0.96,0.88,0.9375,0.88,0.7,1,1,0.8,0.95,1,1,0.92,1,0.9,0.8,0.95,1,0.96,0.9,1,0.95,0.95,0.95,0.8125,1,0.9,0.95,1,0.95,0.95,0.8125,1,1,0.72
0.2,0.000189695393207529,0.95,0.65,1,0.84,1,1,1,1,0.95,0.75,1,0.85,0.8,0.9,1,1,0.96,0.88,0.9375,0.88,0.7,1,1,0.8,0.95,1,1,0.92,1,0.9,0.8,0.95,1,0.96,0.9,1,0.95,0.95,0.95,0.8125,1,0.9,0.95,1,0.95,0.95,0.8125,1,1,0.72
0.2,0.000172843377297384,0.95,0.65,1,0.84,1,1,1,1,0.95,0.75,1,0.85,0.8,0.9,1,1,0.96,0.88,0.9375,0.88,0.7,1,1,0.8,0.95,1,1,0.92,1,0.9,0.8,0.95,1,0.96,0.9,1,0.95,0.95,0.95,0.8125,1,0.9,0.95,1,0.95,0.95,0.8125,1,1,0.72
0.2,0.000157488448034593,0.95,0.65,1,0.84,1,1,1,1,0.95,0.75,1,0.85,0.8,0.9,1,1,0.96,0.88,0.9375,0.88,0.7,1,1,0.8,0.95,1,1,0.92,1,0.9,0.8,0.95,1,0.96,0.9,1,0.9,0.95,0.95,0.8125,1,0.9,0.95,1,0.95,0.95,0.8125,1,1,0.72
0.2,0.000143497608367551,0.95,0.65,1,0.84,1,1,1,1,0.95,0.75,1,0.85,0.8,0.9,1,1,0.96,0.88,0.9375,0.88,0.65,1,1,0.8,0.95,1,1,0.92,1,0.9,0.8,0.95,1,0.96,0.9,1,0.9,0.95,0.95,0.8125,1,0.9,0.95,1,0.95,0.95,0.8125,1,1,0.72
0.2,0.000130749676336159,0.95,0.65,1,0.84,1,1,1,1,0.95,0.75,1,0.85,0.8,0.9,1,1,0.96,0.88,0.9375,0.88,0.65,1,1,0.8,0.95,1,1,0.92,1,0.9,0.8,0.95,1,0.96,0.9,1,0.9,0.95,0.95,0.8125,1,0.95,0.95,1,0.95,0.95,0.8125,1,1,0.72
0.2,0.000119134235451663,0.95,0.65,1,0.84,1,1,1,1,0.95,0.75,1,0.85,0.75,0.9,1,1,0.96,0.88,0.9375,0.88,0.65,1,1,0.8,0.95,1,1,0.92,1,0.9,0.8,0.95,1,0.96,0.9,1,0.9,0.95,0.95,0.8125,1,0.95,0.95,1,0.95,0.95,0.8125,1,1,0.72
0.2,0.000108550678321849,0.95,0.65,1,0.84,1,1,1,1,0.95,0.75,1,0.85,0.75,0.9,1,1,0.96,0.88,0.9375,0.88,0.65,1,1,0.8,0.95,1,1,0.92,1,0.9,0.8,0.95,1,0.96,0.9,1,0.9,0.95,0.95,0.8125,1,0.95,0.95,1,0.95,0.95,0.8125,1,1,0.72
0.2,0.0000989073352379416,0.95,0.65,1,0.84,1,1,1,1,0.95,0.75,1,0.85,0.75,0.9,1,1,0.96,0.88,0.9375,0.88,0.65,1,1,0.8,0.95,1,1,0.92,1,0.9,0.8,0.95,1,0.96,0.9,1,0.9,0.95,0.95,0.8125,1,0.95,0.95,1,0.95,0.95,0.8125,1,1,0.72
0.2,0.0000901206801754415,0.95,0.65,1,0.88,1,1,1,1,0.95,0.75,1,0.85,0.75,0.9,1,1,0.96,0.88,0.9375,0.88,0.65,1,1,0.8,0.95,1,1,0.92,1,0.9,0.8,0.95,1,0.96,0.9,1,0.9,0.95,0.95,0.8125,1,0.95,0.95,1,0.95,0.95,0.8125,1,1,0.72
0.2,0.0000821146073316578,0.95,0.65,1,0.8,1,1,1,1,0.95,0.75,1,0.85,0.75,0.9,1,1,0.96,0.88,0.9375,0.88,0.65,1,1,0.8,0.95,1,1,0.92,1,0.9,0.8,0.95,1,0.96,0.9,1,0.9,0.95,0.95,0.8125,1,0.95,0.95,1,0.95,0.95,0.8125,1,1,0.72
0.2,0.0000748197719336545,0.95,0.65,1,0.8,1,1,1,1,0.95,0.75,1,0.85,0.75,0.9,1,1,0.96,0.88,0.9375,0.88,0.65,1,1,0.8,1,1,1,0.92,1,0.9,0.76,0.95,1,0.96,0.9,1,0.9,0.95,0.95,0.8125,1,0.95,0.95,1,0.95,0.95,0.8125,1,1,0.72
0.3,0.498798479557696,0.25,0.4,0.875,0.4,1,0.48,0.625,0.55,0.45,0.55,0.55,0.8,0.75,0.4,0.525,0.525,0.4,0.28,0.5,0.8,0.575,0.76,0.875,0.56,0.425,0.45,0.2,0.72,0.6,0.7,0.68,0.65,0.9,0.6,0.55,0.44,0.35,0.35,0.7,0.625,0.36,0.55,0.55,0.5,0.6,0.75,0.9375,0.75,0.64,0.6
0.3,0.454486597380005,0.45,0.45,0.95,0.76,1,0.76,1,0.55,0.45,0.6,0.6,0.5,0.65,0.6,0.95,0.6,0.8,0.28,0.5,0.68,0.75,0.68,0.8125,0.56,0.75,0.45,0.25,0.72,0.7,0.75,0.56,0.65,0.75,0.8,0.7,0.48,0.55,0.6,0.75,0.75,0.36,0.65,0.5,0.8,0.6,0.65,0.9375,0.65,0.88,0.72
0.3,0.414111260686316,0.5,0.55,1,0.92,1,0.76,1,0.6,0.6,0.65,0.65,0.75,0.6,0.6,0.95,0.6,0.84,0.48,0.625,0.72,0.95,0.76,0.875,0.76,0.95,0.5,0.55,0.88,0.75,0.75,0.6,0.65,0.65,0.8,0.8,0.56,0.7,0.6,0.8,0.875,0.36,0.7,0.7,0.7,0.8,0.6,0.9375,0.7,0.84,0.72
0.3,0.377322757625404,0.65,0.55,1,0.92,1,0.72,1,0.55,0.65,0.75,0.7,0.85,0.6,0.65,0.95,0.6,0.84,0.6,0.75,0.76,1,0.92,0.75,0.76,1,0.55,0.65,0.88,0.85,0.8,0.64,0.65,0.85,0.92,0.8,0.56,0.8,0.65,0.85,0.875,0.52,0.7,0.9,0.75,1,0.65,0.9375,0.75,0.84,0.72
0.3,0.34380244378306,0.7,0.5,1,0.96,1,0.72,1,0.6,0.7,0.7,0.7,0.8,0.65,0.75,1,0.55,0.84,0.68,0.75,0.76,1,0.88,0.6875,0.8,1,0.65,0.7,0.92,1,0.85,0.72,0.65,0.9,0.92,0.85,0.56,0.85,0.7,0.85,0.9375,0.56,0.7,0.9,0.75,1,0.7,0.9375,0.75,0.88,0.76
0.3,0.313259982236613,0.7,0.6,1,0.96,1,0.72,0.95,0.65,0.7,0.8,0.7,0.9,0.7,0.85,1,0.55,0.92,0.88,0.8125,0.76,1,0.88,0.8125,0.8,1,0.7,0.7,0.88,1,0.85,0.76,0.65,0.95,0.92,0.85,0.68,0.85,0.75,0.85,0.9375,0.68,0.7,0.9,0.85,1,0.7,0.9375,0.75,0.88,0.8
0.3,0.285430828795402,0.75,0.65,1,0.92,1,0.72,1,0.65,0.7,0.8,0.75,0.9,0.7,0.85,1,0.55,0.96,0.88,0.8125,0.8,1,0.84,0.8125,0.8,1,0.8,0.75,0.88,1,0.85,0.76,0.65,0.95,0.96,0.9,0.68,0.85,0.75,0.85,0.9375,0.68,0.7,1,0.85,1,0.7,0.875,0.75,0.88,0.84
0.3,0.260073940645547,0.8,0.7,1,0.92,0.95,0.8,1,0.65,0.7,0.85,0.75,0.9,0.8,0.9,1,0.65,0.92,0.88,0.8125,0.8,1,0.96,0.875,0.84,1,0.8,0.8,0.88,1,0.85,0.8,0.7,0.95,1,0.95,0.68,0.85,0.75,0.9,0.9375,0.72,0.7,1,0.85,1,0.7,0.875,0.85,0.88,0.84
0.3,0.236969688552412,0.8,0.7,1,0.92,0.95,0.84,1,0.65,0.7,0.85,0.85,0.9,0.85,0.9,1,0.7,0.92,0.88,0.8125,0.8,1,0.96,0.875,0.84,1,0.8,0.85,0.88,1,0.85,0.8,0.7,0.95,1,0.95,0.68,0.85,0.8,0.9,0.9375,0.8,0.7,1,0.85,1,0.7,0.8125,0.9,0.88,0.84
0.3,0.215917954537245,0.8,0.7,1,0.92,0.9,0.84,1,0.7,0.7,0.9,0.85,0.9,0.85,0.95,1,0.7,0.92,0.88,0.8125,0.8,1,0.96,0.875,0.84,1,0.8,0.85,0.88,1,0.85,0.8,0.75,0.95,1,0.95,0.68,0.85,0.8,0.9,0.9375,0.8,0.7,1,0.9,1,0.7,0.8125,0.9,0.88,0.8
0.3,0.196736398550975,0.85,0.7,1,0.92,0.9,0.84,1,0.7,0.7,0.9,0.85,0.9,0.85,0.95,1,0.7,0.92,0.88,0.875,0.8,1,0.96,0.875,0.8,1,0.8,0.85,0.88,1,0.85,0.8,0.75,0.95,1,0.95,0.68,0.85,0.8,0.95,0.9375,0.8,0.7,1,0.95,1,0.7,0.8125,0.95,0.88,0.84
0.3,0.179258879131942,0.85,0.7,1,0.92,0.9,0.88,1,0.7,0.7,0.95,0.85,0.9,0.85,0.95,1,0.75,0.92,0.92,0.875,0.8,1,0.96,0.875,0.8,1,0.8,0.9,0.84,1,0.85,0.8,0.75,0.95,1,1,0.68,0.85,0.8,0.95,0.9375,0.8,0.65,1,1,1,0.7,0.8125,0.95,0.88,0.76
0.3,0.163334014368034,0.85,0.7,1,0.92,0.9,0.88,1,0.7,0.7,0.95,0.85,0.9,0.8,0.95,1,0.75,0.92,0.92,0.8125,0.84,1,0.96,0.875,0.84,1,0.8,0.9,0.84,1,0.85,0.84,0.75,0.95,1,1,0.68,0.85,0.8,0.95,0.9375,0.8,0.65,1,1,1,0.7,0.8125,1,0.92,0.76
0.3,0.148823870698984,0.9,0.7,1,0.92,0.9,0.92,1,0.7,0.75,0.9,0.85,0.95,0.8,0.95,1,0.75,0.92,0.96,0.8125,0.88,1,0.96,0.9375,0.84,1,0.8,0.9,0.84,1,0.85,0.84,0.75,0.95,1,1,0.68,0.85,0.8,0.95,0.9375,0.8,0.65,1,1,1,0.7,0.8125,1,0.92,0.8
0.3,0.135602768201862,0.9,0.7,1,0.92,0.9,0.92,1,0.7,0.75,0.9,0.85,0.95,0.8,0.95,1,0.75,0.92,0.96,0.8125,0.88,1,0.96,0.9375,0.84,0.95,0.8,0.9,0.8,1,0.85,0.8,0.75,0.95,1,1,0.68,0.85,0.8,0.95,1,0.84,0.65,1,1,1,0.7,0.8125,1,0.92,0.8
0.3,0.123556192011698,0.9,0.7,1,0.92,0.9,0.96,1,0.7,0.75,0.9,0.85,0.95,0.8,0.95,1,0.75,0.88,0.96,0.8125,0.88,0.9,0.96,0.9375,0.84,0.95,0.85,0.9,0.8,1,0.85,0.8,0.75,0.95,0.96,1,0.68,0.85,0.8,0.95,1,0.84,0.65,1,1,1,0.7,0.8125,1,0.92,0.8
0.3,0.112579800448514,0.9,0.7,1,0.92,0.9,0.96,1,0.8,0.75,0.9,0.85,0.95,0.8,0.95,1,0.75,0.88,0.96,0.8125,0.88,0.9,0.96,1,0.84,0.95,0.85,0.9,0.8,1,0.85,0.8,0.8,0.95,0.96,1,0.68,0.85,0.8,0.95,1,0.84,0.65,1,1,1,0.7,0.8125,1,0.92,0.8
0.3,0.102578521259599,0.9,0.7,1,0.92,0.9,0.96,1,0.8,0.8,0.85,0.9,0.95,0.85,0.95,1,0.8,0.88,0.96,0.8125,0.88,0.9,0.96,1,0.84,0.95,0.85,0.9,0.8,1,0.85,0.8,0.8,0.95,0.96,1,0.68,0.85,0.8,0.95,1,0.88,0.65,1,1,1,0.7,0.8125,1,0.92,0.8
0.3,0.0934657281491479,0.9,0.7,1,0.92,0.9,0.96,1,0.8,0.8,0.8,0.95,0.95,0.85,0.95,1,0.8,0.84,0.96,0.8125,0.88,0.85,0.96,1,0.84,0.95,0.85,0.9,0.8,1,0.85,0.8,0.8,0.95,0.96,1,0.68,0.85,0.85,0.9,1,0.88,0.6,1,1,1,0.7,0.8125,1,0.92,0.8
0.3,0.0851624904627187,0.9,0.7,1,0.92,0.85,0.96,1,0.8,0.8,0.8,0.95,0.95,0.85,0.95,1,0.8,0.84,0.96,0.8125,0.88,0.85,0.96,1,0.84,0.95,0.85,0.9,0.8,1,0.85,0.8,0.85,0.95,0.96,1,0.68,0.85,0.9,0.9,1,0.88,0.6,1,1,1,0.7,0.8125,1,0.92,0.8
0.3,0.0775968895276698,0.9,0.7,1,0.92,0.85,0.96,1,0.8,0.8,0.8,0.95,0.95,0.85,0.95,1,0.8,0.84,0.96,0.8125,0.88,0.85,0.96,1,0.84,0.95,0.85,0.9,0.8,1,0.85,0.8,0.85,0.95,0.96,1,0.68,0.85,0.9,0.9,0.9375,0.88,0.6,1,1,1,0.7,0.8125,1,0.92,0.8
0.3,0.0707033957280208,0.9,0.7,1,0.92,0.85,0.96,1,0.8,0.8,0.8,0.95,0.95,0.85,0.95,1,0.8,0.84,0.96,0.8125,0.88,0.85,0.96,1,0.84,0.95,0.85,0.9,0.8,1,0.85,0.8,0.85,0.9,0.96,1,0.72,0.85,0.9,0.9,0.9375,0.88,0.65,1,1,1,0.75,0.8125,1,0.92,0.8
0.3,0.0644223009182675,0.9,0.7,1,0.92,0.85,0.96,1,0.8,0.8,0.8,0.95,0.95,0.85,0.95,1,0.8,0.84,0.96,0.8125,0.88,0.85,0.96,1,0.84,0.95,0.9,0.9,0.8,1,0.85,0.8,0.85,0.9,0.96,1,0.72,0.85,0.9,0.9,0.9375,0.88,0.65,1,1,1,0.8,0.8125,1,0.92,0.8
0.3,0.0586992012599901,0.9,0.7,1,0.92,0.85,0.96,1,0.8,0.8,0.8,0.95,0.95,0.85,0.95,1,0.85,0.84,0.96,0.8125,0.88,0.85,1,1,0.84,0.95,0.9,0.9,0.76,1,0.85,0.8,0.9,0.9,0.96,1,0.76,0.85,0.9,0.9,0.9375,0.88,0.65,1,1,1,0.8,0.8125,1,0.92,0.8
0.3,0.0534845260018303,0.9,0.7,1,0.92,0.9,0.96,1,0.8,0.8,0.8,0.95,0.95,0.85,0.95,1,0.85,0.84,0.96,0.875,0.88,0.85,1,1,0.84,0.95,0.9,0.95,0.76,1,0.85,0.8,0.9,0.9,0.96,1,0.76,0.85,0.9,0.9,0.9375,0.92,0.65,1,1,1,0.8,0.8125,1,0.96,0.8
0.3,0.0487331081213583,0.9,0.7,1,0.92,0.9,0.96,1,0.8,0.8,0.8,0.95,0.95,0.85,0.95,1,0.85,0.84,0.96,0.875,0.88,0.85,1,1,0.84,0.95,0.9,0.95,0.76,1,0.85,0.84,0.9,0.9,0.96,1,0.76,0.85,0.9,0.9,0.9375,0.92,0.65,1,1,1,0.8,0.8125,1,0.96,0.8
0.3,0.0444037931099309,0.9,0.7,1,0.92,0.9,0.96,1,0.85,0.8,0.8,0.95,0.95,0.9,0.95,1,0.85,0.84,0.96,0.875,0.88,0.85,1,1,0.84,1,0.9,0.95,0.76,1,0.85,0.84,0.9,0.9,0.96,1,0.76,0.85,0.9,0.9,0.9375,0.92,0.65,1,1,1,0.8,0.8125,1,0.96,0.8
0.3,0.0404590825120267,0.9,0.7,1,0.92,0.9,0.96,1,0.85,0.8,0.8,1,0.95,0.9,0.95,1,0.9,0.84,0.96,0.875,0.88,0.85,1,1,0.84,1,0.9,0.95,0.76,1,0.85,0.84,0.9,0.95,0.96,1,0.76,0.85,0.9,0.9,0.9375,0.92,0.65,1,1,1,0.8,0.8125,1,0.96,0.8
0.3,0.0368648091315622,0.9,0.7,1,0.92,0.9,0.96,1,1,0.8,0.8,1,0.95,0.9,0.95,1,0.9,0.84,0.96,0.875,0.88,0.85,1,1,0.84,1,0.95,0.95,0.76,1,0.85,0.84,0.9,0.95,0.96,1,0.76,0.85,0.9,0.9,0.9375,0.92,0.65,1,1,1,0.8,0.8125,1,0.96,0.8
0.3,0.0335898410919857,0.9,0.7,1,0.92,0.9,0.96,1,1,0.8,0.8,1,0.95,0.9,0.95,1,0.9,0.92,0.96,0.875,0.88,0.85,1,1,0.84,1,0.95,0.95,0.76,1,0.85,0.84,0.9,1,0.96,1,0.76,0.85,0.9,0.95,0.9375,0.92,0.65,1,1,1,0.8,0.8125,1,0.96,0.8
0.3,0.030605812186855,0.9,0.7,1,0.92,0.9,0.96,1,1,0.8,0.8,1,0.95,0.9,0.95,1,0.9,0.92,0.96,0.875,0.88,0.85,1,1,0.84,1,0.95,1,0.76,1,0.85,0.84,0.9,1,0.96,1,0.8,0.85,0.9,0.95,0.9375,0.92,0.65,1,1,1,0.8,0.8125,1,0.96,0.8
0.3,0.0278868761853278,0.9,0.7,1,0.92,0.9,0.96,1,1,0.8,0.8,1,0.95,0.9,0.95,1,0.9,0.92,0.96,0.875,0.88,0.85,1,1,0.84,1,0.95,1,0.76,1,0.85,0.84,0.95,1,0.96,1,0.8,0.85,0.9,0.95,0.9375,0.96,0.65,1,1,1,0.85,0.8125,1,0.96,0.84
0.3,0.0254094829644747,0.95,0.7,1,0.92,0.9,0.96,1,1,0.8,0.8,1,0.95,0.9,0.95,1,0.9,0.92,0.96,0.875,0.88,0.85,1,1,0.84,1,0.95,1,0.76,1,0.85,0.84,0.95,1,0.96,1,0.8,0.85,0.9,0.95,0.9375,0.96,0.65,1,1,1,0.85,0.8125,1,0.96,0.84
0.3,0.0231521745293803,0.95,0.7,1,0.88,0.9,1,1,1,0.85,0.8,1,0.95,0.9,0.95,1,0.95,0.92,0.96,0.875,0.88,0.85,1,1,0.84,1,0.95,1,0.76,1,0.85,0.84,0.95,1,0.96,1,0.84,0.9,0.9,0.95,0.9375,1,0.65,1,1,1,0.85,0.8125,1,0.96,0.84
0.3,0.021095399154257,0.95,0.7,1,0.88,0.9,1,1,1,0.85,0.8,1,0.95,0.9,0.95,1,0.95,0.92,0.96,0.9375,0.88,0.85,1,1,0.88,1,0.95,1,0.76,1,0.85,0.84,0.95,1,0.96,1,0.84,0.9,0.9,0.95,0.9375,1,0.65,1,1,1,0.9,0.8125,1,0.96,0.84
0.3,0.0192213420347492,0.95,0.7,1,0.92,0.9,1,1,1,0.85,0.8,1,0.95,0.9,0.95,1,0.95,0.92,0.96,0.9375,0.88,0.85,1,1,0.88,1,1,1,0.76,1,0.85,0.84,0.95,1,0.96,1,0.84,0.9,0.9,0.95,0.9375,1,0.65,1,1,1,0.9,0.8125,1,0.96,0.84
0.3,0.0175137709846206,0.95,0.7,1,0.92,0.9,1,1,1,0.9,0.8,1,0.95,0.9,0.95,1,1,0.92,0.96,0.9375,0.88,0.85,1,1,0.88,1,1,1,0.76,1,0.85,0.84,0.95,1,0.96,1,0.84,0.9,0.9,0.95,0.9375,1,0.6,1,1,1,0.9,0.8125,1,0.96,0.84
0.3,0.0159578958403224,0.95,0.7,1,0.92,0.95,1,1,1,0.9,0.8,1,0.95,0.9,0.95,1,0.95,0.92,0.96,0.9375,0.88,0.85,1,1,0.88,1,1,1,0.76,1,0.85,0.84,0.95,1,0.96,1,0.84,0.9,0.9,0.95,0.9375,1,0.6,1,1,1,0.9,0.8125,1,0.96,0.84
0.3,0.014540240355672,0.95,0.7,1,0.92,0.95,1,1,1,0.9,0.8,1,0.95,0.9,0.95,1,0.95,0.92,0.96,0.9375,0.88,0.85,1,1,0.88,1,1,1,0.76,1,0.85,0.84,0.95,1,0.96,1,0.88,0.9,0.9,0.95,0.9375,1,0.6,1,1,1,0.9,0.8125,1,0.96,0.84
0.3,0.0132485254770558,0.95,0.7,1,0.92,0.95,1,1,1,0.9,0.8,1,0.95,0.9,0.95,1,0.95,0.92,0.96,0.9375,0.88,0.85,1,1,0.88,1,1,1,0.76,1,0.85,0.84,0.95,1,0.96,1,0.88,0.9,0.9,0.95,0.9375,1,0.6,1,1,1,0.9,0.8125,1,0.96,0.84
0.3,0.0120715629881404,0.95,0.7,1,0.92,0.95,1,1,1,0.9,0.8,1,0.95,0.85,0.95,1,0.95,0.92,0.92,0.9375,0.88,0.85,1,1,0.84,1,1,1,0.76,1,0.85,0.84,0.95,1,0.96,1,0.92,0.9,0.9,0.95,0.9375,1,0.6,1,1,1,0.9,0.8125,1,0.96,0.84
0.3,0.0109991586028958,0.95,0.7,1,0.92,0.95,1,1,1,0.9,0.8,1,0.95,0.85,0.95,1,0.95,0.92,0.92,0.9375,0.88,0.85,1,1,0.84,1,1,1,0.76,1,0.85,0.84,0.95,1,0.96,1,0.92,0.9,0.9,0.95,0.9375,1,0.6,1,1,1,0.9,0.8125,1,0.96,0.84
0.3,0.0100220236675659,0.95,0.7,1,0.92,0.95,1,1,1,0.9,0.8,1,0.95,0.85,0.95,1,0.95,0.92,0.92,0.9375,0.88,0.8,1,1,0.84,1,1,1,0.76,1,0.85,0.84,0.95,1,0.96,1,0.92,0.9,0.9,0.95,0.9375,1,0.6,1,1,1,0.9,0.8125,1,0.96,0.84
0.3,0.009131694706794,0.95,0.7,1,0.92,0.95,1,1,1,0.9,0.8,1,0.95,0.85,0.95,1,0.95,0.92,0.92,0.9375,0.88,0.8,1,1,0.84,1,1,1,0.76,1,0.85,0.84,0.95,1,0.96,1,0.96,0.9,0.9,0.95,0.9375,1,0.6,1,1,1,0.9,0.8125,1,0.96,0.84
0.3,0.00832046011704765,0.95,0.7,1,0.92,0.95,1,1,1,0.9,0.8,1,0.95,0.85,0.95,1,0.95,0.92,0.92,0.9375,0.88,0.8,1,1,0.84,1,1,1,0.76,1,0.85,0.84,0.95,1,0.96,1,0.96,0.9,0.9,0.9,0.9375,1,0.6,1,1,1,0.9,0.8125,1,0.96,0.84
0.3,0.00758129337239814,0.95,0.7,1,0.92,0.95,1,1,1,0.9,0.8,1,0.95,0.85,0.95,1,0.95,0.92,0.92,0.9375,0.88,0.8,1,1,0.84,1,1,1,0.8,1,0.85,0.84,0.95,1,0.96,1,0.96,0.9,0.9,0.9,0.9375,1,0.65,1,1,1,0.9,0.8125,1,0.96,0.84
0.3,0.00690779216411438,0.95,0.7,1,0.92,0.95,1,1,1,0.95,0.8,1,0.95,0.85,0.95,1,0.95,0.92,0.92,0.9375,0.88,0.8,1,1,0.84,1,1,1,0.8,1,0.85,0.84,0.95,1,0.96,1,0.96,0.95,0.9,0.9,0.9375,1,0.65,1,1,1,0.9,0.8125,1,0.96,0.8
0.3,0.00629412294692744,0.95,0.7,1,0.92,0.95,1,1,1,0.95,0.8,1,0.95,0.85,0.95,1,0.95,0.92,0.92,0.9375,0.88,0.8,1,1,0.84,1,1,1,0.8,1,0.85,0.84,0.95,1,0.96,1,0.96,0.95,0.9,0.9,0.9375,1,0.65,1,1,1,0.9,0.8125,1,0.96,0.8
0.3,0.00573497041165215,0.95,0.7,1,0.92,0.95,1,1,1,0.9,0.8,1,0.95,0.85,0.95,1,0.95,0.96,0.92,0.9375,0.88,0.8,1,1,0.84,1,1,1,0.8,1,0.85,0.84,0.95,1,0.96,1,0.96,0.95,0.9,0.9,0.9375,1,0.65,1,1,1,0.9,0.8125,1,0.96,0.8
0.3,0.00522549144652176,0.95,0.7,1,0.92,1,1,1,1,0.9,0.8,1,0.95,0.85,0.9,1,0.95,0.96,0.92,0.9375,0.88,0.8,1,1,0.88,1,1,1,0.8,1,0.85,0.84,0.95,1,0.96,1,0.96,0.95,0.9,0.9,0.9375,1,0.7,1,1,1,0.9,0.8125,1,0.96,0.8
0.3,0.00476127318847068,0.95,0.7,1,0.92,1,1,1,1,0.9,0.8,1,0.95,0.85,0.9,1,0.95,0.96,0.92,0.9375,0.92,0.8,1,1,0.88,1,1,1,0.84,1,0.85,0.84,0.95,1,0.96,1,0.96,0.95,0.9,0.9,0.9375,1,0.7,1,1,1,0.9,0.8125,1,0.96,0.8
0.3,0.00433829480102573,0.95,0.7,1,0.92,1,1,1,1,0.9,0.8,1,0.95,0.85,0.9,1,0.95,0.96,0.92,0.9375,0.92,0.8,1,1,0.88,1,1,1,0.84,1,0.85,0.84,0.95,1,0.96,1,0.96,0.95,0.9,0.9,0.9375,1,0.7,1,1,1,0.9,0.8125,1,0.96,0.8
0.3,0.0039528926477441,0.95,0.7,1,0.92,1,1,1,1,0.9,0.8,1,0.95,0.85,0.9,1,0.95,0.96,0.92,0.9375,0.92,0.8,1,1,0.88,1,1,1,0.84,1,0.85,0.84,0.95,1,0.96,1,0.96,0.95,0.9,0.9,0.9375,1,0.7,1,1,1,0.9,0.8125,1,0.96,0.8
0.3,0.00360172855954717,0.95,0.7,1,0.92,1,1,1,1,0.9,0.8,1,0.95,0.85,0.9,1,0.95,0.96,0.92,0.9375,0.92,0.75,1,1,0.88,1,1,1,0.84,1,0.85,0.84,0.95,1,0.96,1,0.96,0.95,0.9,0.9,0.9375,1,0.7,1,1,1,0.9,0.8125,1,0.96,0.8
0.3,0.00328176092109687,0.95,0.7,1,0.96,1,1,1,1,0.9,0.8,1,0.95,0.85,0.9,1,1,0.96,0.92,0.9375,0.92,0.75,1,1,0.88,1,1,1,0.84,1,0.85,0.84,0.95,1,0.96,1,0.96,0.95,0.95,0.9,0.9375,1,0.75,1,1,1,0.9,0.8125,1,0.96,0.8
0.3,0.00299021832577873,0.95,0.7,1,0.96,1,1,1,1,0.9,0.8,1,0.95,0.9,0.9,1,1,0.92,0.92,0.9375,0.96,0.75,1,1,0.84,1,1,1,0.84,1,0.85,0.84,0.95,1,0.96,1,0.96,0.95,0.95,0.9,0.9375,1,0.75,1,1,1,0.9,0.8125,1,0.96,0.8
0.3,0.00272457557110359,0.95,0.7,1,0.96,1,1,1,1,0.9,0.8,1,0.95,0.9,0.85,1,1,0.96,0.92,0.9375,0.96,0.75,1,1,0.84,0.95,1,1,0.84,1,0.85,0.84,0.95,1,0.96,1,0.96,0.95,0.95,0.9,0.9375,1,0.8,1,1,1,0.9,0.8125,1,0.96,0.8
0.3,0.00248253178661168,0.95,0.7,1,0.96,1,1,1,1,0.9,0.8,1,0.95,0.9,0.85,1,1,0.96,0.92,0.9375,0.96,0.75,1,1,0.84,0.95,1,1,0.84,1,0.85,0.84,0.95,1,0.96,1,0.96,0.95,0.9,0.9,0.9375,1,0.8,1,1,1,0.9,0.8125,1,0.96,0.8
0.3,0.00226199050483341,0.95,0.65,1,0.96,1,1,1,1,0.9,0.8,1,0.95,0.9,0.85,1,1,0.96,0.88,0.9375,0.96,0.75,1,1,0.84,0.95,1,1,0.84,1,0.85,0.8,0.95,1,0.96,1,0.96,0.95,0.9,0.9,0.9375,1,0.85,1,1,1,0.9,0.8125,1,0.96,0.8
0.3,0.00206104150269107,0.95,0.65,1,0.96,1,1,1,1,0.9,0.8,1,0.95,0.9,0.85,1,1,0.96,0.88,0.9375,0.96,0.75,1,1,0.84,0.95,1,1,0.84,1,0.85,0.8,0.95,1,0.96,1,0.96,0.95,0.9,0.95,0.9375,1,0.85,1,1,1,0.9,0.8125,1,0.92,0.8
0.3,0.00187794425606041,0.95,0.65,1,0.96,1,1,1,1,0.9,0.8,1,0.95,0.9,0.85,1,1,0.96,0.88,0.9375,0.96,0.75,1,1,0.84,0.95,1,1,0.84,1,0.85,0.8,0.95,1,0.96,1,0.96,0.95,0.9,0.95,0.9375,1,0.85,1,1,1,0.9,0.8125,1,0.92,0.8
0.3,0.00171111286418325,0.95,0.65,1,0.96,1,1,1,1,0.9,0.8,1,0.95,0.9,0.85,1,1,0.96,0.88,0.9375,0.92,0.75,1,1,0.84,0.95,1,1,0.88,1,0.85,0.8,0.95,1,0.96,1,0.96,0.95,0.9,0.95,0.9375,1,0.85,1,1,1,0.9,0.8125,1,0.92,0.8
0.3,0.00155910231335388,0.95,0.65,1,0.96,1,1,1,1,0.9,0.8,1,0.95,0.9,0.85,1,1,0.96,0.88,0.9375,0.92,0.75,1,1,0.84,0.95,1,1,0.88,1,0.85,0.8,0.95,1,0.96,1,0.96,0.95,0.9,0.95,0.9375,1,0.85,1,1,1,0.95,0.8125,1,0.92,0.8
0.3,0.00142059596090156,0.95,0.65,1,0.96,1,1,1,1,0.9,0.8,1,0.95,0.9,0.85,1,1,0.96,0.88,0.9375,0.92,0.7,1,1,0.84,0.95,1,1,0.88,1,0.85,0.8,0.95,1,0.96,1,0.96,0.95,0.9,0.95,0.9375,1,0.85,1,1,1,0.95,0.8125,1,0.92,0.8
0.3,0.0012943941310616,0.95,0.65,1,0.96,1,1,1,1,0.9,0.8,1,0.95,0.9,0.85,1,1,0.96,0.88,0.9375,0.92,0.7,1,1,0.84,0.95,1,1,0.88,1,0.85,0.8,0.95,1,0.96,1,0.96,0.95,0.9,0.95,0.875,1,0.85,1,1,1,0.95,0.8125,1,0.92,0.8
0.3,0.0011794037239578,0.95,0.65,1,0.96,1,1,1,1,0.9,0.8,1,0.95,0.9,0.85,1,1,0.96,0.88,0.9375,0.92,0.7,1,1,0.84,0.95,1,1,0.88,1,0.85,0.8,0.95,1,0.96,1,0.96,0.95,0.9,0.95,0.875,1,0.85,0.95,1,1,0.95,0.8125,1,0.92,0.8
0.3,0.00107462874769426,0.95,0.65,1,0.92,1,1,1,1,0.9,0.8,1,0.95,0.9,0.9,1,1,0.96,0.88,0.9375,0.92,0.7,1,1,0.84,0.95,1,1,0.88,1,0.85,0.8,0.95,1,0.96,1,0.96,0.95,0.9,0.95,0.875,1,0.85,0.95,1,1,0.95,0.8125,1,0.92,0.8
0.3,0.000979161691550038,0.95,0.65,1,0.92,1,1,1,1,0.9,0.8,1,0.95,0.9,0.9,1,1,0.96,0.88,0.9375,0.92,0.7,1,1,0.84,0.95,1,1,0.88,1,0.85,0.8,0.95,1,0.96,1,0.96,0.95,0.9,0.95,0.875,1,0.85,0.95,1,1,0.95,0.8125,1,0.92,0.8
0.3,0.000892175665555437,0.95,0.65,1,0.92,1,1,1,1,0.9,0.75,1,0.95,0.9,0.95,1,1,0.96,0.88,0.9375,0.92,0.7,1,1,0.84,0.95,1,1,0.88,1,0.85,0.8,0.95,1,0.96,0.95,0.96,0.95,0.9,0.95,0.875,1,0.85,0.95,1,1,0.95,0.8125,1,0.92,0.8
0.3,0.000812917238366663,0.95,0.65,1,0.92,1,1,1,1,0.9,0.75,1,0.95,0.85,0.95,1,1,0.96,0.88,0.9375,0.92,0.7,1,1,0.84,0.95,1,1,0.88,1,0.85,0.8,0.95,1,0.96,0.95,0.96,0.95,0.9,0.95,0.875,1,0.85,0.95,1,1,0.95,0.8125,1,0.92,0.8
0.3,0.000740699911403961,0.95,0.65,1,0.92,1,1,1,1,0.9,0.75,1,0.95,0.85,0.95,1,1,0.96,0.88,0.9375,0.92,0.7,1,1,0.84,0.95,1,1,0.88,1,0.85,0.8,0.95,1,0.96,0.95,0.96,0.95,0.9,0.95,0.8125,1,0.85,0.95,1,1,0.95,0.8125,1,0.92,0.8
0.3,0.000674898172729332,0.95,0.65,1,0.92,1,1,1,1,0.9,0.75,1,0.95,0.85,0.95,1,1,0.96,0.88,0.9375,0.92,0.7,1,1,0.84,0.95,1,1,0.88,1,0.85,0.8,0.95,1,0.96,0.95,1,0.95,0.9,0.95,0.8125,1,0.85,0.95,1,1,0.95,0.8125,1,0.92,0.76
0.3,0.000614942079161365,0.95,0.65,1,0.92,1,1,1,1,0.9,0.75,1,0.95,0.85,0.95,1,1,0.96,0.88,0.9375,0.92,0.7,1,1,0.84,0.95,1,1,0.92,1,0.85,0.8,0.95,1,0.96,0.95,1,0.95,0.9,0.95,0.8125,1,0.9,0.95,1,1,0.95,0.8125,1,0.92,0.76
0.3,0.000560312319700059,0.95,0.65,1,0.88,1,1,1,1,0.9,0.75,1,0.95,0.85,0.95,1,1,0.96,0.88,0.9375,0.92,0.7,1,1,0.84,0.95,1,1,0.92,1,0.9,0.8,0.95,1,0.96,0.95,1,0.95,0.9,0.95,0.8125,1,0.9,0.95,1,1,0.95,0.8125,1,0.92,0.76
0.3,0.000510535717503369,0.95,0.65,1,0.88,1,1,1,1,0.9,0.75,1,0.9,0.85,0.95,1,1,0.96,0.88,0.9375,0.92,0.7,1,1,0.84,0.95,1,1,0.92,1,0.9,0.8,0.95,1,0.96,0.95,1,0.95,0.9,0.95,0.8125,1,0.9,0.95,1,1,0.95,0.8125,1,0.92,0.76
0.3,0.000465181131455768,0.95,0.65,1,0.88,1,1,1,1,0.9,0.75,1,0.85,0.8,0.95,1,1,0.96,0.88,0.9375,0.88,0.7,1,1,0.84,0.95,1,1,0.92,1,0.9,0.8,0.95,1,0.96,0.95,1,0.95,0.9,0.95,0.8125,1,0.9,0.95,1,1,0.95,0.8125,1,0.92,0.72
0.3,0.00042385572183016,0.95,0.65,1,0.84,1,1,1,1,0.9,0.75,1,0.85,0.8,0.95,1,1,0.96,0.88,0.9375,0.88,0.7,1,1,0.84,0.95,1,1,0.92,1,0.9,0.8,0.95,1,0.96,0.95,1,0.95,0.9,0.95,0.8125,1,0.9,0.95,1,1,0.95,0.8125,1,0.92,0.72
0.3,0.000386201547698088,0.95,0.65,1,0.84,1,1,1,1,0.9,0.75,1,0.85,0.8,0.95,1,1,0.96,0.88,0.9375,0.88,0.7,1,1,0.8,0.95,1,1,0.92,1,0.9,0.8,0.95,1,0.96,0.95,1,0.95,0.9,0.95,0.8125,1,0.9,0.95,1,1,0.95,0.8125,1,0.96,0.72
0.3,0.000351892466616658,0.95,0.65,1,0.84,1,1,1,1,0.9,0.75,1,0.85,0.8,0.95,1,1,0.96,0.88,0.9375,0.88,0.7,1,1,0.8,0.95,1,1,0.92,1,0.9,0.8,0.95,1,0.96,0.95,1,0.95,0.9,0.95,0.8125,1,0.9,0.95,1,1,0.95,0.8125,1,1,0.72
0.3,0.000320631309738712,0.95,0.65,1,0.84,1,1,1,1,0.9,0.75,1,0.85,0.8,0.95,1,1,0.96,0.88,0.9375,0.88,0.7,1,1,0.8,0.95,1,1,0.92,1,0.9,0.8,0.95,1,0.96,0.95,1,0.95,0.9,0.95,0.8125,1,0.9,0.95,1,1,0.95,0.8125,1,1,0.72
0.3,0.000292147307878444,0.95,0.65,1,0.84,1,1,1,1,0.9,0.75,1,0.85,0.8,0.95,1,1,0.96,0.88,0.9375,0.88,0.7,1,1,0.8,0.95,1,1,0.92,1,0.9,0.8,0.95,1,0.96,0.95,1,0.95,0.9,0.95,0.8125,1,0.9,0.95,1,1,0.95,0.8125,1,1,0.72
0.3,0.000266193746238243,0.95,0.65,1,0.84,1,1,1,1,0.95,0.75,1,0.85,0.8,0.95,1,1,0.96,0.88,0.9375,0.88,0.7,1,1,0.8,0.95,1,1,0.92,1,0.9,0.8,0.95,1,0.96,0.95,1,0.95,0.9,0.95,0.8125,1,0.9,0.95,1,1,0.95,0.8125,1,1,0.72
0.3,0.000242545827483145,0.95,0.65,1,0.84,1,1,1,1,0.95,0.75,1,0.85,0.8,0.95,1,1,0.96,0.88,0.9375,0.88,0.7,1,1,0.8,0.95,1,1,0.92,1,0.9,0.8,0.95,1,0.96,0.9,1,0.95,0.95,0.95,0.8125,1,0.9,0.95,1,0.95,0.95,0.8125,1,1,0.72
0.3,0.000220998724653854,0.95,0.65,1,0.84,1,1,1,1,0.95,0.75,1,0.85,0.8,0.95,1,1,0.96,0.88,0.9375,0.88,0.7,1,1,0.8,0.95,1,1,0.92,1,0.9,0.8,0.95,1,0.96,0.9,1,0.95,0.95,0.95,0.8125,1,0.9,0.95,1,0.95,0.95,0.8125,1,1,0.72
0.3,0.000201365807053614,0.95,0.65,1,0.84,1,1,1,1,0.95,0.75,1,0.85,0.8,0.9,1,1,0.96,0.88,0.9375,0.88,0.7,1,1,0.8,0.95,1,1,0.92,1,0.9,0.8,0.95,1,0.96,0.9,1,0.95,0.95,0.95,0.8125,1,0.9,0.95,1,0.95,0.95,0.8125,1,1,0.72
0.3,0.000183477023742391,0.95,0.65,1,0.84,1,1,1,1,0.95,0.75,1,0.85,0.8,0.9,1,1,0.96,0.88,0.9375,0.88,0.7,1,1,0.8,0.95,1,1,0.92,1,0.9,0.8,0.95,1,0.96,0.9,1,0.95,0.95,0.95,0.8125,1,0.9,0.95,1,0.95,0.95,0.8125,1,1,0.72
0.3,0.000167177430636984,0.95,0.65,1,0.84,1,1,1,1,0.95,0.75,1,0.85,0.8,0.9,1,1,0.96,0.88,0.9375,0.88,0.7,1,1,0.8,0.95,1,1,0.92,1,0.9,0.8,0.95,1,0.96,0.9,1,0.9,0.95,0.95,0.8125,1,0.9,0.95,1,0.95,0.95,0.8125,1,1,0.72
0.3,0.0001523258484595,0.95,0.65,1,0.84,1,1,1,1,0.95,0.75,1,0.85,0.8,0.9,1,1,0.96,0.88,0.9375,0.88,0.65,1,1,0.8,0.95,1,1,0.92,1,0.9,0.8,0.95,1,0.96,0.9,1,0.9,0.95,0.95,0.8125,1,0.95,0.95,1,0.95,0.95,0.8125,1,1,0.72
0.3,0.000138793639909988,0.95,0.65,1,0.84,1,1,1,1,0.95,0.75,1,0.85,0.8,0.9,1,1,0.96,0.88,0.9375,0.88,0.65,1,1,0.8,0.95,1,1,0.92,1,0.9,0.8,0.95,1,0.96,0.9,1,0.9,0.95,0.95,0.8125,1,0.95,0.95,1,0.95,0.95,0.8125,1,1,0.72
0.3,0.000126463595471686,0.95,0.65,1,0.84,1,1,1,1,0.95,0.75,1,0.85,0.75,0.9,1,1,0.96,0.88,0.9375,0.88,0.65,1,1,0.8,0.95,1,1,0.92,1,0.9,0.8,0.95,1,0.96,0.9,1,0.9,0.95,0.95,0.8125,1,0.95,0.95,1,0.95,0.95,0.8125,1,1,0.72
0.3,0.000115228918198256,0.95,0.65,1,0.84,1,1,1,1,0.95,0.75,1,0.85,0.75,0.9,1,1,0.96,0.88,0.9375,0.88,0.65,1,1,0.8,0.95,1,1,0.92,1,0.9,0.8,0.95,1,0.96,0.9,1,0.9,0.95,0.95,0.8125,1,0.95,0.95,1,0.95,0.95,0.8125,1,1,0.72
0.3,0.000104992298689729,0.95,0.65,1,0.88,1,1,1,1,0.95,0.75,1,0.85,0.75,0.9,1,1,0.96,0.88,0.9375,0.88,0.65,1,1,0.8,0.95,1,1,0.92,1,0.9,0.8,0.95,1,0.96,0.9,1,0.9,0.95,0.95,0.8125,1,0.95,0.95,1,0.95,0.95,0.8125,1,1,0.72
0.3,0.000095665072245034,0.95,0.65,1,0.84,1,1,1,1,0.95,0.75,1,0.85,0.75,0.9,1,1,0.96,0.88,0.9375,0.88,0.65,1,1,0.8,0.95,1,1,0.92,1,0.9,0.8,0.95,1,0.96,0.9,1,0.9,0.95,0.95,0.8125,1,0.95,0.95,1,0.95,0.95,0.8125,1,1,0.72
0.3,0.0000871664508907726,0.95,0.65,1,0.8,1,1,1,1,0.95,0.75,1,0.85,0.75,0.9,1,1,0.96,0.88,0.9375,0.88,0.65,1,1,0.8,0.95,1,1,0.92,1,0.9,0.76,0.95,1,0.96,0.9,1,0.9,0.95,0.95,0.8125,1,0.95,0.95,1,0.95,0.95,0.8125,1,1,0.72
0.3,0.0000794228236344418,0.95,0.65,1,0.8,1,1,1,1,0.95,0.75,1,0.85,0.75,0.9,1,1,0.96,0.88,0.9375,0.88,0.65,1,1,0.8,1,1,1,0.92,1,0.9,0.76,0.95,1,0.96,0.9,1,0.9,0.95,0.95,0.8125,1,0.95,0.95,1,0.95,0.95,0.8125,1,1,0.72
0.3,0.0000723671188812324,0.95,0.65,1,0.8,1,1,1,1,0.95,0.75,1,0.85,0.75,0.9,1,1,0.96,0.88,0.9375,0.88,0.65,1,1,0.8,1,1,1,0.92,1,0.9,0.76,0.95,1,0.96,0.9,1,0.9,0.95,0.95,0.8125,0.96,0.95,0.95,1,0.95,0.95,0.8125,1,1,0.72
0.3,0.000065938223491961,0.95,0.65,1,0.8,1,1,1,1,0.95,0.75,1,0.85,0.75,0.9,1,1,0.96,0.88,0.9375,0.88,0.65,1,1,0.8,1,1,1,0.92,1,0.9,0.76,0.95,1,0.96,0.9,1,0.9,0.95,0.95,0.8125,0.96,0.95,0.95,1,0.95,0.95,0.8125,1,1,0.72
0.3,0.0000600804534502943,0.95,0.65,1,0.8,1,1,1,1,0.95,0.75,1,0.85,0.75,0.9,1,1,0.96,0.88,0.9375,0.88,0.65,1,1,0.8,1,1,1,0.92,1,0.9,0.76,0.95,1,0.96,0.9,1,0.9,0.95,0.95,0.8125,0.96,0.95,0.95,1,0.95,0.95,0.8125,1,1,0.72
0.3,0.0000547430715544385,0.95,0.65,1,0.8,1,1,1,1,0.95,0.75,0.95,0.85,0.75,0.9,1,1,0.96,0.88,0.9375,0.88,0.65,1,1,0.8,1,1,1,0.92,1,0.9,0.76,0.95,1,0.96,0.9,1,0.9,0.95,0.95,0.8125,0.96,0.95,0.95,1,0.95,0.95,0.8125,1,1,0.72
0.3,0.0000498798479557696,0.95,0.65,1,0.8,1,1,1,1,0.95,0.75,0.95,0.85,0.75,0.9,1,1,0.96,0.88,0.9375,0.88,0.65,1,1,0.8,1,1,1,0.92,1,0.9,0.76,0.95,1,0.96,0.9,1,0.9,0.95,0.95,0.8125,0.96,0.95,0.95,1,0.95,0.95,0.8125,1,1,0.72
0.4,0.374098859668272,0.25,0.4,0.875,0.4,1,0.48,0.625,0.55,0.45,0.55,0.55,0.8,0.75,0.45,0.525,0.525,0.4,0.28,0.5,0.8,0.575,0.8,0.875,0.56,0.425,0.45,0.2,0.72,0.6,0.7,0.68,0.65,0.9,0.6,0.55,0.44,0.35,0.35,0.7,0.625,0.36,0.55,0.55,0.5,0.6,0.75,0.9375,0.75,0.64,0.6
0.4,0.340864948035004,0.4,0.45,0.95,0.76,1,0.76,1,0.55,0.45,0.6,0.6,0.5,0.65,0.6,0.95,0.6,0.8,0.28,0.5,0.68,0.75,0.68,0.8125,0.56,0.75,0.45,0.25,0.72,0.65,0.75,0.6,0.65,0.75,0.8,0.7,0.48,0.55,0.45,0.75,0.75,0.36,0.65,0.5,0.8,0.6,0.7,0.9375,0.65,0.88,0.72
0.4,0.310583445514737,0.5,0.55,1,0.92,1,0.76,1,0.6,0.6,0.65,0.65,0.7,0.6,0.6,0.95,0.6,0.84,0.48,0.625,0.72,0.95,0.68,0.875,0.76,0.95,0.5,0.5,0.88,0.75,0.75,0.6,0.65,0.65,0.8,0.8,0.52,0.7,0.65,0.8,0.875,0.36,0.7,0.7,0.7,0.8,0.6,0.9375,0.7,0.84,0.72
0.4,0.282992068219053,0.65,0.55,1,0.92,1,0.72,1,0.55,0.65,0.75,0.7,0.85,0.6,0.65,0.95,0.6,0.84,0.6,0.75,0.76,0.95,0.92,0.75,0.76,1,0.55,0.6,0.88,0.85,0.8,0.6,0.65,0.85,0.92,0.8,0.56,0.8,0.65,0.85,0.875,0.52,0.7,0.9,0.75,1,0.65,0.9375,0.75,0.84,0.72
0.4,0.257851832837295,0.7,0.55,0.95,0.92,1,0.72,1,0.6,0.65,0.7,0.7,0.8,0.6,0.75,1,0.6,0.84,0.68,0.75,0.76,1,0.88,0.6875,0.76,1,0.6,0.7,0.92,1,0.85,0.72,0.65,0.9,0.92,0.85,0.56,0.85,0.7,0.85,0.9375,0.6,0.7,0.9,0.75,1,0.65,0.9375,0.75,0.88,0.72
0.4,0.23494498667746,0.7,0.6,1,0.92,1,0.72,0.95,0.65,0.7,0.75,0.7,0.9,0.7,0.75,1,0.55,0.88,0.88,0.75,0.8,1,0.88,0.8125,0.76,1,0.7,0.7,0.88,1,0.85,0.76,0.65,0.9,0.88,0.85,0.64,0.85,0.75,0.85,0.9375,0.68,0.7,0.9,0.85,1,0.7,0.9375,0.75,0.88,0.8
0.4,0.214073121596551,0.75,0.6,1,0.92,0.95,0.72,1,0.65,0.7,0.8,0.75,0.9,0.7,0.85,1,0.55,0.96,0.88,0.75,0.8,1,0.88,0.8125,0.8,1,0.75,0.7,0.88,1,0.85,0.8,0.65,0.95,0.92,0.9,0.64,0.85,0.75,0.85,0.9375,0.72,0.7,1,0.85,1,0.7,0.875,0.75,0.88,0.84
0.4,0.19505545548416,0.75,0.65,1,0.92,0.95,0.8,1,0.65,0.7,0.85,0.8,0.9,0.75,0.85,1,0.65,0.92,0.88,0.75,0.8,1,1,0.875,0.8,1,0.8,0.75,0.88,1,0.85,0.8,0.7,0.95,0.92,0.95,0.68,0.85,0.75,0.85,0.9375,0.72,0.7,1,0.85,1,0.7,0.8125,0.85,0.88,0.84
0.4,0.177727266414309,0.75,0.65,1,0.92,0.95,0.84,1,0.65,0.7,0.85,0.85,0.9,0.85,0.9,1,0.7,0.92,0.88,0.75,0.8,1,0.96,0.875,0.84,1,0.8,0.8,0.88,0.95,0.85,0.84,0.7,0.95,0.92,0.95,0.68,0.85,0.8,0.9,0.9375,0.76,0.7,1,0.85,1,0.7,0.8125,0.8,0.88,0.88
0.4,0.161938465902934,0.75,0.7,1,0.92,0.95,0.84,1,0.65,0.7,0.9,0.85,0.9,0.85,0.9,1,0.7,0.92,0.88,0.75,0.8,1,0.96,0.9375,0.8,1,0.8,0.85,0.88,1,0.85,0.8,0.75,0.95,0.92,0.95,0.68,0.85,0.8,0.9,0.9375,0.8,0.7,1,0.9,1,0.7,0.8125,0.85,0.88,0.84
0.4,0.147552298913231,0.8,0.7,1,0.92,0.95,0.84,1,0.65,0.7,0.9,0.85,0.9,0.85,0.95,1,0.7,0.92,0.88,0.8125,0.8,1,0.96,0.9375,0.8,1,0.8,0.85,0.88,1,0.85,0.8,0.75,0.95,0.96,0.95,0.68,0.85,0.8,0.9,0.9375,0.8,0.7,1,0.95,1,0.7,0.8125,0.9,0.88,0.84
0.4,0.134444159348957,0.8,0.7,1,0.92,0.9,0.88,1,0.7,0.7,0.9,0.85,0.9,0.85,0.95,1,0.75,0.92,0.92,0.8125,0.84,1,0.96,0.9375,0.8,1,0.8,0.85,0.88,1,0.85,0.84,0.75,0.95,0.96,0.95,0.68,0.85,0.8,0.9,0.9375,0.8,0.65,1,0.95,1,0.7,0.8125,0.9,0.88,0.84
0.4,0.122500510776025,0.8,0.7,1,0.92,0.9,0.92,1,0.7,0.7,0.95,0.85,0.9,0.85,0.95,1,0.75,0.92,0.92,0.8125,0.84,1,0.96,0.9375,0.8,1,0.8,0.9,0.84,1,0.85,0.84,0.75,0.9,0.96,1,0.68,0.85,0.8,0.9,0.9375,0.8,0.65,1,1,1,0.7,0.8125,0.95,0.92,0.84
0.4,0.111617903024238,0.8,0.7,1,0.92,0.9,0.92,1,0.7,0.75,0.95,0.85,0.9,0.85,0.95,1,0.75,0.92,0.96,0.8125,0.84,1,0.96,0.9375,0.84,0.95,0.8,0.9,0.84,1,0.85,0.84,0.75,0.9,0.96,1,0.68,0.85,0.8,0.9,0.9375,0.8,0.65,1,1,1,0.7,0.8125,1,0.92,0.8
0.4,0.101702076151396,0.85,0.7,1,0.92,0.9,0.96,1,0.7,0.75,0.95,0.85,0.9,0.85,0.95,1,0.75,0.88,0.96,0.8125,0.84,1,0.96,1,0.84,0.95,0.8,0.9,0.8,1,0.85,0.84,0.75,0.9,0.96,1,0.68,0.85,0.8,0.9,0.9375,0.8,0.65,1,1,1,0.7,0.8125,1,0.92,0.8
0.4,0.0926671440087737,0.85,0.7,1,0.92,0.9,0.96,1,0.8,0.75,0.95,0.85,0.9,0.8,0.95,1,0.8,0.88,0.96,0.8125,0.84,0.95,0.96,1,0.84,0.95,0.85,0.9,0.8,1,0.85,0.8,0.8,0.95,0.96,1,0.68,0.85,0.8,0.9,0.9375,0.84,0.65,1,1,1,0.7,0.8125,1,0.92,0.8
0.4,0.0844348503363852,0.9,0.7,1,0.92,0.9,0.96,1,0.8,0.75,0.9,0.95,0.95,0.8,0.95,1,0.8,0.84,0.96,0.8125,0.84,0.9,1,1,0.84,0.95,0.85,0.9,0.8,1,0.85,0.8,0.8,0.95,0.96,1,0.68,0.85,0.8,0.9,0.875,0.88,0.65,1,1,1,0.7,0.75,1,0.92,0.8
0.4,0.0769338909446996,0.9,0.7,1,0.92,0.9,0.96,1,0.8,0.8,0.9,0.95,0.95,0.8,0.95,1,0.8,0.84,0.96,0.8125,0.84,0.9,1,1,0.84,0.95,0.85,0.9,0.8,1,0.85,0.8,0.85,0.95,0.96,1,0.68,0.85,0.8,0.9,0.875,0.88,0.6,1,1,1,0.7,0.75,1,0.92,0.8
0.4,0.070099296111861,0.9,0.7,1,0.92,0.85,0.96,1,0.8,0.8,0.9,0.95,0.95,0.85,0.95,1,0.8,0.84,0.96,0.8125,0.84,0.9,1,1,0.84,0.95,0.85,0.9,0.8,1,0.85,0.8,0.85,0.95,0.96,1,0.72,0.85,0.8,0.9,0.875,0.88,0.6,1,1,1,0.75,0.75,1,0.92,0.8
0.4,0.063871867847039,0.9,0.7,1,0.92,0.85,0.96,1,0.8,0.8,0.9,0.95,0.95,0.85,0.95,1,0.8,0.84,0.96,0.8125,0.88,0.85,1,1,0.84,0.95,0.85,0.9,0.8,1,0.85,0.8,0.85,0.9,0.96,1,0.72,0.85,0.9,0.9,0.875,0.88,0.6,1,1,1,0.8,0.75,1,0.92,0.8
0.4,0.0581976671457524,0.9,0.7,1,0.92,0.85,0.96,1,0.8,0.8,0.9,0.95,0.95,0.85,0.95,1,0.85,0.84,0.96,0.8125,0.88,0.85,1,1,0.84,0.95,0.9,0.9,0.8,1,0.85,0.8,0.85,0.9,0.96,1,0.76,0.85,0.9,0.9,0.875,0.88,0.6,1,1,1,0.8,0.75,1,0.92,0.8
0.4,0.0530275467960156,0.9,0.7,1,0.92,0.9,0.96,1,0.8,0.8,0.8,0.95,0.95,0.85,0.95,1,0.85,0.84,0.96,0.8125,0.88,0.85,1,1,0.84,0.95,0.9,0.9,0.8,1,0.85,0.8,0.9,0.9,0.96,1,0.76,0.85,0.9,0.9,0.875,0.88,0.65,1,1,1,0.8,0.75,1,0.92,0.8
0.4,0.0483167256887007,0.9,0.7,1,0.92,0.9,0.96,1,0.8,0.8,0.8,0.95,0.95,0.85,0.95,1,0.85,0.84,0.96,0.8125,0.88,0.85,1,1,0.84,0.95,0.9,0.9,0.8,1,0.85,0.8,0.9,0.9,0.96,1,0.76,0.85,0.9,0.9,0.9375,0.88,0.65,1,1,1,0.8,0.75,1,0.92,0.8
0.4,0.0440244009449926,0.9,0.7,1,0.92,0.9,0.96,1,0.8,0.8,0.8,0.95,0.95,0.85,0.95,1,0.9,0.84,0.96,0.8125,0.88,0.85,1,1,0.84,0.95,0.9,0.9,0.8,1,0.85,0.84,0.9,0.9,0.96,1,0.76,0.85,0.9,0.9,0.9375,0.92,0.65,1,1,1,0.8,0.75,1,0.96,0.8
0.4,0.0401133945013728,0.9,0.7,1,0.92,0.9,0.96,1,0.85,0.8,0.8,1,0.95,0.9,0.95,1,0.9,0.84,0.96,0.8125,0.88,0.85,1,1,0.84,1,0.9,0.9,0.76,1,0.85,0.84,0.9,0.9,0.96,1,0.76,0.85,0.9,0.9,0.9375,0.92,0.65,1,1,1,0.8,0.75,1,0.96,0.84
0.4,0.0365498310910187,0.9,0.7,1,0.92,0.9,0.96,1,0.85,0.8,0.8,1,0.95,0.9,0.95,1,0.9,0.84,0.96,0.875,0.88,0.85,1,1,0.84,1,0.9,0.95,0.76,1,0.85,0.84,0.9,0.9,0.96,1,0.76,0.85,0.9,0.9,0.9375,0.92,0.65,1,1,1,0.8,0.8125,1,0.96,0.84
0.4,0.0333028448324482,0.9,0.7,1,0.92,0.9,0.96,1,0.95,0.8,0.8,1,0.95,0.9,0.95,1,0.9,0.84,0.96,0.875,0.88,0.85,1,1,0.84,1,0.9,0.95,0.76,1,0.85,0.84,0.9,0.95,0.96,1,0.76,0.85,0.9,0.9,0.9375,0.92,0.65,1,1,1,0.8,0.8125,1,0.96,0.84
0.4,0.03034431188402,0.9,0.7,1,0.92,0.9,0.96,1,1,0.8,0.8,1,0.95,0.9,0.95,1,0.9,0.84,0.96,0.875,0.88,0.85,1,1,0.84,1,0.95,0.95,0.76,1,0.85,0.84,0.9,0.95,0.96,1,0.8,0.8,0.9,0.9,0.9375,0.92,0.65,1,1,1,0.8,0.8125,1,0.96,0.84
0.4,0.0276486068486717,0.9,0.7,1,0.92,0.9,0.96,1,1,0.8,0.8,1,0.95,0.9,0.95,1,0.9,0.92,0.96,0.875,0.88,0.85,1,1,0.84,1,0.95,0.95,0.76,1,0.85,0.84,0.95,1,0.96,1,0.8,0.8,0.9,0.9,0.9375,0.96,0.65,1,1,1,0.85,0.8125,1,0.96,0.84
0.4,0.0251923808189893,0.9,0.7,1,0.92,0.9,1,1,1,0.8,0.8,1,0.95,0.9,0.95,1,0.95,0.92,0.96,0.875,0.88,0.85,1,1,0.84,1,0.95,1,0.76,1,0.85,0.84,0.95,1,0.96,1,0.8,0.8,0.9,0.9,0.9375,0.96,0.65,1,1,1,0.85,0.8125,1,0.92,0.84
0.4,0.0229543591401412,0.9,0.7,1,0.92,0.9,1,1,1,0.8,0.8,1,0.95,0.9,0.95,1,0.95,0.92,0.96,0.875,0.88,0.85,1,1,0.84,1,0.95,1,0.76,0.95,0.85,0.84,0.95,1,0.96,1,0.84,0.8,0.9,0.95,0.9375,0.96,0.65,1,1,1,0.85,0.8125,1,0.92,0.84
0.4,0.0209151571389959,0.95,0.7,1,0.88,0.9,1,1,1,0.8,0.8,1,0.95,0.9,0.95,1,0.95,0.92,0.96,0.875,0.88,0.85,1,1,0.84,1,0.95,1,0.76,0.95,0.85,0.84,0.95,1,0.96,1,0.84,0.8,0.9,0.95,0.9375,1,0.65,1,1,1,0.9,0.8125,1,0.92,0.84
0.4,0.019057112223356,0.95,0.7,1,0.88,0.9,1,1,1,0.85,0.8,1,0.95,0.9,0.95,1,0.95,0.92,0.96,0.875,0.88,0.85,1,1,0.88,1,1,1,0.76,0.95,0.85,0.84,0.95,1,0.96,1,0.84,0.85,0.9,0.95,0.9375,1,0.65,1,1,1,0.9,0.8125,1,0.92,0.84
0.4,0.0173641308970353,0.95,0.7,1,0.92,0.9,1,1,1,0.85,0.8,1,0.95,0.9,0.95,1,1,0.92,0.96,0.9375,0.88,0.85,1,1,0.88,1,1,1,0.76,0.95,0.85,0.84,0.95,1,0.96,1,0.84,0.85,0.9,0.95,0.9375,1,0.65,1,1,1,0.9,0.8125,1,0.92,0.84
0.4,0.0158215493656928,0.95,0.7,1,0.92,0.9,1,1,1,0.85,0.8,1,0.95,0.9,0.95,1,1,0.92,0.96,0.9375,0.88,0.85,1,1,0.88,1,1,1,0.76,0.95,0.85,0.84,0.95,1,0.96,1,0.88,0.9,0.9,0.95,0.9375,1,0.65,1,1,1,0.9,0.8125,1,0.92,0.84
0.4,0.0144160065260619,0.95,0.7,1,0.92,0.95,1,1,1,0.9,0.8,1,0.95,0.9,0.95,1,1,0.92,0.96,0.9375,0.88,0.85,1,1,0.88,1,1,1,0.76,1,0.85,0.84,0.95,1,0.96,1,0.88,0.9,0.9,0.95,0.9375,1,0.65,1,1,1,0.9,0.8125,1,0.92,0.84
0.4,0.0131353282384654,0.95,0.7,1,0.92,0.95,1,1,1,0.9,0.8,1,0.95,0.9,0.95,1,1,0.92,0.96,0.9375,0.88,0.85,1,1,0.84,1,1,1,0.76,1,0.85,0.84,0.95,1,0.96,1,0.88,0.9,0.9,0.95,0.9375,1,0.6,1,1,1,0.9,0.8125,1,0.92,0.84
0.4,0.0119684218802418,0.95,0.7,1,0.92,0.95,1,1,1,0.9,0.8,1,0.95,0.9,0.95,1,1,0.92,0.92,0.9375,0.88,0.85,1,1,0.84,1,1,1,0.76,1,0.85,0.84,0.95,1,0.96,1,0.92,0.9,0.9,0.95,0.9375,1,0.6,1,1,1,0.9,0.8125,1,0.92,0.84
0.4,0.010905180266754,0.95,0.7,1,0.92,0.95,1,1,1,0.9,0.8,1,0.95,0.9,0.95,1,1,0.92,0.92,0.9375,0.88,0.85,1,1,0.84,1,1,1,0.76,1,0.85,0.84,0.95,1,0.96,1,0.92,0.9,0.9,0.95,0.9375,1,0.6,1,1,1,0.9,0.8125,1,0.92,0.84
0.4,0.00993639410779184,0.95,0.7,1,0.92,0.95,1,1,1,0.9,0.8,1,0.95,0.85,0.95,1,1,0.92,0.92,0.9375,0.88,0.8,1,1,0.84,1,1,1,0.76,1,0.85,0.84,0.95,1,0.96,1,0.96,0.9,0.9,0.95,0.9375,1,0.6,1,1,1,0.9,0.8125,1,0.92,0.84
0.4,0.00905367224110532,0.95,0.7,1,0.92,0.95,1,1,1,0.9,0.8,1,0.95,0.85,0.95,1,1,0.92,0.92,0.9375,0.88,0.8,1,1,0.84,1,1,1,0.8,1,0.85,0.84,0.95,1,0.96,1,0.96,0.9,0.9,0.95,0.9375,1,0.6,1,1,1,0.9,0.8125,1,0.92,0.84
0.4,0.00824936895217183,0.95,0.7,1,0.92,0.95,1,1,1,0.9,0.8,1,0.95,0.85,0.95,1,1,0.92,0.92,0.9375,0.88,0.8,1,1,0.84,1,1,1,0.8,1,0.85,0.84,0.95,1,0.96,1,0.96,0.9,0.9,0.95,0.9375,1,0.65,1,1,1,0.9,0.8125,1,0.92,0.84
0.4,0.00751651775067443,0.95,0.7,1,0.92,1,1,1,1,0.95,0.8,1,0.95,0.85,0.95,1,1,0.92,0.92,0.9375,0.88,0.8,1,1,0.84,1,1,1,0.8,1,0.85,0.84,0.95,1,0.96,1,0.96,0.95,0.9,0.9,0.9375,1,0.65,1,1,1,0.9,0.8125,1,0.92,0.84
0.4,0.00684877103009551,0.95,0.7,1,0.92,1,1,1,1,0.95,0.8,1,0.95,0.85,0.95,1,1,0.92,0.92,0.9375,0.88,0.8,1,1,0.84,1,1,1,0.8,1,0.85,0.84,0.95,1,0.96,1,0.96,0.95,0.9,0.9,0.9375,1,0.65,1,1,1,0.95,0.8125,1,0.92,0.84
0.4,0.00624034508778574,0.95,0.7,1,0.92,1,1,1,1,0.95,0.8,1,0.95,0.85,0.95,1,1,0.96,0.92,0.9375,0.88,0.8,1,1,0.84,1,1,1,0.8,1,0.85,0.84,0.95,1,0.96,1,0.96,0.95,0.9,0.9,0.9375,1,0.65,1,1,1,0.95,0.8125,1,0.92,0.8
0.4,0.00568597002929861,0.95,0.7,1,0.92,1,1,1,1,0.95,0.8,1,0.95,0.85,0.95,1,1,0.96,0.92,0.9375,0.88,0.8,1,1,0.88,1,1,1,0.84,1,0.85,0.84,0.95,1,0.96,1,0.96,0.95,0.9,0.9,0.9375,1,0.7,1,1,1,0.95,0.8125,1,0.92,0.8
0.4,0.00518084412308579,0.95,0.7,1,0.92,1,1,1,1,0.95,0.8,1,0.95,0.85,0.95,1,1,0.96,0.92,0.9375,0.92,0.8,1,1,0.88,1,1,1,0.84,1,0.85,0.84,0.95,1,0.96,1,0.96,0.95,0.9,0.9,0.9375,1,0.7,1,1,1,0.95,0.8125,1,0.92,0.8
0.4,0.00472059221019558,0.95,0.7,1,0.92,1,1,1,1,0.95,0.8,1,0.95,0.85,0.9,1,1,0.96,0.92,0.9375,0.92,0.8,1,1,0.88,1,1,1,0.84,1,0.85,0.84,0.95,1,0.96,1,0.96,0.95,0.9,0.9,0.9375,1,0.7,1,1,1,0.9,0.8125,1,0.92,0.8
0.4,0.00430122780873912,0.95,0.7,1,0.92,1,1,1,1,0.9,0.8,1,0.95,0.85,0.9,1,1,0.96,0.92,0.9375,0.92,0.8,1,1,0.88,1,1,1,0.84,1,0.85,0.84,0.95,1,0.96,1,0.96,0.95,0.9,0.9,0.9375,1,0.7,1,1,1,0.9,0.8125,1,0.92,0.8
0.4,0.00391911858489132,0.95,0.7,1,0.92,1,1,1,1,0.9,0.8,1,0.95,0.85,0.9,1,1,0.92,0.92,0.9375,0.92,0.75,1,1,0.88,1,1,1,0.84,1,0.85,0.84,0.95,1,0.96,1,0.96,0.95,0.9,0.9,0.9375,1,0.75,1,1,1,0.9,0.8125,1,0.92,0.8
0.4,0.00357095489135301,0.95,0.7,1,0.96,1,1,1,1,0.9,0.8,1,0.95,0.85,0.9,1,1,0.92,0.92,0.9375,0.92,0.75,1,1,0.84,1,1,1,0.84,1,0.85,0.84,0.95,1,0.96,1,0.96,0.95,0.9,0.9,0.9375,1,0.75,1,1,1,0.9,0.8125,1,0.92,0.8
0.4,0.0032537211007693,0.95,0.7,1,0.96,1,1,1,1,0.9,0.8,1,0.95,0.9,0.9,1,1,0.92,0.92,0.9375,0.92,0.75,1,1,0.84,1,1,1,0.84,1,0.85,0.84,0.95,1,0.96,1,0.96,0.95,0.95,0.9,0.9375,1,0.75,1,1,1,0.9,0.8125,1,0.92,0.8
0.4,0.00296466948580808,0.95,0.7,1,0.96,1,1,1,1,0.9,0.8,1,0.95,0.9,0.85,1,1,0.96,0.92,0.9375,0.96,0.75,1,1,0.84,1,1,1,0.84,1,0.85,0.84,0.95,1,0.96,1,0.96,0.95,0.95,0.9,0.9375,1,0.8,1,1,1,0.9,0.8125,1,0.92,0.8
0.4,0.00270129641966038,0.95,0.7,1,0.96,1,1,1,1,0.9,0.8,1,0.95,0.9,0.85,1,1,0.96,0.92,0.9375,0.96,0.75,1,1,0.84,0.95,1,1,0.84,1,0.85,0.84,0.95,1,0.96,1,0.96,0.95,0.95,0.9,0.9375,1,0.8,1,1,1,0.9,0.8125,1,0.92,0.8
0.4,0.00246132069082265,0.95,0.7,1,0.96,1,1,1,1,0.9,0.8,1,0.95,0.9,0.85,1,1,0.96,0.92,0.9375,0.96,0.75,1,1,0.84,0.95,1,1,0.84,1,0.85,0.84,0.95,1,0.96,1,0.96,0.95,0.95,0.9,0.9375,1,0.85,1,1,1,0.9,0.8125,1,0.92,0.8
0.4,0.00224266374433405,0.95,0.65,1,0.96,1,1,1,1,0.9,0.8,1,0.95,0.9,0.85,1,1,0.96,0.88,0.9375,0.96,0.75,1,1,0.84,0.95,1,1,0.88,1,0.85,0.8,0.95,1,0.96,1,0.96,0.95,0.9,0.95,0.9375,1,0.85,1,1,1,0.9,0.8125,1,0.92,0.8
0.4,0.00204343167832769,0.95,0.65,1,0.96,1,1,1,1,0.9,0.8,1,0.95,0.9,0.85,1,1,0.96,0.88,0.9375,0.96,0.75,1,1,0.84,0.95,1,1,0.88,1,0.85,0.8,0.95,1,0.96,1,0.96,0.95,0.9,0.95,0.9375,1,0.85,1,1,1,0.95,0.8125,1,0.92,0.8
0.4,0.00186189883995876,0.95,0.65,1,0.96,1,1,1,1,0.9,0.8,1,0.95,0.9,0.85,1,1,0.96,0.88,0.9375,0.92,0.75,1,1,0.84,0.95,1,1,0.88,1,0.85,0.8,0.95,1,0.96,1,0.96,0.95,0.9,0.95,0.9375,1,0.85,1,1,1,0.95,0.8125,1,0.92,0.8
0.4,0.00169649287862506,0.95,0.65,1,0.96,1,1,1,1,0.9,0.8,1,0.95,0.9,0.85,1,1,0.96,0.88,0.9375,0.92,0.75,1,1,0.84,0.95,1,1,0.88,1,0.85,0.8,0.95,1,0.96,1,0.96,0.95,0.9,0.95,0.9375,1,0.85,1,1,1,0.95,0.8125,1,0.92,0.8
0.4,0.00154578112701831,0.95,0.65,1,0.96,1,1,1,1,0.9,0.8,1,0.95,0.9,0.85,1,1,0.96,0.88,0.9375,0.92,0.7,1,1,0.84,0.95,1,1,0.88,1,0.85,0.8,0.95,1,0.96,1,0.96,0.95,0.9,0.95,0.9375,1,0.85,1,1,1,0.95,0.8125,1,0.92,0.8
0.4,0.00140845819204531,0.95,0.65,1,0.96,1,1,1,1,0.9,0.8,1,0.95,0.9,0.9,1,1,0.96,0.88,0.9375,0.92,0.7,1,1,0.84,0.95,1,1,0.88,1,0.85,0.8,0.95,1,0.96,1,0.96,0.95,0.9,0.95,0.875,1,0.85,1,1,1,0.95,0.8125,1,0.92,0.8
0.4,0.00128333464813744,0.95,0.65,1,0.96,1,1,1,1,0.9,0.8,1,0.95,0.9,0.9,1,1,0.96,0.88,0.9375,0.92,0.7,1,1,0.84,0.95,1,1,0.88,1,0.85,0.8,0.95,1,0.96,1,0.96,0.95,0.9,0.95,0.875,1,0.85,0.95,1,1,0.95,0.8125,1,0.92,0.8
0.4,0.00116932673501541,0.95,0.65,1,0.92,1,1,1,1,0.9,0.8,1,0.95,0.9,0.9,1,1,0.96,0.88,0.9375,0.92,0.7,1,1,0.84,0.95,1,1,0.88,1,0.85,0.8,0.95,1,0.96,1,0.96,0.95,0.9,0.95,0.875,1,0.85,0.95,1,1,0.95,0.8125,1,0.92,0.8
0.4,0.00106544697067617,0.95,0.65,1,0.92,1,1,1,1,0.9,0.8,1,0.95,0.9,0.95,1,1,0.96,0.88,0.9375,0.92,0.7,1,1,0.84,0.95,1,1,0.88,1,0.85,0.8,0.95,1,0.96,1,0.96,0.95,0.9,0.95,0.875,1,0.85,0.95,1,1,0.95,0.8125,1,0.92,0.8
0.4,0.000970795598296199,0.95,0.65,1,0.92,1,1,1,1,0.9,0.8,1,0.95,0.9,0.95,1,1,0.96,0.88,0.9375,0.92,0.7,1,1,0.84,0.95,1,1,0.88,1,0.85,0.8,0.95,1,0.96,0.95,0.96,0.95,0.9,0.95,0.875,1,0.85,0.95,1,1,0.95,0.8125,1,0.92,0.8
0.4,0.00088455279296835,0.95,0.65,1,0.92,1,1,1,1,0.9,0.75,1,0.95,0.85,0.95,1,1,0.96,0.88,0.9375,0.92,0.7,1,1,0.84,0.95,1,1,0.88,1,0.85,0.8,0.95,1,0.96,0.95,1,0.95,0.9,0.95,0.875,1,0.85,0.95,1,1,0.95,0.8125,1,0.92,0.8
0.4,0.000805971560770695,0.95,0.65,1,0.92,1,1,1,1,0.9,0.75,1,0.95,0.85,0.95,1,1,0.96,0.88,0.9375,0.92,0.7,1,1,0.84,0.95,1,1,0.88,1,0.85,0.8,0.95,1,0.96,0.95,1,0.95,0.9,0.95,0.8125,1,0.85,0.95,1,1,0.95,0.8125,1,0.92,0.8
0.4,0.000734371268662529,0.95,0.65,1,0.92,1,1,1,1,0.9,0.75,1,0.95,0.85,0.95,1,1,0.96,0.88,0.9375,0.92,0.7,1,1,0.84,0.95,1,1,0.88,1,0.85,0.8,0.95,1,0.96,0.95,1,0.95,0.9,0.95,0.8125,1,0.9,0.95,1,1,0.95,0.8125,1,0.92,0.8
0.4,0.000669131749166579,0.95,0.65,1,0.92,1,1,1,1,0.9,0.75,1,0.95,0.85,0.95,1,1,0.96,0.88,0.9375,0.92,0.7,1,1,0.84,0.95,1,1,0.88,1,0.85,0.8,0.95,1,0.96,0.95,1,0.95,0.9,0.95,0.8125,1,0.9,0.95,1,1,0.95,0.8125,1,0.92,0.76
0.4,0.000609687928774998,0.95,0.65,1,0.88,1,1,1,1,0.9,0.75,1,0.95,0.85,0.95,1,1,0.96,0.88,0.9375,0.92,0.7,1,1,0.84,0.95,1,1,0.92,1,0.9,0.8,0.95,1,0.96,0.95,1,0.95,0.9,0.95,0.8125,1,0.9,0.95,1,1,0.95,0.8125,1,0.92,0.76
0.4,0.000555524933552971,0.95,0.65,1,0.88,1,1,1,1,0.9,0.75,1,0.9,0.85,0.95,1,1,0.96,0.88,0.9375,0.88,0.7,1,1,0.84,0.95,1,1,0.92,1,0.9,0.8,0.95,1,0.96,0.95,1,0.95,0.9,0.95,0.8125,1,0.9,0.95,1,1,0.95,0.8125,1,0.92,0.76
0.4,0.000506173629546999,0.95,0.65,1,0.88,1,1,1,1,0.9,0.75,1,0.85,0.8,0.95,1,1,0.96,0.88,0.9375,0.88,0.7,1,1,0.84,0.95,1,1,0.92,1,0.9,0.8,0.95,1,0.96,0.95,1,0.95,0.9,0.95,0.8125,1,0.9,0.95,1,1,0.95,0.8125,1,0.92,0.72
0.4,0.000461206559371025,0.95,0.65,1,0.84,1,1,1,1,0.9,0.75,1,0.85,0.8,0.95,1,1,0.96,0.88,0.9375,0.88,0.7,1,1,0.84,0.95,1,1,0.92,1,0.9,0.8,0.95,1,0.96,0.95,1,0.95,0.9,0.95,0.8125,1,0.9,0.95,1,1,0.95,0.8125,1,0.96,0.72
0.4,0.000420234239775045,0.95,0.65,1,0.84,1,1,1,1,0.9,0.75,1,0.85,0.8,0.95,1,1,0.96,0.88,0.9375,0.88,0.7,1,1,0.8,0.95,1,1,0.92,1,0.9,0.8,0.95,1,0.96,0.95,1,0.95,0.9,0.95,0.8125,1,0.9,0.95,1,1,0.95,0.8125,1,0.96,0.72
0.4,0.000382901788127527,0.95,0.65,1,0.84,1,1,1,1,0.9,0.75,1,0.85,0.8,0.95,1,1,0.96,0.88,0.9375,0.88,0.7,1,1,0.8,0.95,1,1,0.92,1,0.9,0.8,0.95,1,0.96,0.95,1,0.95,0.9,0.95,0.8125,1,0.9,0.95,1,1,0.95,0.8125,1,0.96,0.72
0.4,0.000348885848591827,0.95,0.65,1,0.84,1,1,1,1,0.95,0.75,1,0.85,0.8,0.95,1,1,0.96,0.88,0.9375,0.88,0.7,1,1,0.8,0.95,1,1,0.92,1,0.9,0.8,0.95,1,0.96,0.95,1,0.95,0.9,0.95,0.8125,1,0.9,0.95,1,1,0.95,0.8125,1,1,0.72
0.4,0.00031789179137262,0.95,0.65,1,0.84,1,1,1,1,0.95,0.75,1,0.85,0.8,0.95,1,1,0.96,0.88,0.9375,0.88,0.7,1,1,0.8,0.95,1,1,0.92,1,0.9,0.8,0.95,1,0.96,0.95,1,0.95,0.9,0.95,0.8125,1,0.9,0.95,1,1,0.95,0.8125,1,1,0.72
0.4,0.000289651160773567,0.95,0.65,1,0.84,1,1,1,1,0.95,0.75,1,0.85,0.8,0.95,1,1,0.96,0.88,0.9375,0.88,0.7,1,1,0.8,0.95,1,1,0.92,1,0.9,0.8,0.95,1,0.96,0.95,1,0.95,0.95,0.95,0.8125,1,0.9,0.95,1,0.95,0.95,0.8125,1,1,0.72
0.4,0.000263919349962494,0.95,0.65,1,0.84,1,1,1,1,0.95,0.75,1,0.85,0.8,0.95,1,1,0.96,0.88,0.9375,0.88,0.7,1,1,0.8,0.95,1,1,0.92,1,0.9,0.8,0.95,1,0.96,0.9,1,0.95,0.95,0.95,0.8125,1,0.9,0.95,1,0.95,0.95,0.8125,1,1,0.72
0.4,0.000240473482304034,0.95,0.65,1,0.84,1,1,1,1,0.95,0.75,1,0.85,0.8,0.95,1,1,0.96,0.88,0.9375,0.88,0.7,1,1,0.8,0.95,1,1,0.92,1,0.9,0.8,0.95,1,0.96,0.9,1,0.95,0.95,0.95,0.8125,1,0.9,0.95,1,0.95,0.95,0.8125,1,1,0.72
0.4,0.000219110480908833,0.95,0.65,1,0.84,1,1,1,1,0.95,0.75,1,0.85,0.8,0.9,1,1,0.96,0.88,0.9375,0.88,0.7,1,1,0.8,0.95,1,1,0.92,1,0.9,0.8,0.95,1,0.96,0.9,1,0.95,0.95,0.95,0.8125,1,0.9,0.95,1,0.95,0.95,0.8125,1,1,0.72
0.4,0.000199645309678683,0.95,0.65,1,0.84,1,1,1,1,0.95,0.75,1,0.85,0.8,0.9,1,1,0.96,0.88,0.9375,0.88,0.7,1,1,0.8,0.95,1,1,0.92,1,0.9,0.8,0.95,1,0.96,0.9,1,0.95,0.95,0.95,0.8125,1,0.9,0.95,1,0.95,0.95,0.8125,1,1,0.72
0.4,0.000181909370612359,0.95,0.65,1,0.84,1,1,1,1,0.95,0.75,1,0.85,0.8,0.9,1,1,0.96,0.88,0.9375,0.88,0.65,1,1,0.8,0.95,1,1,0.92,1,0.9,0.8,0.95,1,0.96,0.9,1,0.9,0.95,0.95,0.8125,1,0.95,0.95,1,0.95,0.95,0.8125,1,1,0.72
0.4,0.000165749043490391,0.95,0.65,1,0.84,1,1,1,1,0.95,0.75,1,0.85,0.8,0.9,1,1,0.96,0.88,0.9375,0.88,0.65,1,1,0.8,0.95,1,1,0.92,1,0.9,0.8,0.95,1,0.96,0.9,1,0.9,0.95,0.95,0.8125,1,0.95,0.95,1,0.95,0.95,0.8125,1,1,0.72
0.4,0.000151024355290211,0.95,0.65,1,0.84,1,1,1,1,0.95,0.75,1,0.85,0.75,0.9,1,1,0.96,0.88,0.9375,0.88,0.65,1,1,0.8,0.95,1,1,0.92,1,0.9,0.8,0.95,1,0.96,0.9,1,0.9,0.95,0.95,0.8125,1,0.95,0.95,1,0.95,0.95,0.8125,1,1,0.72
0.4,0.000137607767806793,0.95,0.65,1,0.84,1,1,1,1,0.95,0.75,1,0.85,0.75,0.9,1,1,0.96,0.88,0.9375,0.88,0.65,1,1,0.8,0.95,1,1,0.92,1,0.9,0.8,0.95,1,0.96,0.9,1,0.9,0.95,0.95,0.8125,1,0.95,0.95,1,0.95,0.95,0.8125,1,1,0.72
0.4,0.000125383072977738,0.95,0.65,1,0.88,1,1,1,1,0.95,0.75,1,0.85,0.75,0.9,1,1,0.96,0.88,0.9375,0.88,0.65,1,1,0.8,0.95,1,1,0.92,1,0.9,0.8,0.95,1,0.96,0.9,1,0.9,0.95,0.95,0.8125,1,0.95,0.95,1,0.95,0.95,0.8125,1,1,0.72
0.4,0.000114244386344625,0.95,0.65,1,0.88,1,1,1,1,0.95,0.75,1,0.85,0.75,0.9,1,1,0.96,0.88,0.9375,0.88,0.65,1,1,0.8,0.95,1,1,0.92,1,0.9,0.8,0.95,1,0.96,0.9,1,0.9,0.95,0.95,0.8125,1,0.95,0.95,1,0.95,0.95,0.8125,1,1,0.72
0.4,0.000104095229932491,0.95,0.65,1,0.8,1,1,1,1,0.95,0.75,1,0.85,0.75,0.9,1,1,0.96,0.88,0.9375,0.88,0.65,1,1,0.8,0.95,1,1,0.92,1,0.9,0.76,0.95,1,0.96,0.9,1,0.9,0.95,0.95,0.8125,1,0.95,0.95,1,0.95,0.95,0.8125,1,1,0.72
0.4,0.0000948476966037645,0.95,0.65,1,0.8,1,1,1,1,0.95,0.75,1,0.85,0.75,0.9,1,1,0.96,0.88,0.9375,0.88,0.65,1,1,0.8,1,1,1,0.92,1,0.9,0.76,0.95,1,0.96,0.9,1,0.9,0.95,0.95,0.8125,1,0.95,0.95,1,0.95,0.95,0.8125,1,1,0.72
0.4,0.0000864216886486918,0.95,0.65,1,0.8,1,1,1,1,0.95,0.75,1,0.85,0.75,0.9,1,1,0.96,0.88,0.9375,0.88,0.65,1,1,0.8,1,1,1,0.92,1,0.9,0.76,0.95,1,0.96,0.9,1,0.9,0.95,0.95,0.8125,1,0.95,0.95,1,0.95,0.95,0.8125,1,1,0.72
0.4,0.0000787442240172967,0.95,0.65,1,0.8,1,1,1,1,0.95,0.75,1,0.85,0.75,0.9,1,1,0.96,0.88,0.9375,0.88,0.65,1,1,0.8,1,1,1,0.92,1,0.9,0.76,0.95,1,0.96,0.9,1,0.9,0.95,0.95,0.8125,0.96,0.95,0.95,1,0.95,0.95,0.8125,1,1,0.72
0.4,0.0000717488041837756,0.95,0.65,1,0.8,1,1,1,1,0.95,0.75,1,0.85,0.75,0.9,1,1,0.96,0.88,0.9375,0.88,0.65,1,1,0.8,1,1,1,0.92,1,0.9,0.76,0.95,1,0.96,0.9,1,0.9,0.95,0.95,0.8125,0.96,0.95,0.95,1,0.95,0.95,0.8125,1,1,0.72
0.4,0.0000653748381680795,0.95,0.65,1,0.8,1,1,1,1,0.95,0.75,0.95,0.85,0.75,0.9,1,1,0.96,0.88,0.9375,0.88,0.65,1,1,0.8,1,1,1,0.92,1,0.9,0.76,0.95,1,0.96,0.9,1,0.9,0.95,0.95,0.8125,0.96,0.95,0.95,1,0.95,0.95,0.8125,1,1,0.72
0.4,0.0000595671177258314,0.95,0.65,1,0.8,1,1,1,1,0.95,0.75,0.95,0.85,0.75,0.9,1,1,0.96,0.88,0.9375,0.88,0.65,1,1,0.8,1,1,1,0.92,1,0.9,0.76,0.95,1,0.96,0.9,1,0.9,0.95,0.95,0.8125,0.96,0.95,0.95,1,0.95,0.95,0.8125,1,1,0.72
0.4,0.0000542753391609244,0.95,0.65,1,0.8,1,1,1,1,0.95,0.75,0.95,0.85,0.75,0.9,1,1,0.96,0.88,0.9375,0.88,0.65,1,1,0.8,1,1,1,0.92,1,0.9,0.76,0.95,1,0.96,0.9,1,0.9,0.95,0.95,0.8125,0.96,0.95,0.95,1,0.95,0.95,0.8125,1,1,0.72
0.4,0.0000494536676189708,0.95,0.65,1,0.8,1,1,1,1,0.95,0.75,0.95,0.85,0.75,0.9,1,1,0.96,0.88,0.9375,0.88,0.65,1,1,0.8,1,1,1,0.92,1,0.9,0.76,0.95,1,0.96,0.9,1,0.9,0.95,0.95,0.8125,0.96,0.95,0.95,1,0.95,0.95,0.8125,1,1,0.72
0.4,0.0000450603400877207,0.95,0.65,1,0.8,1,1,1,1,0.95,0.75,0.95,0.85,0.75,0.9,1,1,0.92,0.88,0.9375,0.88,0.65,1,1,0.76,1,1,1,0.92,1,0.9,0.76,0.95,1,0.96,0.9,1,0.9,0.95,0.95,0.8125,0.96,0.95,0.95,1,0.95,0.95,0.8125,1,1,0.72
0.4,0.0000410573036658289,0.95,0.65,1,0.8,1,1,1,1,0.95,0.75,0.95,0.8,0.75,0.9,1,1,0.92,0.88,0.9375,0.88,0.65,1,1,0.76,1,1,1,0.92,1,0.9,0.76,0.95,1,0.96,0.9,1,0.9,0.95,0.95,0.8125,0.96,0.95,0.95,1,0.95,0.95,0.8125,1,1,0.72
0.4,0.0000374098859668272,0.95,0.65,1,0.84,1,1,1,1,0.95,0.75,0.95,0.8,0.75,0.9,1,1,0.92,0.88,0.9375,0.88,0.65,1,1,0.76,1,1,1,0.92,1,0.9,0.76,0.95,1,0.96,0.9,1,0.9,0.95,0.95,0.8125,0.96,0.95,0.95,1,0.95,0.95,0.8125,1,1,0.72
0.5,0.299279087734617,0.25,0.4,0.875,0.4,1,0.48,0.625,0.55,0.45,0.55,0.55,0.8,0.75,0.45,0.525,0.525,0.4,0.28,0.5,0.76,0.575,0.8,0.875,0.56,0.425,0.45,0.2,0.72,0.6,0.7,0.68,0.65,0.9,0.6,0.55,0.44,0.35,0.35,0.7,0.625,0.36,0.55,0.55,0.5,0.6,0.75,0.9375,0.75,0.64,0.6
0.5,0.272691958428003,0.4,0.45,0.95,0.8,1,0.76,1,0.55,0.45,0.6,0.6,0.5,0.65,0.6,0.95,0.6,0.8,0.28,0.5,0.72,0.75,0.68,0.8125,0.56,0.7,0.45,0.25,0.72,0.65,0.75,0.6,0.65,0.75,0.8,0.7,0.48,0.55,0.45,0.75,0.75,0.36,0.65,0.5,0.8,0.6,0.75,0.9375,0.7,0.88,0.76
0.5,0.24846675641179,0.55,0.55,1,0.92,1,0.76,1,0.6,0.6,0.65,0.65,0.7,0.6,0.6,0.95,0.6,0.84,0.52,0.6875,0.72,0.95,0.68,0.875,0.76,0.95,0.5,0.5,0.88,0.75,0.75,0.6,0.65,0.65,0.8,0.8,0.52,0.7,0.65,0.8,0.875,0.36,0.7,0.7,0.7,0.8,0.6,0.9375,0.7,0.84,0.76
0.5,0.226393654575242,0.65,0.55,1,0.92,1,0.72,1,0.55,0.65,0.75,0.65,0.8,0.6,0.65,0.95,0.6,0.84,0.72,0.75,0.76,0.95,0.92,0.875,0.76,1,0.5,0.6,0.88,0.85,0.8,0.6,0.65,0.85,0.92,0.8,0.56,0.8,0.65,0.85,0.875,0.48,0.7,0.9,0.75,1,0.65,0.9375,0.75,0.84,0.72
0.5,0.206281466269836,0.7,0.55,0.95,0.92,1,0.72,0.95,0.6,0.65,0.75,0.7,0.8,0.6,0.75,1,0.6,0.84,0.68,0.75,0.76,1,0.88,0.75,0.72,1,0.6,0.65,0.92,1,0.85,0.68,0.65,0.85,0.92,0.8,0.6,0.85,0.7,0.85,0.9375,0.56,0.7,0.9,0.75,1,0.65,0.9375,0.75,0.88,0.72
0.5,0.187955989341968,0.7,0.6,1,0.92,0.95,0.72,0.95,0.65,0.7,0.7,0.75,0.9,0.65,0.75,1,0.6,0.88,0.92,0.75,0.8,1,0.88,0.6875,0.76,1,0.7,0.7,0.88,1,0.85,0.76,0.65,0.85,0.88,0.85,0.64,0.85,0.75,0.85,0.9375,0.68,0.7,0.9,0.8,1,0.7,0.875,0.75,0.88,0.76
0.5,0.171258497277241,0.75,0.6,1,0.92,0.95,0.72,0.95,0.65,0.7,0.8,0.8,0.9,0.7,0.85,1,0.55,0.96,0.88,0.75,0.8,1,0.88,0.875,0.76,1,0.7,0.7,0.88,1,0.85,0.8,0.65,0.9,0.88,0.9,0.64,0.85,0.75,0.85,0.9375,0.72,0.7,1,0.85,1,0.7,0.875,0.75,0.88,0.88
0.5,0.156044364387328,0.75,0.65,1,0.92,0.95,0.84,1,0.65,0.7,0.85,0.8,0.9,0.75,0.85,1,0.6,0.92,0.88,0.75,0.8,1,0.96,0.9375,0.8,1,0.8,0.7,0.88,1,0.85,0.8,0.7,0.9,0.92,0.95,0.68,0.85,0.75,0.85,0.9375,0.72,0.7,1,0.85,1,0.7,0.8125,0.7,0.88,0.88
0.5,0.142181813131448,0.75,0.65,1,0.92,0.95,0.84,1,0.65,0.7,0.85,0.8,0.9,0.85,0.9,1,0.7,0.92,0.88,0.75,0.8,1,1,0.9375,0.8,1,0.8,0.8,0.88,0.95,0.85,0.84,0.75,0.85,0.92,0.95,0.68,0.85,0.75,0.9,0.9375,0.76,0.7,1,0.85,1,0.7,0.8125,0.8,0.88,0.88
0.5,0.129550772722347,0.75,0.65,1,0.92,0.95,0.84,1,0.65,0.7,0.9,0.85,0.9,0.85,0.9,1,0.7,0.92,0.88,0.75,0.8,1,1,0.9375,0.8,1,0.8,0.8,0.88,0.95,0.85,0.84,0.75,0.85,0.92,0.95,0.68,0.85,0.8,0.9,0.9375,0.76,0.65,1,0.85,1,0.7,0.8125,0.85,0.88,0.88
0.5,0.118041839130585,0.75,0.65,1,0.92,0.95,0.84,1,0.65,0.7,0.9,0.85,0.9,0.85,0.95,1,0.7,0.92,0.88,0.75,0.84,1,1,0.9375,0.8,1,0.8,0.85,0.88,0.95,0.85,0.88,0.75,0.85,0.92,0.95,0.68,0.85,0.8,0.9,0.9375,0.8,0.65,1,0.9,1,0.7,0.8125,0.9,0.88,0.88
0.5,0.107555327479165,0.8,0.7,1,0.92,0.95,0.92,1,0.65,0.7,0.9,0.85,0.9,0.85,0.95,1,0.75,0.92,0.92,0.8125,0.84,1,1,0.9375,0.8,1,0.8,0.85,0.88,1,0.85,0.88,0.75,0.9,0.92,0.95,0.68,0.85,0.8,0.9,0.9375,0.8,0.65,1,0.95,1,0.7,0.8125,0.9,0.88,0.84
0.5,0.0980004086208202,0.8,0.7,1,0.92,0.95,0.92,1,0.65,0.7,0.9,0.85,0.9,0.85,0.95,1,0.75,0.92,0.92,0.8125,0.84,1,1,0.9375,0.8,1,0.8,0.85,0.84,1,0.85,0.84,0.75,0.9,0.92,1,0.68,0.85,0.8,0.9,0.9375,0.8,0.65,1,1,1,0.7,0.8125,0.9,0.88,0.84
0.5,0.0892943224193907,0.8,0.7,1,0.92,0.9,0.96,1,0.65,0.7,0.9,0.85,0.9,0.85,0.95,1,0.8,0.88,0.96,0.8125,0.84,1,1,1,0.8,0.95,0.8,0.9,0.8,0.95,0.85,0.84,0.75,0.9,0.92,1,0.68,0.85,0.8,0.9,0.875,0.8,0.65,1,1,1,0.7,0.8125,0.9,0.92,0.88
0.5,0.0813616609211171,0.8,0.7,1,0.92,0.9,0.96,1,0.75,0.75,0.95,0.9,0.9,0.85,0.95,1,0.8,0.88,0.96,0.8125,0.84,1,1,1,0.84,0.95,0.8,0.9,0.8,0.95,0.85,0.84,0.8,0.9,0.96,1,0.68,0.85,0.8,0.9,0.875,0.8,0.65,1,1,1,0.7,0.75,0.9,0.92,0.88
0.5,0.074133715207019,0.85,0.7,1,0.92,0.9,0.96,1,0.8,0.75,0.95,0.95,0.9,0.85,0.95,1,0.8,0.84,0.96,0.8125,0.84,1,1,1,0.84,0.95,0.85,0.9,0.8,0.95,0.85,0.84,0.85,0.9,0.96,1,0.72,0.85,0.8,0.9,0.875,0.88,0.65,1,1,1,0.75,0.75,1,0.92,0.88
0.5,0.0675478802691082,0.85,0.7,1,0.92,0.95,0.96,1,0.8,0.75,0.95,0.95,0.9,0.85,0.95,1,0.85,0.84,0.96,0.8125,0.84,0.95,1,1,0.84,0.95,0.85,0.9,0.8,0.95,0.85,0.8,0.85,0.9,0.96,1,0.72,0.85,0.8,0.9,0.875,0.88,0.6,1,1,1,0.75,0.75,1,0.92,0.84
0.5,0.0615471127557597,0.85,0.7,1,0.92,0.9,0.96,1,0.8,0.8,0.95,0.95,0.9,0.85,0.95,1,0.85,0.84,0.96,0.8125,0.84,0.9,1,1,0.84,0.95,0.85,0.9,0.8,0.95,0.85,0.8,0.85,0.9,0.96,1,0.72,0.85,0.8,0.9,0.875,0.88,0.6,1,1,1,0.8,0.75,1,0.92,0.84
0.5,0.0560794368894888,0.85,0.7,1,0.92,0.85,0.96,1,0.8,0.8,0.95,0.95,0.95,0.85,0.95,1,0.85,0.84,0.96,0.8125,0.84,0.9,1,1,0.84,0.95,0.85,0.9,0.8,0.95,0.85,0.8,0.85,0.9,0.96,1,0.76,0.85,0.8,0.9,0.875,0.88,0.6,1,1,1,0.8,0.75,1,0.92,0.84
0.5,0.0510974942776312,0.85,0.7,1,0.92,0.85,0.96,1,0.8,0.8,0.95,0.95,0.95,0.85,0.95,1,0.85,0.84,0.96,0.8125,0.84,0.9,1,1,0.84,0.95,0.9,0.9,0.84,0.95,0.85,0.8,0.9,0.9,0.96,1,0.76,0.85,0.85,0.9,0.875,0.88,0.6,1,1,1,0.8,0.75,1,0.92,0.84
0.5,0.0465581337166019,0.9,0.7,1,0.92,0.85,0.96,1,0.8,0.8,0.95,0.95,0.95,0.85,0.95,1,0.9,0.84,0.96,0.8125,0.84,0.85,1,1,0.84,0.95,0.9,0.9,0.84,0.95,0.85,0.8,0.9,0.9,0.96,1,0.76,0.85,0.9,0.9,0.875,0.88,0.6,1,1,1,0.8,0.75,1,0.92,0.84
0.5,0.0424220374368125,0.9,0.7,1,0.92,0.85,0.96,1,0.8,0.8,0.9,0.95,0.95,0.85,0.95,1,0.9,0.84,0.96,0.8125,0.88,0.85,1,1,0.84,0.95,0.9,0.9,0.84,0.95,0.85,0.84,0.9,0.9,0.96,1,0.76,0.85,0.9,0.9,0.875,0.92,0.65,1,1,1,0.8,0.75,1,0.96,0.84
0.5,0.0386533805509605,0.9,0.7,1,0.92,0.85,0.96,1,0.85,0.8,0.8,1,0.95,0.85,0.95,1,0.9,0.84,0.96,0.8125,0.88,0.85,1,1,0.84,0.95,0.9,0.9,0.84,0.95,0.85,0.84,0.9,0.9,0.96,1,0.76,0.85,0.9,0.9,0.875,0.92,0.65,1,1,1,0.8,0.75,1,0.92,0.84
0.5,0.035219520755994,0.9,0.7,1,0.92,0.9,0.96,1,0.85,0.8,0.8,1,0.95,0.9,0.95,1,0.9,0.84,0.96,0.8125,0.88,0.85,1,1,0.84,1,0.9,0.9,0.84,0.95,0.85,0.84,0.9,0.9,0.96,1,0.76,0.85,0.9,0.9,0.875,0.92,0.65,1,1,1,0.8,0.75,1,0.92,0.84
0.5,0.0320907156010982,0.9,0.7,1,0.92,0.9,0.96,1,0.9,0.8,0.8,1,0.95,0.9,0.95,1,0.9,0.84,0.96,0.875,0.88,0.85,1,1,0.84,1,0.9,0.9,0.8,0.95,0.85,0.84,0.9,0.9,0.96,1,0.76,0.85,0.9,0.9,0.9375,0.92,0.65,1,1,1,0.8,0.75,1,0.92,0.84
0.5,0.029239864872815,0.9,0.7,1,0.92,0.9,0.96,1,0.95,0.8,0.8,1,0.95,0.9,0.95,1,0.9,0.84,0.96,0.875,0.88,0.85,1,1,0.84,1,0.95,0.95,0.8,0.95,0.85,0.84,0.95,0.9,0.96,1,0.8,0.8,0.9,0.9,0.9375,0.92,0.65,1,1,1,0.85,0.8125,1,0.92,0.84
0.5,0.0266422758659586,0.9,0.7,1,0.92,0.9,1,1,1,0.8,0.8,1,0.95,0.9,0.9,1,0.95,0.84,0.96,0.875,0.88,0.85,1,1,0.84,1,0.95,0.95,0.8,0.95,0.85,0.84,0.95,0.95,0.96,1,0.8,0.8,0.9,0.9,0.9375,0.92,0.65,1,1,1,0.85,0.8125,1,0.92,0.84
0.5,0.024275449507216,0.9,0.7,1,0.92,0.9,1,1,1,0.8,0.8,1,0.95,0.9,0.9,1,0.95,0.92,0.96,0.875,0.88,0.85,1,1,0.84,1,0.95,0.95,0.8,0.95,0.85,0.84,0.95,0.95,0.96,1,0.84,0.8,0.9,0.9,0.9375,0.96,0.65,1,1,1,0.85,0.8125,1,0.92,0.84
0.5,0.0221188854789373,0.9,0.7,1,0.92,0.9,1,1,1,0.8,0.8,1,0.95,0.9,0.9,1,0.95,0.92,0.96,0.875,0.88,0.85,1,1,0.84,1,0.95,1,0.8,0.95,0.85,0.84,0.95,1,0.96,1,0.84,0.8,0.9,0.9,0.9375,0.96,0.65,1,1,1,0.85,0.8125,1,0.92,0.84
0.5,0.0201539046551914,0.95,0.7,1,0.88,0.9,1,1,1,0.8,0.8,1,0.95,0.9,0.9,1,0.95,0.92,0.96,0.875,0.88,0.85,1,1,0.84,1,1,1,0.76,0.95,0.85,0.84,0.95,1,0.96,1,0.84,0.8,0.9,0.9,0.9375,0.96,0.65,1,1,1,0.9,0.8125,1,0.92,0.84
0.5,0.018363487312113,0.95,0.7,1,0.88,0.9,1,1,1,0.85,0.8,1,0.95,0.9,0.95,1,0.95,0.92,0.96,0.875,0.88,0.85,1,1,0.84,1,1,1,0.76,0.95,0.85,0.84,0.95,1,0.96,1,0.84,0.8,0.9,0.95,0.9375,1,0.65,1,1,1,0.9,0.8125,1,0.92,0.84
0.5,0.0167321257111967,0.95,0.7,1,0.88,0.9,1,1,1,0.85,0.8,1,0.95,0.9,0.95,1,1,0.92,0.96,0.9375,0.88,0.85,1,1,0.88,1,1,1,0.76,0.95,0.85,0.84,0.95,1,0.96,1,0.88,0.85,0.9,0.95,0.9375,1,0.65,1,1,1,0.9,0.8125,1,0.92,0.84
0.5,0.0152456897786848,0.95,0.7,1,0.92,0.9,1,1,1,0.85,0.8,1,0.95,0.9,0.95,1,1,0.92,0.96,0.9375,0.88,0.85,1,1,0.88,1,1,1,0.76,0.95,0.85,0.84,0.95,1,0.96,1,0.88,0.85,0.9,0.95,0.9375,1,0.65,1,1,1,0.9,0.8125,1,0.92,0.84
0.5,0.0138913047176282,0.95,0.7,1,0.92,0.95,1,1,1,0.85,0.8,1,0.95,0.9,0.95,1,1,0.92,0.96,0.9375,0.88,0.85,1,1,0.84,1,1,1,0.76,0.95,0.8,0.84,0.95,1,0.96,1,0.88,0.85,0.9,0.95,0.9375,1,0.65,1,1,1,0.9,0.8125,1,0.92,0.84
0.5,0.0126572394925542,0.95,0.7,1,0.92,0.95,1,1,1,0.9,0.8,1,0.95,0.9,0.95,1,1,0.92,0.92,0.9375,0.88,0.85,1,1,0.84,1,1,1,0.76,0.95,0.8,0.84,0.95,1,0.96,1,0.88,0.85,0.9,0.95,0.9375,1,0.65,1,1,1,0.9,0.8125,1,0.92,0.84
0.5,0.0115328052208495,0.95,0.7,1,0.92,0.95,1,1,1,0.9,0.8,1,0.95,0.9,0.95,1,1,0.92,0.92,0.9375,0.88,0.85,1,1,0.84,1,1,1,0.76,0.95,0.8,0.84,0.95,1,0.96,1,0.92,0.9,0.9,0.95,0.9375,1,0.65,1,1,1,0.9,0.8125,1,0.92,0.84
0.5,0.0105082625907723,0.95,0.7,1,0.92,1,1,1,1,0.9,0.8,1,0.95,0.9,0.95,1,1,0.92,0.92,0.9375,0.88,0.85,1,1,0.84,1,1,1,0.8,1,0.8,0.84,0.95,1,0.96,1,1,0.9,0.9,0.95,0.9375,1,0.65,1,1,1,0.9,0.8125,1,0.92,0.84
0.5,0.00957473750419342,0.95,0.7,1,0.92,1,1,1,1,0.9,0.8,1,0.95,0.9,0.95,1,1,0.92,0.92,0.9375,0.88,0.85,1,1,0.84,1,1,1,0.8,1,0.85,0.84,0.95,1,0.96,1,1,0.9,0.9,0.95,0.9375,1,0.6,1,1,1,0.9,0.8125,1,0.92,0.84
0.5,0.00872414421340322,0.95,0.7,1,0.92,1,1,1,1,0.9,0.8,1,0.95,0.85,0.95,1,1,0.92,0.92,0.9375,0.88,0.8,1,1,0.84,1,1,1,0.8,1,0.85,0.84,0.95,1,0.96,1,1,0.9,0.9,0.95,0.9375,1,0.65,1,1,1,0.9,0.8125,1,0.92,0.84
0.5,0.00794911528623347,0.95,0.7,1,0.92,1,1,1,1,0.9,0.8,1,0.95,0.85,0.95,1,1,0.92,0.92,0.9375,0.88,0.8,1,1,0.84,1,1,1,0.84,1,0.85,0.84,0.95,1,0.96,1,1,0.9,0.9,0.95,0.9375,1,0.65,1,1,1,0.9,0.8125,1,0.92,0.84
0.5,0.00724293779288426,0.95,0.7,1,0.92,1,1,1,1,0.95,0.8,1,0.95,0.85,0.95,1,1,0.92,0.92,0.9375,0.88,0.8,1,1,0.84,1,1,1,0.84,1,0.85,0.84,0.95,1,0.96,1,1,0.95,0.9,0.95,0.9375,1,0.65,1,1,1,0.95,0.8125,1,0.92,0.84
0.5,0.00659949516173746,0.95,0.7,1,0.92,1,1,1,1,0.95,0.8,1,0.95,0.85,0.95,1,1,0.96,0.92,0.9375,0.88,0.8,1,1,0.84,1,1,1,0.88,1,0.85,0.84,0.95,1,0.96,1,1,0.95,0.9,0.9,0.9375,1,0.65,1,1,1,0.95,0.8125,1,0.92,0.84
0.5,0.00601321420053954,0.95,0.7,1,0.92,1,1,1,1,0.95,0.8,1,0.95,0.85,0.95,1,1,0.96,0.92,0.9375,0.88,0.8,1,1,0.84,1,1,1,0.88,1,0.85,0.84,0.95,1,0.96,1,1,0.95,0.9,0.9,0.9375,1,0.7,1,1,1,0.95,0.8125,1,0.92,0.8
0.5,0.00547901682407641,0.95,0.7,1,0.92,1,1,1,1,0.95,0.8,1,0.95,0.85,0.95,1,1,0.96,0.92,0.9375,0.92,0.8,1,1,0.88,1,1,1,0.88,1,0.85,0.84,0.95,1,0.96,1,1,0.95,0.9,0.9,0.9375,1,0.7,1,1,1,0.95,0.8125,1,0.92,0.8
0.5,0.00499227607022859,0.95,0.7,1,0.92,1,1,1,1,0.95,0.8,1,0.95,0.85,0.9,1,1,0.92,0.92,0.9375,0.92,0.8,1,1,0.88,1,1,1,0.88,1,0.85,0.84,0.95,1,0.96,1,1,0.95,0.9,0.9,0.9375,1,0.7,1,1,1,0.95,0.8125,1,0.92,0.8
0.5,0.00454877602343889,0.95,0.7,1,0.92,1,1,1,1,0.95,0.8,1,0.95,0.85,0.9,1,1,0.92,0.92,0.9375,0.92,0.8,1,1,0.88,1,1,1,0.88,1,0.85,0.84,0.95,1,0.96,1,1,0.95,0.9,0.9,0.9375,1,0.7,1,1,1,0.95,0.8125,1,0.92,0.8
0.5,0.00414467529846863,0.95,0.7,1,0.92,1,1,1,1,0.95,0.8,1,0.95,0.85,0.9,1,1,0.92,0.92,0.9375,0.92,0.8,1,1,0.84,1,1,1,0.88,1,0.85,0.84,0.95,1,0.96,1,1,0.95,0.9,0.9,0.9375,1,0.75,1,1,1,0.95,0.8125,1,0.92,0.8
0.5,0.00377647376815647,0.95,0.7,1,0.96,1,1,1,1,0.95,0.8,1,0.95,0.85,0.9,1,1,0.92,0.92,0.9375,0.92,0.75,1,1,0.84,1,1,1,0.88,1,0.85,0.84,0.95,1,0.96,1,1,0.95,0.9,0.9,0.9375,1,0.75,1,1,1,0.95,0.8125,1,0.92,0.8
0.5,0.00344098224699129,0.95,0.7,1,0.96,1,1,1,1,0.9,0.8,1,0.95,0.9,0.9,1,1,0.96,0.92,0.9375,0.92,0.75,1,1,0.84,1,1,1,0.88,1,0.85,0.84,0.95,1,0.96,1,1,0.95,0.9,0.9,0.9375,1,0.75,1,1,1,0.95,0.8125,1,0.92,0.8
0.5,0.00313529486791306,0.95,0.7,1,0.96,1,1,1,1,0.9,0.8,1,0.95,0.9,0.85,1,1,0.96,0.92,0.9375,0.96,0.75,1,1,0.84,1,1,1,0.88,1,0.85,0.84,0.95,1,0.96,1,1,0.95,0.95,0.9,0.9375,1,0.75,1,1,1,0.95,0.8125,1,0.92,0.8
0.5,0.00285676391308241,0.95,0.7,1,0.96,1,1,1,1,0.9,0.8,1,0.95,0.9,0.85,1,1,0.96,0.92,0.9375,0.96,0.75,1,1,0.84,0.95,1,1,0.88,1,0.85,0.84,0.95,1,0.96,1,1,0.95,0.95,0.9,0.9375,1,0.85,1,1,1,0.95,0.8125,1,0.92,0.8
0.5,0.00260297688061544,0.95,0.7,1,0.96,1,1,1,1,0.9,0.8,1,0.95,0.9,0.85,1,1,0.96,0.92,0.9375,0.96,0.75,1,1,0.84,0.95,1,1,0.88,1,0.85,0.84,0.95,1,0.96,1,1,0.95,0.95,0.9,0.9375,1,0.85,1,1,1,0.95,0.8125,1,0.92,0.8
0.5,0.00237173558864646,0.95,0.65,1,0.96,1,1,1,1,0.9,0.8,1,0.95,0.9,0.85,1,1,0.96,0.88,0.9375,0.96,0.75,1,1,0.84,0.95,1,1,0.88,1,0.85,0.8,0.95,1,0.96,1,0.96,0.95,0.95,0.95,0.9375,1,0.85,1,1,1,0.95,0.8125,1,0.92,0.8
0.5,0.0021610371357283,0.95,0.65,1,0.96,1,1,1,1,0.9,0.8,1,0.95,0.9,0.85,1,1,0.96,0.88,0.9375,0.96,0.75,1,1,0.84,0.95,1,1,0.88,1,0.85,0.8,0.95,1,0.96,1,0.96,0.95,0.9,0.95,0.9375,1,0.85,1,1,1,0.95,0.8125,1,0.92,0.8
0.5,0.00196905655265812,0.95,0.65,1,0.96,1,1,1,1,0.9,0.8,1,0.95,0.9,0.85,1,1,0.96,0.88,0.9375,0.92,0.75,1,1,0.84,0.95,1,1,0.88,1,0.85,0.8,0.95,1,0.96,1,0.96,0.95,0.9,0.95,0.9375,1,0.85,1,1,1,0.95,0.8125,1,0.92,0.8
0.5,0.00179413099546724,0.95,0.65,1,0.96,1,1,1,1,0.9,0.8,1,0.95,0.9,0.9,1,1,0.96,0.88,0.9375,0.92,0.75,1,1,0.84,0.95,1,1,0.88,1,0.85,0.8,0.95,1,0.96,1,0.96,0.95,0.9,0.95,0.9375,1,0.85,1,1,1,0.95,0.8125,1,0.92,0.8
0.5,0.00163474534266216,0.95,0.65,1,0.96,1,1,1,1,0.9,0.8,1,0.95,0.9,0.9,1,1,0.96,0.88,0.9375,0.92,0.7,1,1,0.84,0.95,1,1,0.88,1,0.85,0.8,0.95,1,0.96,1,0.96,0.95,0.9,0.95,0.9375,1,0.85,1,1,1,0.95,0.8125,1,0.92,0.8
0.5,0.00148951907196701,0.95,0.65,1,0.96,1,1,1,1,0.9,0.8,1,0.95,0.9,0.9,1,1,0.96,0.88,0.9375,0.92,0.7,1,1,0.84,0.95,1,1,0.88,1,0.85,0.8,0.95,1,0.96,1,1,0.95,0.9,0.95,0.9375,1,0.85,1,1,1,0.95,0.8125,1,0.92,0.8
0.5,0.00135719430290005,0.95,0.65,1,0.92,1,1,1,1,0.9,0.8,1,0.95,0.9,0.9,1,1,0.96,0.88,0.9375,0.92,0.7,1,1,0.84,0.95,1,1,0.88,1,0.85,0.8,0.95,1,0.96,1,1,0.95,0.9,0.95,0.875,1,0.85,0.95,1,1,0.95,0.8125,1,0.92,0.8
0.5,0.00123662490161465,0.95,0.65,1,0.92,1,1,1,1,0.9,0.8,1,0.95,0.9,0.95,1,1,0.96,0.88,0.9375,0.92,0.7,1,1,0.84,0.95,1,1,0.88,1,0.85,0.8,0.95,1,0.96,1,1,0.95,0.9,0.95,0.875,1,0.85,0.95,1,1,0.95,0.8125,1,0.92,0.8
0.5,0.00112676655363625,0.95,0.65,1,0.92,1,1,1,1,0.9,0.8,1,0.95,0.9,0.95,1,1,0.96,0.88,0.9375,0.92,0.7,1,1,0.84,0.95,1,1,0.88,1,0.85,0.8,0.95,1,0.96,0.95,1,0.95,0.9,0.95,0.875,1,0.85,0.95,1,1,0.95,0.8125,1,0.92,0.8
0.5,0.00102666771850995,0.95,0.65,1,0.92,1,1,1,1,0.9,0.8,1,0.95,0.9,0.95,1,1,0.96,0.88,0.9375,0.92,0.7,1,1,0.84,0.95,1,1,0.88,1,0.85,0.8,0.95,1,0.96,0.95,1,0.95,0.9,0.95,0.875,1,0.85,0.95,1,1,0.95,0.8125,1,0.92,0.8
0.5,0.000935461388012331,0.95,0.65,1,0.92,1,1,1,1,0.9,0.75,1,0.95,0.85,0.95,1,1,0.96,0.88,0.9375,0.92,0.7,1,1,0.84,0.95,1,1,0.88,1,0.85,0.8,0.95,1,0.96,0.95,1,0.95,0.9,0.95,0.875,1,0.85,0.95,1,1,0.95,0.8125,1,0.92,0.8
0.5,0.000852357576540937,0.95,0.65,1,0.92,1,1,1,1,0.9,0.75,1,0.95,0.85,0.95,1,1,0.96,0.88,0.9375,0.92,0.7,1,1,0.84,0.95,1,1,0.88,1,0.85,0.8,0.95,1,0.96,0.95,1,0.95,0.9,0.95,0.8125,1,0.9,0.95,1,1,0.95,0.8125,1,0.92,0.8
0.5,0.000776636478636959,0.95,0.65,1,0.92,1,1,1,1,0.9,0.75,1,0.95,0.85,0.95,1,1,0.96,0.88,0.9375,0.92,0.7,1,1,0.84,0.95,1,1,0.88,1,0.85,0.8,0.95,1,0.96,0.95,1,0.95,0.9,0.95,0.8125,1,0.9,0.95,1,1,0.95,0.8125,1,0.92,0.8
0.5,0.00070764223437468,0.95,0.65,1,0.88,1,1,1,1,0.9,0.75,1,0.95,0.85,0.95,1,1,0.96,0.88,0.9375,0.92,0.7,1,1,0.84,0.95,1,1,0.88,1,0.85,0.8,0.95,1,0.96,0.95,1,0.95,0.9,0.95,0.8125,1,0.9,0.95,1,1,0.95,0.8125,1,0.92,0.76
0.5,0.000644777248616556,0.95,0.65,1,0.88,1,1,1,1,0.9,0.75,1,0.9,0.85,0.95,1,1,0.96,0.88,0.9375,0.92,0.7,1,1,0.84,0.95,1,1,0.92,1,0.9,0.8,0.95,1,0.96,0.95,1,0.95,0.9,0.95,0.8125,1,0.9,0.95,1,1,0.95,0.8125,1,0.92,0.76
0.5,0.000587497014930023,0.95,0.65,1,0.88,1,1,1,1,0.9,0.75,1,0.85,0.8,0.95,1,1,0.96,0.88,0.9375,0.88,0.7,1,1,0.84,0.95,1,1,0.92,1,0.9,0.8,0.95,1,0.96,0.95,1,0.95,0.9,0.95,0.8125,1,0.9,0.95,1,1,0.95,0.8125,1,0.92,0.76
0.5,0.000535305399333263,0.95,0.65,1,0.84,1,1,1,1,0.9,0.75,1,0.85,0.8,0.95,1,1,0.96,0.88,0.9375,0.88,0.7,1,1,0.84,0.95,1,1,0.92,1,0.9,0.8,0.95,1,0.96,0.95,1,0.95,0.9,0.95,0.8125,1,0.9,0.95,1,1,0.95,0.8125,1,0.96,0.72
0.5,0.000487750343019998,0.95,0.65,1,0.84,1,1,1,1,0.9,0.75,1,0.85,0.8,0.95,1,1,0.96,0.88,0.9375,0.88,0.7,1,1,0.8,0.95,1,1,0.92,1,0.9,0.8,0.95,1,0.96,0.95,1,0.95,0.9,0.95,0.8125,1,0.9,0.95,1,1,0.95,0.8125,1,0.96,0.72
0.5,0.000444419946842377,0.95,0.65,1,0.84,1,1,1,1,0.9,0.75,1,0.85,0.8,0.95,1,1,0.96,0.88,0.9375,0.88,0.7,1,1,0.8,0.95,1,1,0.92,1,0.9,0.8,0.95,1,0.96,0.95,1,0.95,0.9,0.95,0.8125,1,0.9,0.95,1,1,0.95,0.8125,1,0.96,0.72
0.5,0.000404938903637599,0.95,0.65,1,0.84,1,1,1,1,0.95,0.75,1,0.85,0.8,0.95,1,1,0.96,0.88,0.9375,0.88,0.7,1,1,0.8,0.95,1,1,0.92,1,0.9,0.8,0.95,1,0.96,0.95,1,0.95,0.9,0.95,0.8125,1,0.9,0.95,1,1,0.95,0.8125,1,0.96,0.72
0.5,0.00036896524749682,0.95,0.65,1,0.84,1,1,1,1,0.95,0.75,1,0.85,0.8,0.95,1,1,0.96,0.88,0.9375,0.88,0.7,1,1,0.8,0.95,1,1,0.92,1,0.9,0.8,0.95,1,0.96,0.95,1,0.95,0.95,0.95,0.8125,1,0.9,0.95,1,1,0.95,0.8125,1,0.96,0.72
0.5,0.000336187391820036,0.95,0.65,1,0.84,1,1,1,1,0.95,0.75,1,0.85,0.8,0.95,1,1,0.96,0.88,0.9375,0.88,0.7,1,1,0.8,0.95,1,1,0.92,1,0.9,0.8,0.95,1,0.96,0.95,1,0.95,0.95,0.95,0.8125,1,0.9,0.95,1,1,0.95,0.8125,1,1,0.72
0.5,0.000306321430502022,0.95,0.65,1,0.84,1,1,1,1,0.95,0.75,1,0.85,0.8,0.95,1,1,0.96,0.88,0.9375,0.88,0.7,1,1,0.8,0.95,1,1,0.92,1,0.9,0.8,0.95,1,0.96,0.9,1,0.95,0.95,0.95,0.8125,1,0.9,0.95,1,0.95,0.95,0.8125,1,1,0.72
0.5,0.000279108678873461,0.95,0.65,1,0.84,1,1,1,1,0.95,0.75,1,0.85,0.8,0.95,1,1,0.96,0.88,0.9375,0.88,0.7,1,1,0.8,0.95,1,1,0.92,1,0.9,0.8,0.95,1,0.96,0.9,1,0.95,0.95,0.95,0.8125,1,0.9,0.95,1,0.95,0.95,0.8125,1,1,0.72
0.5,0.000254313433098096,0.95,0.65,1,0.84,1,1,1,1,0.95,0.75,1,0.85,0.8,0.9,1,1,0.96,0.88,0.9375,0.88,0.7,1,1,0.8,0.95,1,1,0.92,1,0.9,0.8,0.95,1,0.96,0.9,1,0.95,0.95,0.95,0.8125,1,0.9,0.95,1,0.95,0.95,0.8125,1,1,0.72
0.5,0.000231720928618853,0.95,0.65,1,0.84,1,1,1,1,0.95,0.75,1,0.85,0.8,0.9,1,1,0.96,0.88,0.9375,0.88,0.7,1,1,0.8,0.95,1,1,0.92,1,0.9,0.8,0.95,1,0.96,0.9,1,0.95,0.95,0.95,0.8125,1,0.9,0.95,1,0.95,0.95,0.8125,1,1,0.72
0.5,0.000211135479969995,0.95,0.65,1,0.84,1,1,1,1,0.95,0.75,1,0.85,0.8,0.9,1,1,0.96,0.88,0.9375,0.88,0.65,1,1,0.8,0.95,1,1,0.92,1,0.9,0.8,0.95,1,0.96,0.9,1,0.9,0.95,0.95,0.8125,1,0.95,0.95,1,0.95,0.95,0.8125,1,1,0.72
0.5,0.000192378785843227,0.95,0.65,1,0.84,1,1,1,1,0.95,0.75,1,0.85,0.8,0.9,1,1,0.96,0.88,0.9375,0.88,0.65,1,1,0.8,0.95,1,1,0.92,1,0.9,0.8,0.95,1,0.96,0.9,1,0.9,0.95,0.95,0.8125,1,0.95,0.95,1,0.95,0.95,0.8125,1,1,0.72
0.5,0.000175288384727066,0.95,0.65,1,0.84,1,1,1,1,0.95,0.75,1,0.85,0.75,0.9,1,1,0.96,0.88,0.9375,0.88,0.65,1,1,0.8,0.95,1,1,0.92,1,0.9,0.8,0.95,1,0.96,0.9,1,0.9,0.95,0.95,0.8125,1,0.95,0.95,1,0.95,0.95,0.8125,1,1,0.72
0.5,0.000159716247742946,0.95,0.65,1,0.88,1,1,1,1,0.95,0.75,1,0.85,0.75,0.9,1,1,0.96,0.88,0.9375,0.88,0.65,1,1,0.8,0.95,1,1,0.92,1,0.9,0.8,0.95,1,0.96,0.9,1,0.9,0.95,0.95,0.8125,1,0.95,0.95,1,0.95,0.95,0.8125,1,1,0.72
0.5,0.000145527496489887,0.95,0.65,1,0.88,1,1,1,1,0.95,0.75,1,0.85,0.75,0.9,1,1,0.96,0.88,0.9375,0.88,0.65,1,1,0.8,0.95,1,1,0.92,1,0.9,0.8,0.95,1,0.96,0.9,1,0.9,0.95,0.95,0.8125,1,0.95,0.95,1,0.95,0.95,0.8125,1,1,0.72
0.5,0.000132599234792313,0.95,0.65,1,0.88,1,1,1,1,0.95,0.75,1,0.85,0.75,0.9,1,1,0.96,0.88,0.9375,0.88,0.65,1,1,0.8,0.95,1,1,0.92,1,0.9,0.8,0.95,1,0.96,0.9,1,0.9,0.95,0.95,0.8125,1,0.95,0.95,1,0.95,0.95,0.8125,1,1,0.72
0.5,0.000120819484232169,0.95,0.65,1,0.8,1,1,1,1,0.95,0.75,1,0.85,0.75,0.9,1,1,0.96,0.88,0.9375,0.88,0.65,1,1,0.8,1,1,1,0.92,1,0.9,0.76,0.95,1,0.96,0.9,1,0.9,0.95,0.95,0.8125,1,0.95,0.95,1,0.95,0.95,0.8125,1,1,0.72
0.5,0.000110086214245435,0.95,0.65,1,0.8,1,1,1,1,0.95,0.75,1,0.85,0.75,0.9,1,1,0.96,0.88,0.9375,0.88,0.65,1,1,0.8,1,1,1,0.92,1,0.9,0.76,0.95,1,0.96,0.9,1,0.9,0.95,0.95,0.8125,1,0.95,0.95,1,0.95,0.95,0.8125,1,1,0.72
0.5,0.00010030645838219,0.95,0.65,1,0.8,1,1,1,1,0.95,0.75,1,0.85,0.75,0.9,1,1,0.96,0.88,0.9375,0.88,0.65,1,1,0.8,1,1,1,0.92,1,0.9,0.76,0.95,1,0.96,0.9,1,0.9,0.95,0.95,0.8125,1,0.95,0.95,1,0.95,0.95,0.8125,1,1,0.72
0.5,0.0000913955090757002,0.95,0.65,1,0.8,1,1,1,1,0.95,0.75,1,0.85,0.75,0.9,1,1,0.96,0.88,0.9375,0.88,0.65,1,1,0.8,1,1,1,0.92,1,0.9,0.76,0.95,1,0.96,0.9,1,0.9,0.95,0.95,0.8125,0.96,0.95,0.95,1,0.95,0.95,0.8125,1,1,0.72
0.5,0.0000832761839459932,0.95,0.65,1,0.8,1,1,1,1,0.95,0.75,1,0.85,0.75,0.9,1,1,0.96,0.88,0.9375,0.88,0.65,1,1,0.8,1,1,1,0.92,1,0.9,0.76,0.95,1,0.96,0.9,1,0.9,0.95,0.95,0.8125,0.96,0.95,0.95,1,0.95,0.95,0.8125,1,1,0.72
0.5,0.0000758781572830116,0.95,0.65,1,0.8,1,1,1,1,0.95,0.75,0.95,0.85,0.75,0.9,1,1,0.96,0.88,0.9375,0.88,0.65,1,1,0.8,1,1,1,0.92,1,0.9,0.76,0.95,1,0.96,0.9,1,0.9,0.95,0.95,0.8125,0.96,0.95,0.95,1,0.95,0.95,0.8125,1,1,0.72
0.5,0.0000691373509189535,0.95,0.65,1,0.8,1,1,1,1,0.95,0.75,0.95,0.85,0.75,0.9,1,1,0.96,0.88,0.9375,0.88,0.65,1,1,0.8,1,1,1,0.92,1,0.9,0.76,0.95,1,0.96,0.9,1,0.9,0.95,0.95,0.8125,0.96,0.95,0.95,1,0.95,0.95,0.8125,1,1,0.72
0.5,0.0000629953792138374,0.95,0.65,1,0.8,1,1,1,1,0.95,0.75,0.95,0.85,0.75,0.9,1,1,0.96,0.88,0.9375,0.88,0.65,1,1,0.8,1,1,1,0.92,1,0.9,0.76,0.95,1,0.96,0.9,1,0.9,0.95,0.95,0.8125,0.96,0.95,0.95,1,0.95,0.95,0.8125,1,1,0.72
0.5,0.0000573990433470205,0.95,0.65,1,0.8,1,1,1,1,0.95,0.75,0.95,0.85,0.75,0.9,1,1,0.96,0.88,0.9375,0.88,0.65,1,1,0.8,1,1,1,0.92,1,0.9,0.76,0.95,1,0.96,0.9,1,0.9,0.95,0.95,0.8125,0.96,0.95,0.95,1,0.95,0.95,0.8125,1,1,0.72
0.5,0.0000522998705344636,0.95,0.65,1,0.8,1,1,1,1,0.95,0.75,0.95,0.85,0.75,0.9,1,1,0.92,0.88,0.9375,0.88,0.65,1,1,0.76,1,1,1,0.92,1,0.9,0.76,0.95,1,0.96,0.9,1,0.9,0.95,0.95,0.8125,0.96,0.95,0.95,1,0.95,0.95,0.8125,1,1,0.72
0.5,0.0000476536941806651,0.95,0.65,1,0.8,1,1,1,1,0.95,0.75,0.95,0.8,0.75,0.9,1,1,0.92,0.88,0.9375,0.88,0.65,1,1,0.76,1,1,1,0.92,1,0.9,0.76,0.95,1,0.96,0.9,1,0.9,0.95,0.95,0.8125,0.96,0.95,0.95,1,0.95,0.95,0.8125,1,1,0.72
0.5,0.0000434202713287395,0.95,0.65,1,0.84,1,1,1,1,0.95,0.75,0.95,0.8,0.75,0.9,1,1,0.92,0.88,0.9375,0.88,0.65,1,1,0.76,1,1,1,0.92,1,0.9,0.76,0.95,1,0.96,0.9,1,0.9,0.95,0.95,0.8125,0.96,0.95,0.95,1,0.95,0.95,0.8125,1,1,0.72
0.5,0.0000395629340951766,0.95,0.65,1,0.8,1,1,1,1,0.95,0.75,0.95,0.8,0.75,0.9,1,1,0.92,0.88,0.9375,0.88,0.65,1,1,0.76,1,1,1,0.92,1,0.9,0.76,0.95,1,0.96,0.9,1,0.9,0.95,0.95,0.8125,0.96,0.95,0.95,1,0.95,0.95,0.8125,1,1,0.72
0.5,0.0000360482720701766,0.95,0.65,1,0.8,1,1,1,1,0.95,0.75,0.95,0.75,0.75,0.9,1,1,0.92,0.88,0.9375,0.88,0.65,1,1,0.76,1,1,1,0.92,1,0.9,0.76,0.95,1,0.96,0.9,1,0.9,0.95,0.95,0.8125,0.96,0.95,0.95,1,0.95,0.95,0.8125,1,1,0.72
0.5,0.0000328458429326631,0.95,0.65,1,0.8,1,1,1,1,0.95,0.75,0.95,0.75,0.75,0.85,1,1,0.92,0.88,0.9375,0.88,0.65,1,1,0.76,1,1,1,0.92,1,0.9,0.76,0.95,1,0.96,0.9,1,0.9,0.95,0.95,0.8125,0.96,0.95,0.95,0.95,0.95,1,0.8125,1,1,0.72
0.5,0.0000299279087734618,0.95,0.65,1,0.8,1,1,1,1,0.95,0.75,0.95,0.75,0.75,0.85,1,1,0.92,0.88,0.9375,0.88,0.65,1,1,0.76,1,1,1,0.92,1,0.9,0.76,0.95,1,0.96,0.9,1,0.9,0.95,0.95,0.8125,0.96,0.95,0.95,0.95,0.9,1,0.8125,1,1,0.72
0.6,0.249399239778848,0.25,0.4,0.875,0.4,1,0.48,0.625,0.55,0.45,0.55,0.55,0.8,0.75,0.45,0.525,0.525,0.4,0.28,0.5,0.76,0.575,0.8,0.875,0.56,0.425,0.45,0.2,0.72,0.6,0.7,0.68,0.65,0.9,0.6,0.55,0.44,0.35,0.35,0.7,0.625,0.36,0.55,0.55,0.5,0.6,0.75,0.9375,0.75,0.64,0.6
0.6,0.227243298690003,0.4,0.45,0.95,0.8,1,0.76,1,0.55,0.45,0.6,0.6,0.55,0.65,0.6,0.9,0.6,0.8,0.28,0.5,0.72,0.65,0.68,0.8125,0.56,0.7,0.45,0.25,0.72,0.65,0.8,0.6,0.65,0.8,0.8,0.7,0.48,0.5,0.45,0.75,0.75,0.36,0.65,0.5,0.8,0.6,0.8,0.9375,0.7,0.8,0.8
0.6,0.207055630343158,0.55,0.55,1,0.92,1,0.76,1,0.6,0.6,0.65,0.65,0.7,0.6,0.6,0.95,0.6,0.84,0.52,0.625,0.72,0.95,0.68,0.875,0.76,0.95,0.45,0.5,0.88,0.75,0.75,0.6,0.7,0.65,0.8,0.8,0.52,0.65,0.65,0.8,0.875,0.36,0.7,0.7,0.7,0.8,0.6,0.9375,0.7,0.84,0.8
0.6,0.188661378812702,0.65,0.55,1,0.92,1,0.72,1,0.55,0.65,0.75,0.65,0.8,0.6,0.65,0.95,0.6,0.84,0.72,0.75,0.76,0.95,0.92,0.875,0.76,1,0.5,0.6,0.88,0.85,0.8,0.6,0.65,0.85,0.84,0.8,0.56,0.8,0.65,0.85,0.875,0.48,0.7,0.9,0.75,1,0.65,0.9375,0.75,0.84,0.72
0.6,0.17190122189153,0.7,0.55,0.95,0.92,1,0.72,0.95,0.6,0.65,0.75,0.7,0.8,0.6,0.75,1,0.6,0.84,0.68,0.75,0.76,1,0.88,0.75,0.72,1,0.6,0.65,0.92,1,0.85,0.68,0.65,0.85,0.92,0.8,0.6,0.85,0.7,0.85,0.9375,0.56,0.7,0.9,0.75,1,0.65,0.9375,0.75,0.84,0.72
0.6,0.156629991118307,0.7,0.6,1,0.92,0.95,0.72,0.95,0.65,0.7,0.7,0.75,0.9,0.65,0.75,1,0.6,0.88,0.68,0.75,0.8,1,0.88,0.75,0.72,1,0.7,0.7,0.88,1,0.85,0.76,0.65,0.85,0.88,0.85,0.64,0.85,0.75,0.85,0.9375,0.68,0.7,0.95,0.8,1,0.65,0.875,0.75,0.88,0.8
0.6,0.142715414397701,0.75,0.6,1,0.92,0.95,0.72,0.95,0.65,0.7,0.8,0.8,0.9,0.65,0.85,1,0.6,0.96,0.92,0.6875,0.8,1,0.88,1,0.76,1,0.7,0.7,0.88,1,0.85,0.8,0.65,0.85,0.88,0.9,0.64,0.85,0.75,0.85,0.9375,0.72,0.7,1,0.85,1,0.7,0.8125,0.7,0.88,0.88
0.6,0.130036970322773,0.75,0.6,1,0.92,0.95,0.84,1,0.65,0.7,0.85,0.8,0.9,0.75,0.85,1,0.65,0.92,0.88,0.6875,0.8,1,0.96,0.9375,0.8,1,0.8,0.7,0.88,0.95,0.85,0.88,0.7,0.8,0.92,0.95,0.64,0.85,0.75,0.85,0.875,0.72,0.7,1,0.85,1,0.7,0.8125,0.7,0.88,0.88
0.6,0.118484844276206,0.75,0.65,1,0.92,0.95,0.84,1,0.65,0.7,0.85,0.8,0.9,0.8,0.85,1,0.7,0.92,0.88,0.6875,0.8,1,1,0.9375,0.8,1,0.8,0.75,0.88,0.95,0.85,0.84,0.75,0.85,0.92,0.95,0.68,0.85,0.75,0.9,0.875,0.76,0.7,1,0.85,1,0.7,0.8125,0.8,0.88,0.84
0.6,0.107958977268623,0.75,0.6,1,0.92,0.95,0.84,1,0.65,0.7,0.9,0.85,0.9,0.85,0.9,1,0.7,0.92,0.88,0.75,0.84,1,1,0.9375,0.8,1,0.8,0.8,0.88,0.95,0.85,0.88,0.75,0.85,0.92,0.95,0.68,0.85,0.8,0.9,0.875,0.76,0.65,1,0.85,1,0.7,0.8125,0.85,0.88,0.88
0.6,0.0983681992754876,0.75,0.6,1,0.92,0.95,0.84,1,0.65,0.7,0.9,0.85,0.9,0.85,0.9,1,0.7,0.92,0.88,0.6875,0.84,1,1,1,0.8,1,0.8,0.85,0.84,0.95,0.85,0.88,0.75,0.85,0.92,0.95,0.68,0.85,0.8,0.9,0.875,0.76,0.65,1,0.9,1,0.7,0.8125,0.9,0.88,0.92
0.6,0.089629439565971,0.8,0.6,1,0.92,0.95,0.92,1,0.65,0.7,0.9,0.85,0.9,0.85,0.95,1,0.75,0.88,0.88,0.75,0.84,1,1,1,0.8,1,0.8,0.85,0.84,0.95,0.85,0.88,0.75,0.85,0.92,0.95,0.68,0.85,0.8,0.9,0.875,0.8,0.65,1,0.95,1,0.7,0.8125,0.9,0.88,0.88
0.6,0.0816670071840168,0.8,0.6,1,0.92,0.95,0.92,1,0.65,0.7,0.9,0.85,0.9,0.85,0.95,1,0.85,0.88,0.96,0.8125,0.84,1,1,1,0.8,1,0.8,0.85,0.84,0.95,0.85,0.88,0.75,0.85,0.92,1,0.72,0.85,0.8,0.9,0.875,0.8,0.65,1,1,1,0.75,0.8125,0.9,0.88,0.84
0.6,0.0744119353494922,0.8,0.65,1,0.92,0.95,0.96,1,0.65,0.7,0.9,0.9,0.9,0.85,0.95,1,0.85,0.88,0.96,0.8125,0.84,1,1,1,0.8,1,0.8,0.85,0.8,0.95,0.85,0.88,0.8,0.85,0.92,1,0.72,0.85,0.8,0.9,0.875,0.8,0.65,1,1,1,0.75,0.75,0.9,0.88,0.88
0.6,0.0678013841009309,0.8,0.65,1,0.92,0.95,0.96,1,0.7,0.75,0.9,0.95,0.9,0.85,0.95,1,0.85,0.84,0.96,0.8125,0.84,1,1,1,0.8,0.95,0.8,0.9,0.8,0.95,0.85,0.88,0.85,0.85,0.92,1,0.72,0.85,0.8,0.9,0.875,0.8,0.65,1,1,1,0.75,0.75,0.9,0.88,0.88
0.6,0.0617780960058491,0.85,0.65,1,0.92,0.95,0.96,1,0.75,0.75,0.95,0.95,0.9,0.85,0.95,1,0.85,0.84,0.96,0.8125,0.84,1,1,1,0.84,0.95,0.85,0.9,0.8,0.95,0.85,0.88,0.85,0.9,0.92,1,0.72,0.85,0.8,0.9,0.875,0.84,0.65,1,1,1,0.8,0.75,0.9,0.88,0.88
0.6,0.0562899002242568,0.85,0.65,1,0.92,0.9,0.96,1,0.8,0.75,0.95,0.95,0.9,0.85,0.95,1,0.85,0.84,0.96,0.8125,0.84,1,1,1,0.84,0.95,0.85,0.9,0.84,0.95,0.85,0.88,0.85,0.9,0.96,1,0.72,0.85,0.8,0.9,0.875,0.88,0.6,1,1,1,0.8,0.75,0.95,0.88,0.88
0.6,0.0512892606297997,0.85,0.7,1,0.92,0.85,0.96,1,0.8,0.8,0.95,0.95,0.9,0.85,0.95,1,0.9,0.84,0.96,0.8125,0.84,0.95,1,1,0.84,0.95,0.85,0.9,0.84,0.95,0.85,0.88,0.85,0.9,0.96,1,0.76,0.85,0.8,0.9,0.875,0.88,0.6,1,1,1,0.8,0.75,1,0.88,0.88
0.6,0.046732864074574,0.85,0.7,1,0.92,0.85,0.96,1,0.8,0.8,0.95,0.95,0.9,0.85,0.95,1,0.9,0.84,0.96,0.8125,0.84,0.9,1,1,0.84,0.95,0.9,0.9,0.84,0.95,0.85,0.84,0.9,0.9,0.96,1,0.76,0.85,0.8,0.9,0.875,0.88,0.6,1,1,1,0.8,0.75,1,0.88,0.84
0.6,0.0425812452313593,0.85,0.7,1,0.92,0.85,0.96,1,0.8,0.8,0.95,0.95,0.9,0.9,0.95,1,0.9,0.84,0.96,0.8125,0.84,0.9,1,1,0.84,0.95,0.9,0.9,0.84,0.95,0.85,0.84,0.9,0.9,0.96,1,0.76,0.85,0.85,0.9,0.875,0.88,0.6,1,1,1,0.8,0.75,1,0.88,0.84
0.6,0.0387984447638349,0.85,0.7,1,0.92,0.85,0.96,1,0.8,0.8,0.95,0.95,0.95,0.9,0.95,1,0.9,0.84,0.96,0.8125,0.84,0.85,1,1,0.84,0.95,0.9,0.9,0.84,0.95,0.85,0.84,0.9,0.9,0.96,1,0.76,0.85,0.9,0.9,0.875,0.92,0.6,1,1,1,0.8,0.75,1,0.92,0.84
0.6,0.0353516978640104,0.85,0.7,1,0.92,0.85,0.96,1,0.85,0.8,0.95,1,0.95,0.9,0.95,1,0.9,0.84,0.96,0.8125,0.84,0.85,1,1,0.84,0.95,0.9,0.9,0.84,0.95,0.85,0.84,0.9,0.9,0.96,1,0.76,0.85,0.9,0.9,0.875,0.92,0.65,1,1,1,0.8,0.75,1,0.92,0.84
0.6,0.0322111504591338,0.9,0.7,1,0.92,0.85,0.96,1,0.85,0.8,0.95,1,0.95,0.9,0.95,1,0.9,0.84,0.96,0.8125,0.88,0.85,1,1,0.84,1,0.9,0.9,0.84,0.95,0.85,0.84,0.9,0.9,0.96,1,0.76,0.85,0.9,0.9,0.875,0.92,0.65,1,1,1,0.8,0.75,1,0.92,0.84
0.6,0.029349600629995,0.9,0.7,1,0.92,0.85,0.96,1,0.9,0.8,0.85,1,0.95,0.9,0.95,1,0.95,0.84,0.96,0.8125,0.88,0.85,1,1,0.84,1,0.9,0.9,0.84,0.95,0.85,0.84,0.95,0.9,0.96,1,0.76,0.85,0.9,0.9,0.875,0.92,0.65,1,1,1,0.85,0.75,1,0.92,0.84
0.6,0.0267422630009152,0.9,0.7,1,0.92,0.9,0.96,1,0.9,0.8,0.85,1,0.95,0.9,0.9,1,0.95,0.84,0.96,0.875,0.88,0.85,1,1,0.84,1,0.95,0.95,0.8,0.95,0.85,0.84,0.95,0.9,0.96,1,0.8,0.8,0.9,0.9,0.875,0.92,0.65,1,1,1,0.85,0.75,1,0.92,0.84
0.6,0.0243665540606791,0.9,0.7,1,0.92,0.9,1,1,0.95,0.8,0.85,1,0.95,0.9,0.9,1,0.95,0.84,0.96,0.875,0.88,0.85,1,1,0.84,1,0.95,0.95,0.8,0.95,0.85,0.84,0.95,0.9,0.96,1,0.84,0.8,0.9,0.9,0.9375,0.96,0.65,1,1,1,0.85,0.8125,1,0.92,0.84
0.6,0.0222018965549655,0.9,0.7,1,0.92,0.9,1,1,1,0.8,0.85,1,0.95,0.9,0.9,1,0.95,0.88,0.96,0.875,0.88,0.85,1,1,0.84,1,0.95,0.95,0.8,0.95,0.85,0.84,0.95,0.95,0.96,1,0.84,0.8,0.9,0.9,0.9375,0.96,0.65,1,1,1,0.85,0.8125,1,0.92,0.84
0.6,0.0202295412560133,0.9,0.7,1,0.92,0.9,1,1,1,0.8,0.85,1,0.95,0.9,0.9,1,0.95,0.92,0.96,0.875,0.88,0.85,1,1,0.84,1,1,1,0.8,0.95,0.85,0.84,0.95,1,0.96,1,0.84,0.8,0.9,0.9,0.9375,0.96,0.65,1,1,1,0.85,0.8125,1,0.92,0.84
0.6,0.0184324045657811,0.95,0.7,1,0.88,0.9,1,1,1,0.8,0.85,1,0.95,0.9,0.9,1,0.95,0.92,0.96,0.875,0.88,0.85,1,1,0.84,1,1,1,0.8,0.95,0.85,0.84,0.95,1,0.96,1,0.84,0.8,0.9,0.9,0.9375,0.96,0.65,1,1,1,0.9,0.8125,1,0.92,0.84
0.6,0.0167949205459928,0.95,0.7,1,0.88,0.9,1,1,1,0.85,0.85,1,0.95,0.9,0.9,1,0.95,0.92,0.96,0.875,0.88,0.85,1,1,0.84,1,1,1,0.8,0.95,0.85,0.84,0.95,1,0.96,1,0.88,0.8,0.9,0.95,0.9375,1,0.65,1,1,1,0.9,0.8125,1,0.92,0.84
0.6,0.0153029060934275,0.95,0.7,1,0.88,0.9,1,1,1,0.85,0.85,1,0.95,0.9,0.9,1,1,0.92,0.96,0.9375,0.88,0.85,1,1,0.88,1,1,1,0.8,0.95,0.85,0.84,0.95,1,0.96,1,0.88,0.85,0.9,0.95,0.9375,1,0.65,1,1,1,0.9,0.8125,1,0.92,0.84
0.6,0.0139434380926639,0.95,0.7,1,0.92,0.9,1,1,1,0.85,0.8,1,0.95,0.9,0.95,1,1,0.92,0.96,0.9375,0.88,0.85,1,1,0.84,1,1,1,0.8,0.95,0.85,0.84,0.95,1,0.96,1,0.92,0.85,0.9,0.95,0.9375,1,0.65,1,1,1,0.9,0.8125,1,0.92,0.84
0.6,0.0127047414822373,0.95,0.7,1,0.92,1,1,1,1,0.85,0.8,1,0.95,0.9,0.95,1,1,0.92,0.92,0.9375,0.88,0.85,1,1,0.84,1,1,1,0.8,0.95,0.8,0.84,0.95,1,0.96,1,0.92,0.85,0.9,0.95,0.9375,1,0.65,1,1,1,0.9,0.8125,1,0.92,0.84
0.6,0.0115760872646902,0.95,0.7,1,0.92,1,1,1,1,0.9,0.8,1,0.95,0.9,0.95,1,1,0.92,0.92,0.9375,0.88,0.85,1,1,0.84,1,1,1,0.84,0.95,0.8,0.84,0.95,1,0.96,1,0.92,0.85,0.9,0.95,0.9375,1,0.7,1,1,1,0.9,0.8125,1,0.92,0.84
0.6,0.0105476995771285,0.95,0.7,1,0.92,1,1,1,1,0.9,0.8,1,0.95,0.9,0.95,1,1,0.92,0.92,0.9375,0.88,0.85,1,1,0.84,1,1,1,0.84,0.95,0.8,0.84,0.95,1,0.96,1,1,0.85,0.9,0.95,0.9375,1,0.65,1,1,1,0.9,0.8125,1,0.92,0.84
0.6,0.00961067101737459,0.95,0.7,1,0.92,1,1,1,1,0.9,0.8,1,0.95,0.9,0.95,1,1,0.92,0.92,0.9375,0.88,0.85,1,1,0.84,1,1,1,0.84,0.95,0.8,0.84,0.95,1,0.96,1,1,0.85,0.9,0.95,0.9375,1,0.65,1,1,1,0.9,0.8125,1,0.92,0.84
0.6,0.00875688549231028,0.95,0.7,1,0.92,1,1,1,1,0.9,0.8,1,0.95,0.85,0.95,1,1,0.92,0.92,0.9375,0.88,0.8,1,1,0.84,1,1,1,0.84,1,0.8,0.84,0.95,1,0.96,1,1,0.9,0.9,0.95,0.9375,1,0.7,1,1,1,0.9,0.8125,1,0.92,0.84
0.6,0.00797894792016118,0.95,0.7,1,0.92,1,1,1,1,0.9,0.8,1,0.95,0.85,0.95,1,1,0.92,0.92,0.9375,0.88,0.8,1,1,0.84,1,1,1,0.84,1,0.85,0.84,0.95,1,0.96,1,1,0.9,0.9,0.95,0.9375,1,0.7,1,1,1,0.95,0.8125,1,0.92,0.84
0.6,0.00727012017783601,0.95,0.7,1,0.92,1,1,1,1,0.95,0.8,1,0.95,0.85,0.95,1,1,0.92,0.92,0.9375,0.88,0.8,1,1,0.84,1,1,1,0.88,1,0.85,0.84,0.95,1,0.96,1,1,0.95,0.9,0.95,0.9375,1,0.65,1,1,1,0.95,0.8125,1,0.92,0.84
0.6,0.00662426273852789,0.95,0.7,1,0.92,1,1,1,1,0.95,0.8,1,0.95,0.85,0.95,1,1,0.96,0.92,0.9375,0.88,0.8,1,1,0.84,1,1,1,0.88,1,0.85,0.84,0.95,1,0.96,1,1,0.95,0.9,0.9,0.9375,1,0.7,1,1,1,0.95,0.8125,1,0.92,0.84
0.6,0.00603578149407021,0.95,0.7,1,0.92,1,1,1,1,0.95,0.8,1,0.95,0.85,0.95,1,1,0.96,0.92,0.9375,0.88,0.8,1,1,0.88,1,1,1,0.88,1,0.85,0.84,0.95,1,0.96,1,1,0.95,0.9,0.9,0.9375,1,0.7,1,1,1,0.95,0.8125,1,0.92,0.84
0.6,0.00549957930144788,0.95,0.7,1,0.92,1,1,1,1,0.95,0.8,1,0.95,0.85,0.95,1,1,0.96,0.92,0.9375,0.92,0.8,1,1,0.88,1,1,1,0.88,1,0.85,0.84,0.95,1,0.96,1,1,0.95,0.9,0.9,0.9375,1,0.7,1,1,1,0.95,0.8125,1,0.92,0.8
0.6,0.00501101183378295,0.95,0.7,1,0.92,1,1,1,1,0.95,0.8,1,0.95,0.85,0.9,1,1,0.92,0.92,0.9375,0.92,0.8,1,1,0.84,1,1,1,0.88,1,0.85,0.84,0.95,1,0.96,1,1,0.95,0.9,0.9,0.9375,1,0.7,1,1,1,0.95,0.8125,1,0.92,0.8
0.6,0.004565847353397,0.95,0.7,1,0.92,1,1,1,1,0.95,0.8,1,0.95,0.85,0.9,1,1,0.92,0.92,0.9375,0.92,0.8,1,1,0.84,1,1,1,0.88,1,0.85,0.84,0.95,1,0.96,1,1,0.95,0.9,0.9,0.9375,1,0.75,1,1,1,0.95,0.8125,1,0.92,0.8
0.6,0.00416023005852382,0.95,0.7,1,0.96,1,1,1,1,0.95,0.8,1,0.95,0.85,0.9,1,1,0.92,0.92,0.9375,0.92,0.75,1,1,0.84,1,1,1,0.88,1,0.85,0.84,0.95,1,0.96,1,1,0.95,0.9,0.9,0.9375,1,0.75,1,1,1,0.95,0.8125,1,0.92,0.8
0.6,0.00379064668619907,0.95,0.7,1,0.96,1,1,1,1,0.95,0.8,1,0.95,0.9,0.9,1,1,0.96,0.92,0.9375,0.92,0.75,1,1,0.84,1,1,1,0.88,1,0.85,0.84,0.95,1,0.96,1,1,0.95,0.9,0.9,0.9375,1,0.75,1,1,1,0.95,0.8125,1,0.92,0.8
0.6,0.00345389608205719,0.95,0.7,1,0.96,1,1,1,1,0.95,0.8,1,0.95,0.9,0.85,1,1,0.96,0.92,0.9375,0.92,0.75,1,1,0.84,1,1,1,0.88,1,0.85,0.84,0.95,1,0.96,1,1,0.95,0.9,0.9,0.9375,1,0.75,1,1,1,0.95,0.8125,1,0.92,0.8
0.6,0.00314706147346372,0.95,0.7,1,0.96,1,1,1,1,0.95,0.8,1,0.95,0.9,0.85,1,1,0.96,0.92,0.9375,0.96,0.75,1,1,0.84,1,1,1,0.88,1,0.85,0.84,0.95,1,0.96,1,1,0.95,0.95,0.9,0.9375,1,0.85,1,1,1,0.95,0.8125,1,0.92,0.8
0.6,0.00286748520582608,0.95,0.7,1,0.96,1,1,1,1,0.9,0.8,1,0.95,0.9,0.85,1,1,0.96,0.92,0.9375,0.96,0.75,1,1,0.84,0.95,1,1,0.88,1,0.85,0.84,0.95,1,0.96,1,1,0.95,0.95,0.9,0.9375,1,0.85,1,1,1,0.95,0.8125,1,0.92,0.8
0.6,0.00261274572326088,0.95,0.7,1,0.96,1,1,1,1,0.9,0.8,1,0.95,0.9,0.85,1,1,0.96,0.92,0.9375,0.96,0.75,1,1,0.84,0.95,1,1,0.88,1,0.85,0.8,0.95,1,0.96,1,1,0.95,0.95,0.95,0.9375,1,0.85,1,1,1,0.95,0.8125,1,0.92,0.8
0.6,0.00238063659423534,0.95,0.65,1,0.96,1,1,1,1,0.9,0.8,1,0.95,0.9,0.85,1,1,0.96,0.88,0.9375,0.96,0.75,1,1,0.84,0.95,1,1,0.88,1,0.85,0.8,0.95,1,0.96,1,1,0.95,0.95,0.95,0.9375,1,0.85,1,1,1,0.95,0.8125,1,0.92,0.8
0.6,0.00216914740051286,0.95,0.65,1,0.96,1,1,1,1,0.9,0.8,1,0.95,0.9,0.85,1,1,0.96,0.88,0.9375,0.92,0.75,1,1,0.84,0.95,1,1,0.88,1,0.85,0.8,0.95,1,0.96,1,1,0.95,0.95,0.95,0.9375,1,0.85,1,1,1,0.95,0.8125,1,0.92,0.8
0.6,0.00197644632387205,0.95,0.65,1,0.96,1,1,1,1,0.9,0.8,1,0.95,0.9,0.9,1,1,0.96,0.88,0.9375,0.92,0.75,1,1,0.84,0.95,1,1,0.88,1,0.85,0.8,0.95,1,0.96,1,1,0.95,0.9,0.95,0.9375,1,0.85,1,1,1,0.95,0.8125,1,0.92,0.8
0.6,0.00180086427977358,0.95,0.65,1,0.96,1,1,1,1,0.9,0.8,1,0.95,0.9,0.9,1,1,0.96,0.88,0.9375,0.92,0.7,1,1,0.84,0.95,1,1,0.88,1,0.85,0.8,0.95,1,0.96,1,1,0.95,0.9,0.95,0.9375,1,0.85,1,1,1,0.95,0.8125,1,0.92,0.8
0.6,0.00164088046054843,0.95,0.65,1,0.92,1,1,1,1,0.9,0.8,1,0.95,0.9,0.9,1,1,0.96,0.88,0.9375,0.92,0.7,1,1,0.84,0.95,1,1,0.88,1,0.85,0.8,0.95,1,0.96,1,1,0.95,0.9,0.95,0.9375,1,0.85,1,1,1,0.95,0.8125,1,0.92,0.8
0.6,0.00149510916288936,0.95,0.65,1,0.92,1,1,1,1,0.9,0.8,1,0.95,0.9,0.9,1,1,0.96,0.88,0.9375,0.92,0.7,1,1,0.84,0.95,1,1,0.88,1,0.85,0.8,0.95,1,0.96,1,1,0.95,0.9,0.95,0.875,1,0.85,0.95,1,1,0.95,0.8125,1,0.92,0.8
0.6,0.00136228778555179,0.95,0.65,1,0.92,1,1,1,1,0.9,0.8,1,0.95,0.9,0.95,1,1,0.96,0.88,0.9375,0.92,0.7,1,1,0.84,0.95,1,1,0.88,1,0.85,0.8,0.95,1,0.96,1,1,0.95,0.9,0.95,0.875,1,0.85,0.95,1,1,0.95,0.8125,1,0.92,0.8
0.6,0.00124126589330584,0.95,0.65,1,0.92,1,1,1,1,0.9,0.8,1,0.95,0.9,0.95,1,1,0.96,0.88,0.9375,0.92,0.7,1,1,0.84,0.95,1,1,0.88,1,0.85,0.8,0.95,1,0.96,0.95,1,0.95,0.9,0.95,0.875,1,0.85,0.95,1,1,0.95,0.8125,1,0.92,0.8
0.6,0.0011309952524167,0.95,0.65,1,0.92,1,1,1,1,0.9,0.8,1,0.95,0.85,0.95,1,1,0.96,0.88,0.9375,0.92,0.7,1,1,0.84,0.95,1,1,0.88,1,0.85,0.8,0.95,1,0.96,0.95,1,0.95,0.9,0.95,0.875,1,0.85,0.95,1,1,0.95,0.8125,1,0.92,0.8
0.6,0.00103052075134554,0.95,0.65,1,0.92,1,1,1,1,0.9,0.75,1,0.95,0.85,0.95,1,1,0.96,0.88,0.9375,0.92,0.7,1,1,0.84,0.95,1,1,0.88,1,0.85,0.8,0.95,1,0.96,0.95,1,0.95,0.9,0.95,0.875,1,0.9,0.95,1,1,0.95,0.8125,1,0.92,0.8
0.6,0.000938972128030205,0.95,0.65,1,0.88,1,1,1,1,0.9,0.75,1,0.95,0.85,0.95,1,1,0.96,0.88,0.9375,0.92,0.7,1,1,0.84,0.95,1,1,0.88,1,0.85,0.8,0.95,1,0.96,0.95,1,0.95,0.9,0.95,0.875,1,0.9,0.95,1,1,0.95,0.8125,1,0.92,0.8
0.6,0.000855556432091627,0.95,0.65,1,0.88,1,1,1,1,0.9,0.75,1,0.95,0.85,0.95,1,1,0.96,0.88,0.9375,0.92,0.7,1,1,0.84,0.95,1,1,0.88,1,0.85,0.8,0.95,1,0.96,0.95,1,0.95,0.9,0.95,0.8125,1,0.9,0.95,1,1,0.95,0.8125,1,0.92,0.8
0.6,0.000779551156676942,0.95,0.65,1,0.88,1,1,1,1,0.9,0.75,1,0.9,0.85,0.95,1,1,0.96,0.88,0.9375,0.92,0.7,1,1,0.84,0.95,1,1,0.88,1,0.85,0.8,0.95,1,0.96,0.95,1,0.95,0.9,0.95,0.8125,1,0.9,0.95,1,1,0.95,0.8125,1,0.92,0.76
0.6,0.00071029798045078,0.95,0.65,1,0.88,1,1,1,1,0.9,0.75,1,0.9,0.85,0.95,1,1,0.96,0.88,0.9375,0.88,0.7,1,1,0.84,0.95,1,1,0.88,1,0.9,0.8,0.95,1,0.96,0.95,1,0.95,0.9,0.95,0.8125,1,0.9,0.95,1,1,0.95,0.8125,1,0.96,0.76
0.6,0.000647197065530798,0.95,0.65,1,0.88,1,1,1,1,0.9,0.75,1,0.85,0.8,0.95,1,1,0.96,0.88,0.9375,0.88,0.7,1,1,0.84,0.95,1,1,0.92,1,0.9,0.8,0.95,1,0.96,0.95,1,0.95,0.9,0.95,0.8125,1,0.9,0.95,1,1,0.95,0.8125,1,0.96,0.76
0.6,0.000589701861978899,0.95,0.65,1,0.84,1,1,1,1,0.9,0.75,1,0.85,0.8,0.95,1,1,0.96,0.88,0.9375,0.88,0.7,1,1,0.84,0.95,1,1,0.92,1,0.9,0.8,0.95,1,0.96,0.95,1,0.95,0.9,0.95,0.8125,1,0.9,0.95,1,1,0.95,0.8125,1,0.96,0.72
0.6,0.00053731437384713,0.95,0.65,1,0.84,1,1,1,1,0.9,0.75,1,0.85,0.8,0.95,1,1,0.96,0.88,0.9375,0.88,0.7,1,1,0.8,0.95,1,1,0.92,1,0.9,0.8,0.95,1,0.96,0.95,1,0.95,0.9,0.95,0.8125,1,0.9,0.95,1,1,0.95,0.8125,1,0.96,0.72
0.6,0.000489580845775019,0.95,0.65,1,0.84,1,1,1,1,0.95,0.75,1,0.85,0.8,0.95,1,1,0.96,0.88,0.9375,0.88,0.7,1,1,0.8,0.95,1,1,0.92,1,0.9,0.8,0.95,1,0.96,0.95,1,0.95,0.95,0.95,0.8125,1,0.9,0.95,1,1,0.95,0.8125,1,0.96,0.72
0.6,0.000446087832777718,0.95,0.65,1,0.84,1,1,1,1,0.95,0.75,1,0.85,0.8,0.95,1,1,0.96,0.88,0.9375,0.88,0.7,1,1,0.8,0.95,1,1,0.92,1,0.9,0.8,0.95,1,0.96,0.95,1,0.95,0.95,0.95,0.8125,1,0.9,0.95,1,1,0.95,0.8125,1,0.96,0.72
0.6,0.000406458619183331,0.95,0.65,1,0.84,1,1,1,1,0.95,0.75,1,0.85,0.8,0.95,1,1,0.96,0.88,0.9375,0.88,0.7,1,1,0.8,0.95,1,1,0.92,1,0.9,0.8,0.95,1,0.96,0.95,1,0.95,0.95,0.95,0.8125,1,0.9,0.95,1,1,0.95,0.8125,1,0.96,0.72
0.6,0.00037034995570198,0.95,0.65,1,0.84,1,1,1,1,0.95,0.75,1,0.85,0.8,0.95,1,1,0.96,0.88,0.9375,0.88,0.7,1,1,0.8,0.95,1,1,0.92,1,0.9,0.8,0.95,1,0.96,0.95,1,0.95,0.95,0.95,0.8125,1,0.9,0.95,1,1,0.95,0.8125,1,0.96,0.72
0.6,0.000337449086364666,0.95,0.65,1,0.84,1,1,1,1,0.95,0.75,1,0.85,0.8,0.95,1,1,0.96,0.88,0.9375,0.88,0.7,1,1,0.8,0.95,1,1,0.92,1,0.9,0.8,0.95,1,0.96,0.9,1,0.95,0.95,0.95,0.8125,1,0.9,0.95,1,0.95,0.95,0.8125,1,1,0.72
0.6,0.000307471039580683,0.95,0.65,1,0.84,1,1,1,1,0.95,0.75,1,0.85,0.8,0.95,1,1,0.96,0.88,0.9375,0.88,0.7,1,1,0.8,0.95,1,1,0.92,1,0.9,0.8,0.95,1,0.96,0.9,1,0.95,0.95,0.95,0.8125,1,0.9,0.95,1,0.95,0.95,0.8125,1,1,0.72
0.6,0.000280156159850029,0.95,0.65,1,0.84,1,1,1,1,0.95,0.75,1,0.85,0.8,0.9,1,1,0.96,0.88,0.9375,0.88,0.7,1,1,0.8,0.95,1,1,0.92,1,0.9,0.8,0.95,1,0.96,0.9,1,0.95,0.95,0.95,0.8125,1,0.95,0.95,1,0.95,0.95,0.8125,1,1,0.72
0.6,0.000255267858751684,0.95,0.65,1,0.84,1,1,1,1,0.95,0.75,1,0.85,0.8,0.9,1,1,0.96,0.88,0.9375,0.88,0.7,1,1,0.8,0.95,1,1,0.92,1,0.9,0.8,0.95,1,0.96,0.9,1,0.9,0.95,0.95,0.8125,1,0.95,0.95,1,0.95,0.95,0.8125,1,1,0.72
0.6,0.000232590565727884,0.95,0.65,1,0.84,1,1,1,1,0.95,0.75,1,0.85,0.8,0.9,1,1,0.96,0.88,0.9375,0.88,0.65,1,1,0.8,0.95,1,1,0.92,1,0.9,0.8,0.95,1,0.96,0.9,1,0.9,0.95,0.95,0.8125,1,0.95,0.95,1,0.95,0.95,0.8125,1,1,0.72
0.6,0.00021192786091508,0.95,0.65,1,0.84,1,1,1,1,0.95,0.75,1,0.85,0.8,0.9,1,1,0.96,0.88,0.9375,0.88,0.65,1,1,0.8,0.95,1,1,0.92,1,0.9,0.8,0.95,1,0.96,0.9,1,0.9,0.95,0.95,0.8125,1,0.95,0.95,1,0.95,0.95,0.8125,1,1,0.72
0.6,0.000193100773849044,0.95,0.65,1,0.88,1,1,1,1,0.95,0.75,1,0.85,0.75,0.9,1,1,0.96,0.88,0.9375,0.88,0.65,1,1,0.8,0.95,1,1,0.92,1,0.9,0.8,0.95,1,0.96,0.9,1,0.9,0.95,0.95,0.8125,1,0.95,0.95,1,0.95,0.95,0.8125,1,1,0.72
0.6,0.000175946233308329,0.95,0.65,1,0.88,1,1,1,1,0.95,0.75,1,0.85,0.75,0.9,1,1,0.96,0.88,0.9375,0.88,0.65,1,1,0.8,0.95,1,1,0.92,1,0.9,0.8,0.95,1,0.96,0.9,1,0.9,0.95,0.95,0.8125,1,0.95,0.95,1,0.95,0.95,0.8125,1,1,0.72
0.6,0.000160315654869356,0.95,0.65,1,0.84,1,1,1,1,0.95,0.75,1,0.85,0.75,0.9,1,1,0.96,0.88,0.9375,0.88,0.65,1,1,0.8,0.95,1,1,0.92,1,0.9,0.8,0.95,1,0.96,0.9,1,0.9,0.95,0.95,0.8125,1,0.95,0.95,1,0.95,0.95,0.8125,1,1,0.72
0.6,0.000146073653939222,0.95,0.65,1,0.8,1,1,1,1,0.95,0.75,1,0.85,0.75,0.9,1,1,0.96,0.88,0.9375,0.88,0.65,1,1,0.8,1,1,1,0.92,1,0.9,0.76,0.95,1,0.96,0.9,1,0.9,0.95,0.95,0.8125,1,0.95,0.95,1,0.95,0.95,0.8125,1,1,0.72
0.6,0.000133096873119122,0.95,0.65,1,0.8,1,1,1,1,0.95,0.75,1,0.85,0.75,0.9,1,1,0.96,0.88,0.9375,0.88,0.65,1,1,0.8,1,1,1,0.92,1,0.9,0.76,0.95,1,0.96,0.9,1,0.9,0.95,0.95,0.8125,1,0.95,0.95,1,0.95,0.95,0.8125,1,1,0.72
0.6,0.000121272913741572,0.95,0.65,1,0.8,1,1,1,1,0.95,0.75,1,0.85,0.75,0.9,1,1,0.96,0.88,0.9375,0.88,0.65,1,1,0.8,1,1,1,0.92,1,0.9,0.76,0.95,1,0.96,0.9,1,0.9,0.95,0.95,0.8125,1,0.95,0.95,1,0.95,0.95,0.8125,1,1,0.72
0.6,0.000110499362326927,0.95,0.65,1,0.8,1,1,1,1,0.95,0.75,1,0.85,0.75,0.9,1,1,0.96,0.88,0.9375,0.88,0.65,1,1,0.8,1,1,1,0.92,1,0.9,0.76,0.95,1,0.96,0.9,1,0.9,0.95,0.95,0.8125,0.96,0.95,0.95,1,0.95,0.95,0.8125,1,1,0.72
0.6,0.000100682903526807,0.95,0.65,1,0.8,1,1,1,1,0.95,0.75,1,0.85,0.75,0.9,1,1,0.96,0.88,0.9375,0.88,0.65,1,1,0.8,1,1,1,0.92,1,0.9,0.76,0.95,1,0.96,0.9,1,0.9,0.95,0.95,0.8125,0.96,0.95,0.95,1,0.95,0.95,0.8125,1,1,0.72
0.6,0.0000917385118711953,0.95,0.65,1,0.8,1,1,1,1,0.95,0.75,0.95,0.85,0.75,0.9,1,1,0.96,0.88,0.9375,0.88,0.65,1,1,0.8,1,1,1,0.92,1,0.9,0.76,0.95,1,0.96,0.9,1,0.9,0.95,0.95,0.8125,0.96,0.95,0.95,1,0.95,0.95,0.8125,1,1,0.72
0.6,0.0000835887153184919,0.95,0.65,1,0.8,1,1,1,1,0.95,0.75,0.95,0.85,0.75,0.9,1,1,0.96,0.88,0.9375,0.88,0.65,1,1,0.8,1,1,1,0.92,1,0.9,0.76,0.95,1,0.96,0.9,1,0.9,0.95,0.95,0.8125,0.96,0.95,0.95,1,0.95,0.95,0.8125,1,1,0.72
0.6,0.0000761629242297501,0.95,0.65,1,0.8,1,1,1,1,0.95,0.75,0.95,0.85,0.75,0.9,1,1,0.96,0.88,0.9375,0.88,0.65,1,1,0.8,1,1,1,0.92,1,0.9,0.76,0.95,1,0.96,0.9,1,0.9,0.95,0.95,0.8125,0.96,0.95,0.95,1,0.95,0.95,0.8125,1,1,0.72
0.6,0.0000693968199549942,0.95,0.65,1,0.8,1,1,1,1,0.95,0.75,0.95,0.85,0.75,0.9,1,1,0.92,0.88,0.9375,0.88,0.65,1,1,0.8,1,1,1,0.92,1,0.9,0.76,0.95,1,0.96,0.9,1,0.9,0.95,0.95,0.8125,0.96,0.95,0.95,1,0.95,0.95,0.8125,1,1,0.72
0.6,0.0000632317977358429,0.95,0.65,1,0.8,1,1,1,1,0.95,0.75,0.95,0.85,0.75,0.9,1,1,0.92,0.88,0.9375,0.88,0.65,1,1,0.76,1,1,1,0.92,1,0.9,0.76,0.95,1,0.96,0.9,1,0.9,0.95,0.95,0.8125,0.96,0.95,0.95,1,0.95,0.95,0.8125,1,1,0.72
0.6,0.0000576144590991278,0.95,0.65,1,0.8,1,1,1,1,0.95,0.75,0.95,0.8,0.75,0.9,1,1,0.92,0.88,0.9375,0.88,0.65,1,1,0.76,1,1,1,0.92,1,0.9,0.76,0.95,1,0.96,0.9,1,0.9,0.95,0.95,0.8125,0.96,0.95,0.95,1,0.95,0.95,0.8125,1,1,0.72
0.6,0.0000524961493448644,0.95,0.65,1,0.84,1,1,1,1,0.95,0.75,0.95,0.8,0.75,0.9,1,1,0.92,0.88,0.9375,0.88,0.65,1,1,0.76,1,1,1,0.92,1,0.9,0.76,0.95,1,0.96,0.9,1,0.9,0.95,0.95,0.8125,0.96,0.95,0.95,1,0.95,0.95,0.8125,1,1,0.72
0.6,0.000047832536122517,0.95,0.65,1,0.8,1,1,1,1,0.95,0.75,0.95,0.8,0.75,0.9,1,1,0.92,0.88,0.9375,0.88,0.65,1,1,0.76,1,1,1,0.92,1,0.9,0.76,0.95,1,0.96,0.9,1,0.9,0.95,0.95,0.8125,0.96,0.95,0.95,1,0.95,0.95,0.8125,1,1,0.72
0.6,0.0000435832254453863,0.95,0.65,1,0.8,1,1,1,1,0.95,0.75,0.95,0.75,0.75,0.9,1,1,0.92,0.88,0.9375,0.88,0.65,1,1,0.76,1,1,1,0.92,1,0.9,0.76,0.95,1,0.96,0.9,1,0.9,0.95,0.95,0.8125,0.96,0.95,0.95,1,0.95,0.95,0.8125,1,1,0.72
0.6,0.0000397114118172209,0.95,0.65,1,0.8,1,1,1,1,0.95,0.75,0.95,0.75,0.75,0.9,1,1,0.92,0.88,0.9375,0.88,0.65,1,1,0.76,1,1,1,0.92,1,0.9,0.76,0.95,1,0.96,0.9,1,0.9,0.95,0.95,0.8125,0.96,0.95,0.95,0.95,0.95,1,0.8125,1,1,0.72
0.6,0.0000361835594406162,0.95,0.65,1,0.8,1,1,1,1,0.95,0.75,0.95,0.75,0.75,0.85,0.95,1,0.92,0.88,0.9375,0.88,0.65,1,1,0.76,1,1,1,0.92,1,0.9,0.76,0.95,1,0.96,0.9,1,0.9,0.95,0.95,0.8125,0.96,0.95,0.95,0.95,0.9,1,0.8125,1,1,0.72
0.6,0.0000329691117459805,0.95,0.65,1,0.8,1,1,1,1,0.95,0.75,0.95,0.75,0.75,0.85,0.95,1,0.92,0.88,0.9375,0.88,0.65,1,1,0.76,1,1,1,0.92,1,0.9,0.76,0.95,1,0.96,0.9,1,0.9,0.95,0.95,0.8125,0.96,0.95,0.95,0.95,0.9,1,0.8125,1,1,0.72
0.6,0.0000300402267251471,0.95,0.65,1,0.8,1,1,1,1,0.95,0.75,0.95,0.75,0.75,0.85,0.95,1,0.92,0.88,0.9375,0.88,0.65,1,1,0.76,1,1,1,0.92,1,0.9,0.76,0.95,1,0.96,0.9,1,0.9,0.95,0.95,0.8125,0.96,0.95,0.95,0.95,0.9,1,0.8125,1,1,0.72
0.6,0.0000273715357772192,0.95,0.65,1,0.8,1,1,1,1,0.95,0.75,0.95,0.75,0.75,0.85,0.95,1,0.88,0.88,0.9375,0.88,0.65,1,1,0.76,1,1,1,0.92,1,0.9,0.76,0.95,1,0.96,0.9,1,0.9,0.95,0.95,0.8125,0.96,0.95,0.95,0.95,0.9,1,0.8125,1,1,0.72
0.6,0.0000249399239778848,0.95,0.65,1,0.8,1,1,1,1,0.95,0.75,0.95,0.75,0.75,0.85,0.95,1,0.88,0.88,0.9375,0.88,0.65,1,1,0.76,1,1,1,0.92,0.95,0.9,0.76,0.95,1,0.96,0.9,1,0.9,0.95,0.95,0.8125,0.96,0.95,0.95,0.95,0.9,1,0.8125,1,1,0.72
0.7,0.213770776953298,0.25,0.4,0.875,0.4,1,0.48,0.625,0.55,0.45,0.55,0.55,0.8,0.75,0.45,0.525,0.525,0.4,0.28,0.5,0.76,0.575,0.84,0.875,0.56,0.425,0.45,0.2,0.72,0.6,0.7,0.68,0.65,0.85,0.6,0.55,0.44,0.35,0.35,0.7,0.625,0.36,0.55,0.55,0.5,0.6,0.75,0.9375,0.75,0.64,0.6
0.7,0.194779970305717,0.45,0.45,0.95,0.8,1,0.76,1,0.55,0.45,0.6,0.6,0.55,0.65,0.6,0.85,0.6,0.8,0.28,0.5,0.8,0.6,0.68,0.8125,0.56,0.7,0.45,0.25,0.72,0.65,0.65,0.6,0.65,0.8,0.8,0.7,0.48,0.5,0.45,0.75,0.75,0.36,0.7,0.5,0.8,0.6,0.8,0.9375,0.7,0.8,0.8
0.7,0.17747625457985,0.6,0.55,1,0.92,1,0.76,1,0.6,0.6,0.6,0.65,0.7,0.6,0.6,0.95,0.6,0.84,0.52,0.625,0.72,0.95,0.68,0.875,0.76,0.9,0.45,0.5,0.88,0.75,0.75,0.6,0.7,0.65,0.8,0.8,0.52,0.65,0.65,0.8,0.875,0.36,0.7,0.7,0.7,0.8,0.6,0.9375,0.7,0.84,0.8
0.7,0.16170975326803,0.65,0.55,1,0.92,1,0.72,1,0.55,0.65,0.7,0.65,0.75,0.55,0.65,0.95,0.6,0.84,0.76,0.6875,0.76,0.95,0.92,0.875,0.76,1,0.5,0.6,0.88,0.85,0.8,0.6,0.65,0.8,0.84,0.8,0.56,0.8,0.65,0.85,0.875,0.4,0.7,0.9,0.7,1,0.65,0.9375,0.75,0.84,0.72
0.7,0.147343904478454,0.7,0.55,0.95,0.92,1,0.72,0.95,0.6,0.65,0.75,0.65,0.8,0.6,0.75,1,0.6,0.84,0.72,0.6875,0.76,1,0.92,0.8125,0.72,1,0.6,0.65,0.92,1,0.85,0.68,0.65,0.85,0.92,0.8,0.6,0.85,0.7,0.85,0.9375,0.56,0.7,0.9,0.8,1,0.65,0.9375,0.75,0.84,0.76
0.7,0.134254278101406,0.7,0.6,1,0.92,0.95,0.72,0.95,0.65,0.7,0.7,0.75,0.9,0.6,0.75,1,0.6,0.88,0.72,0.6875,0.8,1,0.88,0.8125,0.72,1,0.7,0.65,0.88,1,0.85,0.76,0.65,0.85,0.88,0.85,0.6,0.85,0.75,0.9,0.9375,0.68,0.7,0.95,0.75,1,0.65,0.8125,0.7,0.88,0.8
0.7,0.122327498055172,0.75,0.6,1,0.92,0.95,0.72,0.95,0.65,0.7,0.8,0.8,0.9,0.65,0.85,1,0.6,0.96,0.92,0.6875,0.8,1,0.88,1,0.72,1,0.7,0.7,0.88,1,0.85,0.8,0.65,0.85,0.88,0.9,0.64,0.85,0.75,0.9,0.875,0.72,0.7,1,0.85,1,0.7,0.8125,0.7,0.88,0.84
0.7,0.111460260276663,0.75,0.6,1,0.92,0.95,0.84,1,0.65,0.7,0.85,0.8,0.9,0.7,0.85,1,0.65,0.92,0.88,0.6875,0.8,1,0.96,1,0.76,1,0.8,0.7,0.88,0.95,0.85,0.88,0.7,0.8,0.92,0.95,0.64,0.85,0.75,0.85,0.875,0.72,0.7,1,0.85,1,0.7,0.8125,0.7,0.88,0.88
0.7,0.101558437951034,0.75,0.6,1,0.92,0.95,0.84,1,0.65,0.7,0.85,0.8,0.9,0.8,0.85,1,0.75,0.92,0.88,0.6875,0.84,1,1,1,0.8,1,0.8,0.7,0.84,0.95,0.85,0.84,0.75,0.85,0.92,0.95,0.64,0.85,0.75,0.9,0.875,0.76,0.7,1,0.85,1,0.7,0.8125,0.8,0.88,0.88
0.7,0.092536266230248,0.75,0.6,1,0.92,0.95,0.84,1,0.65,0.7,0.9,0.85,0.9,0.85,0.85,1,0.75,0.92,0.92,0.6875,0.84,1,1,1,0.76,1,0.8,0.8,0.84,0.95,0.85,0.88,0.75,0.85,0.92,0.95,0.64,0.85,0.75,0.9,0.875,0.76,0.7,1,0.85,1,0.7,0.8125,0.85,0.88,0.88
0.7,0.0843155993789894,0.75,0.6,1,0.92,0.95,0.88,1,0.65,0.7,0.9,0.85,0.9,0.85,0.9,1,0.75,0.92,0.92,0.6875,0.84,1,1,1,0.8,1,0.8,0.8,0.84,0.95,0.85,0.88,0.75,0.85,0.92,0.95,0.68,0.85,0.8,0.9,0.875,0.76,0.65,1,0.9,1,0.75,0.8125,0.9,0.88,0.92
0.7,0.0768252339136894,0.75,0.6,1,0.92,0.95,0.92,1,0.65,0.7,0.9,0.85,0.9,0.85,0.95,1,0.85,0.88,0.92,0.6875,0.84,1,1,1,0.8,1,0.8,0.85,0.84,0.95,0.85,0.88,0.75,0.85,0.92,0.95,0.68,0.85,0.8,0.9,0.875,0.8,0.65,1,0.9,1,0.75,0.75,0.9,0.88,0.92
0.7,0.0700002918720144,0.8,0.6,1,0.92,0.95,0.96,1,0.65,0.7,0.9,0.85,0.9,0.85,0.95,1,0.85,0.88,0.96,0.75,0.84,1,1,1,0.8,1,0.8,0.85,0.84,0.95,0.85,0.88,0.75,0.85,0.92,0.95,0.72,0.85,0.8,0.9,0.875,0.8,0.65,1,1,1,0.75,0.75,0.9,0.88,0.88
0.7,0.0637816588709933,0.8,0.6,1,0.92,0.95,0.96,1,0.65,0.7,0.9,0.95,0.9,0.85,0.95,1,0.85,0.84,0.96,0.75,0.84,1,1,1,0.8,1,0.8,0.85,0.8,0.95,0.85,0.88,0.85,0.85,0.92,1,0.72,0.85,0.8,0.9,0.875,0.8,0.65,1,1,1,0.8,0.75,0.85,0.88,0.88
0.7,0.0581154720865122,0.8,0.6,1,0.92,0.9,0.96,1,0.7,0.75,0.9,0.95,0.9,0.85,0.95,1,0.9,0.84,0.96,0.75,0.84,1,1,1,0.8,0.95,0.8,0.9,0.8,0.95,0.85,0.88,0.85,0.85,0.92,1,0.72,0.85,0.8,0.9,0.875,0.8,0.65,1,1,1,0.8,0.75,0.85,0.88,0.88
0.7,0.0529526537192993,0.85,0.65,1,0.92,0.9,0.96,1,0.75,0.75,0.9,0.95,0.9,0.85,0.95,1,0.9,0.84,0.96,0.8125,0.84,1,1,1,0.8,0.95,0.85,0.9,0.8,0.95,0.85,0.88,0.85,0.85,0.92,1,0.76,0.85,0.8,0.9,0.875,0.84,0.6,1,1,1,0.8,0.75,0.9,0.88,0.88
0.7,0.0482484859065058,0.85,0.65,1,0.92,0.85,0.96,1,0.75,0.75,0.95,0.95,0.9,0.85,0.95,1,0.9,0.84,0.96,0.8125,0.84,1,1,1,0.8,0.95,0.85,0.9,0.84,0.95,0.85,0.88,0.85,0.85,0.96,1,0.76,0.85,0.8,0.9,0.875,0.88,0.6,1,1,1,0.8,0.75,0.95,0.88,0.88
0.7,0.0439622233969712,0.85,0.65,1,0.92,0.85,0.96,1,0.75,0.8,0.95,0.95,0.9,0.85,0.95,1,0.9,0.84,0.96,0.8125,0.84,1,1,1,0.84,0.95,0.85,0.9,0.84,0.95,0.85,0.88,0.9,0.85,0.96,1,0.76,0.85,0.8,0.9,0.875,0.88,0.6,1,1,1,0.8,0.75,0.95,0.88,0.88
0.7,0.0400567406353491,0.85,0.7,1,0.92,0.85,0.96,1,0.8,0.8,0.95,0.95,0.9,0.85,0.95,1,0.9,0.84,0.96,0.8125,0.84,0.9,1,1,0.84,0.95,0.9,0.9,0.84,0.95,0.85,0.88,0.9,0.9,0.96,1,0.76,0.85,0.8,0.9,0.875,0.88,0.6,1,1,1,0.8,0.75,1,0.88,0.88
0.7,0.036498210198308,0.85,0.7,1,0.92,0.85,0.96,1,0.8,0.8,0.95,1,0.9,0.9,0.95,1,0.9,0.84,0.96,0.8125,0.84,0.9,1,1,0.84,0.95,0.9,0.9,0.84,0.95,0.85,0.88,0.9,0.9,0.96,1,0.76,0.85,0.85,0.9,0.875,0.88,0.6,1,1,1,0.8,0.75,1,0.92,0.88
0.7,0.0332558097975728,0.85,0.7,1,0.92,0.85,0.96,1,0.85,0.8,0.95,1,0.9,0.95,0.95,1,0.95,0.84,0.96,0.8125,0.84,0.85,1,1,0.84,0.95,0.9,0.9,0.84,0.95,0.85,0.88,0.9,0.9,0.96,1,0.76,0.85,0.9,0.9,0.875,0.92,0.65,1,1,1,0.85,0.75,1,0.92,0.84
0.7,0.0303014553120089,0.85,0.7,1,0.92,0.85,0.96,1,0.85,0.8,0.95,1,0.95,0.95,0.95,1,0.95,0.84,0.96,0.8125,0.84,0.85,1,1,0.84,1,0.9,0.9,0.84,0.95,0.85,0.84,0.9,0.9,0.96,1,0.76,0.85,0.9,0.9,0.875,0.92,0.65,1,1,1,0.85,0.75,1,0.92,0.84
0.7,0.0276095575364004,0.9,0.7,1,0.92,0.85,0.96,1,0.9,0.8,0.95,1,0.95,0.95,0.9,1,0.95,0.84,0.96,0.8125,0.88,0.85,1,1,0.84,1,0.9,0.9,0.84,0.95,0.85,0.84,0.95,0.9,0.96,1,0.76,0.85,0.9,0.9,0.875,0.92,0.65,1,1,1,0.85,0.75,1,0.92,0.84
0.7,0.0251568005399957,0.9,0.7,1,0.92,0.85,0.96,1,0.9,0.8,0.85,1,0.95,0.9,0.9,1,0.95,0.84,0.96,0.8125,0.88,0.85,1,1,0.84,1,0.9,0.9,0.8,0.95,0.85,0.84,0.95,0.9,0.96,1,0.84,0.85,0.9,0.9,0.875,0.92,0.65,1,1,1,0.85,0.75,1,0.92,0.84
0.7,0.0229219397150702,0.9,0.7,1,0.92,0.9,1,1,0.95,0.8,0.85,1,0.95,0.9,0.9,1,0.95,0.84,0.96,0.875,0.88,0.85,1,1,0.84,1,0.95,0.95,0.8,0.95,0.85,0.84,0.95,0.9,0.96,1,0.84,0.8,0.9,0.9,0.875,0.96,0.65,1,1,1,0.85,0.8125,1,0.92,0.84
0.7,0.0208856177662964,0.9,0.7,1,0.92,0.9,1,1,1,0.8,0.85,1,0.95,0.9,0.9,1,0.95,0.88,0.96,0.875,0.88,0.85,1,1,0.84,1,0.95,0.95,0.8,0.95,0.85,0.84,0.95,0.95,0.96,1,0.84,0.8,0.9,0.9,0.875,0.96,0.65,1,1,1,0.85,0.8125,1,0.92,0.84
0.7,0.0190301970471133,0.9,0.7,1,0.88,0.9,1,1,1,0.8,0.85,1,0.95,0.9,0.9,1,0.95,0.92,0.96,0.875,0.88,0.85,1,1,0.84,1,1,1,0.8,0.95,0.85,0.84,0.95,1,0.96,1,0.84,0.8,0.9,0.9,0.9375,0.96,0.65,1,1,1,0.9,0.8125,1,0.92,0.84
0.7,0.0173396067908686,0.95,0.7,1,0.88,0.95,1,1,1,0.8,0.85,1,0.95,0.9,0.9,1,0.95,0.92,0.96,0.875,0.88,0.85,1,1,0.84,1,1,1,0.84,0.95,0.85,0.84,0.95,1,0.96,1,0.88,0.8,0.9,0.9,0.9375,0.96,0.65,1,1,1,0.9,0.8125,1,0.92,0.84
0.7,0.0157992039135267,0.95,0.7,1,0.88,0.95,1,1,1,0.85,0.85,1,0.95,0.9,0.9,1,1,0.92,0.96,0.875,0.88,0.85,1,1,0.88,1,1,1,0.84,0.95,0.85,0.84,0.95,1,0.96,1,0.92,0.8,0.9,0.95,0.9375,1,0.65,1,1,1,0.9,0.8125,1,0.92,0.84
0.7,0.0143956461822796,0.95,0.7,1,0.92,0.95,1,1,1,0.85,0.85,1,0.95,0.9,0.9,1,1,0.92,0.96,0.9375,0.88,0.85,1,1,0.84,1,1,1,0.84,0.95,0.85,0.84,0.95,1,0.96,1,0.92,0.85,0.9,0.95,0.9375,1,0.65,1,1,1,0.9,0.8125,1,0.92,0.84
0.7,0.0131167766515093,0.95,0.7,1,0.92,1,1,1,1,0.85,0.85,1,0.95,0.9,0.9,1,1,0.92,0.96,0.9375,0.88,0.85,1,1,0.84,1,1,1,0.88,0.95,0.85,0.84,0.95,1,0.96,1,0.92,0.85,0.9,0.95,0.9375,1,0.65,1,1,1,0.9,0.8125,1,0.92,0.84
0.7,0.0119515183651405,0.95,0.7,1,0.92,1,1,1,1,0.85,0.8,1,0.95,0.9,0.9,1,1,0.92,0.92,0.9375,0.88,0.85,1,1,0.84,1,1,1,0.88,0.95,0.8,0.84,0.95,1,0.96,1,0.96,0.85,0.9,0.95,0.9375,1,0.65,1,1,1,0.9,0.8125,1,0.92,0.84
0.7,0.0108897784133463,0.95,0.7,1,0.92,1,1,1,1,0.9,0.8,1,0.95,0.9,0.95,1,1,0.92,0.92,0.9375,0.88,0.85,1,1,0.84,1,1,1,0.88,0.95,0.8,0.84,0.95,1,0.96,1,0.96,0.85,0.9,0.95,0.9375,1,0.7,1,1,1,0.9,0.8125,1,0.92,0.84
0.7,0.00992236051259157,0.95,0.7,1,0.92,1,1,1,1,0.9,0.8,1,0.95,0.9,0.95,1,1,0.92,0.92,0.9375,0.88,0.85,1,1,0.84,1,1,1,0.84,0.95,0.8,0.84,0.95,1,0.96,1,1,0.85,0.9,0.95,0.9375,1,0.7,1,1,1,0.9,0.8125,1,0.92,0.84
0.7,0.00904088535182443,0.95,0.7,1,0.92,1,1,1,1,0.9,0.8,1,0.95,0.9,0.95,1,1,0.92,0.92,0.9375,0.88,0.85,1,1,0.84,1,1,1,0.84,0.95,0.8,0.84,0.95,1,0.96,1,1,0.85,0.9,0.95,0.9375,1,0.75,1,1,1,0.9,0.8125,1,0.92,0.84
0.7,0.00823771801489251,0.95,0.7,1,0.92,1,1,1,1,0.9,0.8,1,0.95,0.85,0.95,1,1,0.92,0.92,0.9375,0.88,0.8,1,1,0.84,1,1,1,0.88,1,0.8,0.84,0.95,1,0.96,1,1,0.85,0.9,0.95,0.9375,1,0.7,1,1,1,0.95,0.8125,1,0.92,0.84
0.7,0.00750590185055167,0.95,0.7,1,0.92,1,1,1,1,0.9,0.8,1,0.95,0.85,0.95,1,1,0.92,0.92,0.9375,0.88,0.8,1,1,0.84,1,1,1,0.88,1,0.8,0.84,0.95,1,0.96,1,1,0.9,0.9,0.95,0.9375,1,0.75,1,1,1,0.95,0.8125,1,0.92,0.84
0.7,0.00683909821728101,0.95,0.7,1,0.92,1,1,1,1,0.95,0.8,1,0.95,0.85,0.95,1,1,0.96,0.92,0.9375,0.88,0.8,1,1,0.84,1,1,1,0.88,1,0.85,0.84,0.95,1,0.96,1,1,0.95,0.9,0.95,0.9375,1,0.75,1,1,1,0.95,0.8125,1,0.92,0.84
0.7,0.0062315315810023,0.95,0.7,1,0.92,1,1,1,1,0.95,0.8,1,0.95,0.85,0.95,1,1,0.96,0.92,0.9375,0.88,0.8,1,1,0.84,1,1,1,0.88,1,0.85,0.84,0.95,1,0.96,1,1,0.95,0.9,0.9,0.9375,1,0.75,1,1,1,0.95,0.8125,1,0.92,0.84
0.7,0.00567793949016677,0.95,0.7,1,0.92,1,1,1,1,0.95,0.8,1,0.95,0.85,0.95,1,1,0.92,0.92,0.9375,0.88,0.8,1,1,0.84,1,1,1,0.88,1,0.85,0.84,0.95,1,0.96,1,1,0.95,0.9,0.9,0.9375,1,0.7,1,1,1,0.95,0.8125,1,0.92,0.8
0.7,0.00517352699491733,0.95,0.7,1,0.92,1,1,1,1,0.95,0.8,1,0.95,0.85,0.9,1,1,0.92,0.92,0.9375,0.92,0.8,1,1,0.84,1,1,1,0.88,1,0.85,0.84,0.95,1,0.96,1,1,0.95,0.9,0.9,0.9375,1,0.75,1,1,1,0.95,0.8125,1,0.92,0.8
0.7,0.00471392511552676,0.95,0.7,1,0.92,1,1,1,1,0.95,0.8,1,0.95,0.85,0.9,1,1,0.92,0.92,0.9375,0.92,0.8,1,1,0.84,1,1,1,0.88,1,0.85,0.84,0.95,1,0.96,1,1,0.95,0.9,0.9,0.9375,1,0.75,1,1,1,0.95,0.8125,1,0.92,0.8
0.7,0.00429515300038539,0.95,0.7,1,0.96,1,1,1,1,0.95,0.8,1,0.95,0.85,0.85,1,1,0.96,0.92,0.9375,0.92,0.75,1,1,0.84,1,1,1,0.88,1,0.85,0.84,0.95,1,0.96,1,1,0.95,0.9,0.9,0.9375,1,0.75,1,1,1,0.95,0.8125,1,0.92,0.8
0.7,0.00391358344576886,0.95,0.7,1,0.96,1,1,1,1,0.95,0.8,1,0.95,0.9,0.85,1,1,0.96,0.92,0.9375,0.92,0.75,1,1,0.84,1,1,1,0.88,1,0.85,0.84,0.95,1,0.96,1,1,0.95,0.9,0.9,0.9375,1,0.75,1,1,1,0.95,0.8125,1,0.92,0.8
0.7,0.00356591147873471,0.95,0.7,1,0.96,1,1,1,1,0.95,0.8,1,0.95,0.9,0.85,1,1,0.96,0.92,0.9375,0.92,0.75,1,1,0.84,1,1,1,0.88,1,0.85,0.84,0.95,1,0.96,1,1,0.95,0.9,0.9,0.9375,1,0.75,1,1,1,0.95,0.8125,1,0.92,0.8
0.7,0.00324912573102778,0.95,0.7,1,0.96,1,1,1,1,0.95,0.8,1,0.95,0.9,0.85,1,1,0.96,0.92,0.9375,0.96,0.75,1,1,0.84,1,1,1,0.88,1,0.85,0.84,0.95,1,0.96,1,1,0.95,0.95,0.9,0.9375,1,0.85,1,1,1,0.95,0.8125,1,0.92,0.8
0.7,0.00296048235604902,0.95,0.7,1,0.96,1,1,1,1,0.95,0.8,1,0.95,0.9,0.85,1,1,0.96,0.92,0.9375,0.96,0.75,1,1,0.84,0.95,1,1,0.88,1,0.85,0.8,0.95,1,0.96,1,1,0.95,0.95,0.95,0.9375,1,0.85,1,1,1,0.95,0.8125,1,0.92,0.8
0.7,0.00269748126296891,0.95,0.7,1,0.96,1,1,1,1,0.95,0.8,1,0.95,0.9,0.85,1,1,0.96,0.92,0.9375,0.92,0.75,1,1,0.84,0.95,1,1,0.88,1,0.85,0.8,0.95,1,0.96,1,1,0.95,0.95,0.95,0.9375,1,0.85,1,1,1,0.95,0.8125,1,0.92,0.8
0.7,0.00245784446213664,0.95,0.65,1,0.96,1,1,1,1,0.9,0.8,1,0.95,0.9,0.85,1,1,0.96,0.88,0.9375,0.92,0.75,1,1,0.84,0.95,1,1,0.88,1,0.85,0.8,0.95,1,0.96,1,1,0.95,0.95,0.95,0.9375,1,0.85,1,1,1,0.95,0.8125,1,0.92,0.8
0.7,0.00223949633422361,0.95,0.65,1,0.96,1,1,1,1,0.9,0.8,1,0.95,0.9,0.9,1,1,0.96,0.88,0.9375,0.92,0.75,1,1,0.84,0.95,1,1,0.88,1,0.85,0.8,0.95,1,0.96,1,1,0.95,0.95,0.95,0.9375,1,0.85,1,1,1,0.95,0.8125,1,0.92,0.8
0.7,0.00204054565220172,0.95,0.65,1,0.96,1,1,1,1,0.9,0.8,1,0.95,0.9,0.9,1,1,0.96,0.88,0.9375,0.92,0.7,1,1,0.84,0.95,1,1,0.88,1,0.85,0.8,0.95,1,0.96,1,1,0.95,0.95,0.95,0.9375,1,0.85,1,1,1,0.95,0.8125,1,0.92,0.8
0.7,0.0018592692004396,0.95,0.65,1,0.92,1,1,1,1,0.9,0.8,1,0.95,0.9,0.9,1,1,0.96,0.88,0.9375,0.92,0.7,1,1,0.84,0.95,1,1,0.88,1,0.85,0.8,0.95,1,0.96,1,1,0.95,0.95,0.95,0.9375,1,0.85,1,1,1,0.95,0.8125,1,0.92,0.8
0.7,0.00169409684903319,0.95,0.65,1,0.92,1,1,1,1,0.9,0.8,1,0.95,0.9,0.95,1,1,0.96,0.88,0.9375,0.92,0.7,1,1,0.84,0.95,1,1,0.88,1,0.85,0.8,0.95,1,0.96,1,1,0.95,0.9,0.95,0.9375,1,0.85,1,1,1,0.95,0.8125,1,0.92,0.8
0.7,0.00154359795409164,0.95,0.65,1,0.92,1,1,1,1,0.9,0.8,1,0.95,0.9,0.95,1,1,0.96,0.88,0.9375,0.92,0.7,1,1,0.84,0.95,1,1,0.88,1,0.85,0.8,0.95,1,0.96,1,1,0.95,0.9,0.95,0.875,1,0.85,0.95,1,1,0.95,0.8125,1,0.92,0.8
0.7,0.00140646896618437,0.95,0.65,1,0.92,1,1,1,1,0.9,0.8,1,0.95,0.9,0.95,1,1,0.96,0.88,0.9375,0.92,0.7,1,1,0.84,0.95,1,1,0.88,1,0.85,0.8,0.95,1,0.96,1,1,0.95,0.9,0.95,0.875,1,0.9,0.95,1,1,0.95,0.8125,1,0.92,0.8
0.7,0.00128152213961946,0.95,0.65,1,0.92,1,1,1,1,0.9,0.8,1,0.95,0.9,0.95,1,1,0.96,0.88,0.9375,0.92,0.7,1,1,0.84,0.95,1,1,0.88,1,0.85,0.8,0.95,1,0.96,0.95,1,0.95,0.9,0.95,0.875,1,0.9,0.95,1,1,0.95,0.8125,1,0.92,0.8
0.7,0.00116767524475868,0.95,0.65,1,0.92,1,1,1,1,0.9,0.8,1,0.95,0.85,0.95,1,1,0.96,0.88,0.9375,0.92,0.7,1,1,0.84,0.95,1,1,0.88,1,0.85,0.8,0.95,1,0.96,0.95,1,0.95,0.9,0.95,0.875,1,0.9,0.95,1,1,0.95,0.8125,1,0.92,0.8
0.7,0.00106394219426215,0.95,0.65,1,0.88,1,1,1,1,0.9,0.75,1,0.95,0.85,0.95,1,1,0.96,0.88,0.9375,0.92,0.7,1,1,0.84,0.95,1,1,0.88,1,0.85,0.8,0.95,1,0.96,0.95,1,0.95,0.9,0.95,0.875,1,0.9,0.95,1,1,0.95,0.8125,1,0.92,0.8
0.7,0.000969424502071462,0.95,0.65,1,0.88,1,1,1,1,0.9,0.75,1,0.95,0.85,0.95,1,1,0.96,0.88,0.9375,0.92,0.7,1,1,0.84,0.95,1,1,0.88,1,0.85,0.8,0.95,1,0.96,0.95,1,0.95,0.9,0.95,0.8125,1,0.9,0.95,1,1,0.95,0.8125,1,0.92,0.8
0.7,0.000883303501153319,0.95,0.65,1,0.88,1,1,1,1,0.9,0.75,1,0.9,0.85,0.95,1,1,0.96,0.88,0.9375,0.92,0.7,1,1,0.84,0.95,1,1,0.88,1,0.85,0.8,0.95,1,0.96,0.95,1,0.95,0.9,0.95,0.8125,1,0.9,0.95,1,1,0.95,0.8125,1,0.96,0.76
0.7,0.000804833252597319,0.95,0.65,1,0.88,1,1,1,1,0.9,0.75,1,0.85,0.85,0.95,1,1,0.96,0.88,0.9375,0.88,0.7,1,1,0.84,0.95,1,1,0.88,1,0.9,0.8,0.95,1,0.96,0.95,1,0.95,0.9,0.95,0.8125,1,0.9,0.95,1,1,0.95,0.8125,1,0.96,0.76
0.7,0.000733334084649967,0.95,0.65,1,0.88,1,1,1,1,0.9,0.75,1,0.85,0.8,0.95,1,1,0.96,0.88,0.9375,0.88,0.7,1,1,0.84,0.95,1,1,0.92,1,0.9,0.8,0.95,1,0.96,0.95,1,0.95,0.9,0.95,0.8125,1,0.9,0.95,1,1,0.95,0.8125,1,0.96,0.76
0.7,0.000668186705723093,0.95,0.65,1,0.84,1,1,1,1,0.95,0.75,1,0.85,0.8,0.95,1,1,0.96,0.88,0.9375,0.88,0.7,1,1,0.8,0.95,1,1,0.92,1,0.9,0.8,0.95,1,0.96,0.95,1,0.95,0.95,0.95,0.8125,1,0.9,0.95,1,1,0.95,0.8125,1,0.96,0.72
0.7,0.000608826840386383,0.95,0.65,1,0.84,1,1,1,1,0.95,0.75,1,0.85,0.8,0.95,1,1,0.96,0.88,0.9375,0.88,0.7,1,1,0.8,0.95,1,1,0.92,1,0.9,0.8,0.95,1,0.96,0.95,1,0.95,0.95,0.95,0.8125,1,0.9,0.95,1,1,0.95,0.8125,1,0.96,0.72
0.7,0.000554740341883542,0.95,0.65,1,0.84,1,1,1,1,0.95,0.75,1,0.85,0.8,0.95,1,1,0.96,0.88,0.9375,0.88,0.7,1,1,0.8,0.95,1,1,0.92,1,0.9,0.8,0.95,1,0.96,0.95,1,0.95,0.95,0.95,0.8125,1,0.9,0.95,1,1,0.95,0.8125,1,0.96,0.72
0.7,0.000505458738839057,0.95,0.65,1,0.84,1,1,1,1,0.95,0.75,1,0.85,0.8,0.95,1,1,0.96,0.88,0.9375,0.88,0.7,1,1,0.8,0.95,1,1,0.92,1,0.9,0.8,0.95,1,0.96,0.95,1,0.95,0.95,0.95,0.8125,1,0.9,0.95,1,1,0.95,0.8125,1,0.96,0.72
0.7,0.000460555177583254,0.95,0.65,1,0.84,1,1,1,1,0.95,0.75,1,0.85,0.8,0.95,1,1,0.96,0.88,0.9375,0.88,0.7,1,1,0.8,0.95,1,1,0.92,1,0.9,0.8,0.95,1,0.96,0.95,1,0.95,0.95,0.95,0.8125,1,0.9,0.95,1,1,0.95,0.8125,1,0.96,0.72
0.7,0.000419640724950017,0.95,0.65,1,0.84,1,1,1,1,0.95,0.75,1,0.85,0.8,0.95,1,1,0.96,0.88,0.9375,0.88,0.7,1,1,0.8,0.95,1,1,0.92,1,0.9,0.8,0.95,1,0.96,0.95,1,0.95,0.95,0.95,0.8125,1,0.9,0.95,1,1,0.95,0.8125,1,0.96,0.72
0.7,0.000382360999523759,0.95,0.65,1,0.84,1,1,1,1,0.95,0.75,1,0.85,0.8,0.95,1,1,0.96,0.88,0.9375,0.88,0.7,1,1,0.8,0.95,1,1,0.92,1,0.9,0.8,0.95,1,0.96,0.95,1,0.95,0.95,0.95,0.8125,1,0.9,0.95,1,0.95,0.95,0.8125,1,0.96,0.72
0.7,0.000348393102157142,0.95,0.65,1,0.84,1,1,1,1,0.95,0.75,1,0.85,0.8,0.95,1,1,0.96,0.88,0.9375,0.88,0.7,1,1,0.8,0.95,1,1,0.92,1,0.9,0.8,0.95,1,0.96,0.9,1,0.95,0.95,0.95,0.8125,1,0.95,0.95,1,0.95,0.95,0.8125,1,1,0.72
0.7,0.000317442819173126,0.95,0.65,1,0.84,1,1,1,1,0.95,0.75,1,0.85,0.8,0.9,1,1,0.96,0.88,0.9375,0.88,0.7,1,1,0.8,0.95,1,1,0.92,1,0.9,0.8,0.95,1,0.96,0.9,1,0.9,0.95,0.95,0.8125,1,0.95,0.95,1,0.95,0.95,0.8125,1,1,0.72
0.7,0.000289242074026857,0.95,0.65,1,0.88,1,1,1,1,0.95,0.75,1,0.85,0.8,0.9,1,1,0.96,0.88,0.9375,0.88,0.65,1,1,0.8,0.95,1,1,0.92,1,0.9,0.8,0.95,1,0.96,0.9,1,0.9,0.95,0.95,0.8125,1,0.95,0.95,1,0.95,0.95,0.8125,1,1,0.72
0.7,0.000263546605354871,0.95,0.65,1,0.88,1,1,1,1,0.95,0.75,1,0.85,0.8,0.9,1,1,0.96,0.88,0.9375,0.88,0.65,1,1,0.8,0.95,1,1,0.92,1,0.9,0.8,0.95,1,0.96,0.9,1,0.9,0.95,0.95,0.8125,1,0.95,0.95,1,0.95,0.95,0.8125,1,1,0.72
0.7,0.000240133851300026,0.95,0.65,1,0.88,1,1,1,1,0.95,0.75,1,0.85,0.75,0.9,1,1,0.96,0.88,0.9375,0.88,0.65,1,1,0.8,0.95,1,1,0.92,1,0.9,0.8,0.95,1,0.96,0.9,1,0.9,0.95,0.95,0.8125,1,0.95,0.95,1,0.95,0.95,0.8125,1,1,0.72
0.7,0.000218801021787158,0.95,0.65,1,0.88,1,1,1,1,0.95,0.75,1,0.85,0.75,0.9,1,1,0.96,0.88,0.9375,0.88,0.65,1,1,0.8,0.95,1,1,0.92,1,0.9,0.8,0.95,1,0.96,0.9,1,0.9,0.95,0.95,0.8125,1,0.95,0.95,1,0.95,0.95,0.8125,1,1,0.72
0.7,0.000199363342052472,0.95,0.65,1,0.84,1,1,1,1,0.95,0.75,1,0.85,0.75,0.9,1,1,0.96,0.88,0.9375,0.88,0.65,1,1,0.8,0.95,1,1,0.92,1,0.9,0.8,0.95,1,0.96,0.9,1,0.9,0.95,0.95,0.8125,1,0.95,0.95,1,0.95,0.95,0.8125,1,1,0.72
0.7,0.000181652452212926,0.95,0.65,1,0.8,1,1,1,1,0.95,0.75,1,0.85,0.75,0.9,1,1,0.96,0.88,0.9375,0.88,0.65,1,1,0.8,1,1,1,0.92,1,0.9,0.76,0.95,1,0.96,0.9,1,0.9,0.95,0.95,0.8125,1,0.95,0.95,1,0.95,0.95,0.8125,1,1,0.72
0.7,0.000165514949013467,0.95,0.65,1,0.8,1,1,1,1,0.95,0.75,1,0.85,0.75,0.9,1,1,0.96,0.88,0.9375,0.88,0.65,1,1,0.8,1,1,1,0.92,1,0.9,0.76,0.95,1,0.96,0.9,1,0.9,0.95,0.95,0.8125,1,0.95,0.95,1,0.95,0.95,0.8125,1,1,0.72
0.7,0.000150811057121425,0.95,0.65,1,0.8,1,1,1,1,0.95,0.75,1,0.85,0.75,0.9,1,1,0.96,0.88,0.9375,0.88,0.65,1,1,0.8,1,1,1,0.92,1,0.9,0.76,0.95,1,0.96,0.9,1,0.9,0.95,0.95,0.8125,1,0.95,0.95,1,0.95,0.95,0.8125,1,1,0.72
0.7,0.000137413418459448,0.95,0.65,1,0.8,1,1,1,1,0.95,0.75,1,0.85,0.75,0.9,1,1,0.96,0.88,0.9375,0.88,0.65,1,1,0.8,1,1,1,0.92,1,0.9,0.76,0.95,1,0.96,0.9,1,0.9,0.95,0.95,0.8125,0.96,0.95,0.95,1,0.95,0.95,0.8125,1,1,0.72
0.7,0.000125205989090762,0.95,0.65,1,0.8,1,1,1,1,0.95,0.75,1,0.85,0.75,0.9,1,1,0.96,0.88,0.9375,0.88,0.65,1,1,0.8,1,1,1,0.92,1,0.9,0.76,0.95,1,0.96,0.9,1,0.9,0.95,0.95,0.8125,0.96,0.95,0.95,1,0.95,0.95,0.8125,1,1,0.72
0.7,0.000114083034102104,0.95,0.65,1,0.8,1,1,1,1,0.95,0.75,1,0.85,0.75,0.9,1,1,0.96,0.88,0.9375,0.88,0.65,1,1,0.8,1,1,1,0.92,1,0.9,0.76,0.95,1,0.96,0.9,1,0.9,0.95,0.95,0.8125,0.96,0.95,0.95,1,0.95,0.95,0.8125,1,1,0.72
0.7,0.000103948211778491,0.95,0.65,1,0.8,1,1,1,1,0.95,0.75,0.95,0.85,0.75,0.9,1,1,0.96,0.88,0.9375,0.88,0.65,1,1,0.8,1,1,1,0.92,1,0.9,0.76,0.95,1,0.96,0.9,1,0.9,0.95,0.95,0.8125,0.96,0.95,0.95,1,0.95,0.95,0.8125,1,1,0.72
0.7,0.0000947137391373662,0.95,0.65,1,0.8,1,1,1,1,0.95,0.75,0.95,0.85,0.75,0.9,1,1,0.96,0.88,0.9375,0.88,0.65,1,1,0.8,1,1,1,0.92,1,0.9,0.76,0.95,1,0.96,0.9,1,0.9,0.95,0.95,0.8125,0.96,0.95,0.95,1,0.95,0.95,0.8125,1,1,0.72
0.7,0.0000862996315944061,0.95,0.65,1,0.8,1,1,1,1,0.95,0.75,0.95,0.85,0.75,0.9,1,1,0.92,0.88,0.9375,0.88,0.65,1,1,0.8,1,1,1,0.92,1,0.9,0.76,0.95,1,0.96,0.9,1,0.9,0.95,0.95,0.8125,0.96,0.95,0.95,1,0.95,0.95,0.8125,1,1,0.72
0.7,0.0000786330101753104,0.95,0.65,1,0.8,1,1,1,1,0.95,0.75,0.95,0.85,0.75,0.9,1,1,0.92,0.88,0.9375,0.88,0.65,1,1,0.76,1,1,1,0.92,1,0.9,0.76,0.95,1,0.96,0.9,1,0.9,0.95,0.95,0.8125,0.96,0.95,0.95,1,0.95,0.95,0.8125,1,1,0.72
0.7,0.0000716474702729931,0.95,0.65,1,0.84,1,1,1,1,0.95,0.75,0.95,0.8,0.75,0.9,1,1,0.92,0.88,0.9375,0.88,0.65,1,1,0.76,1,1,1,0.92,1,0.9,0.76,0.95,1,0.96,0.9,1,0.9,0.95,0.95,0.8125,0.96,0.95,0.95,1,0.95,0.95,0.8125,1,1,0.72
0.7,0.000065282506482643,0.95,0.65,1,0.84,1,1,1,1,0.95,0.75,0.95,0.8,0.75,0.9,1,1,0.92,0.88,0.9375,0.88,0.65,1,1,0.76,1,1,1,0.92,1,0.9,0.76,0.95,1,0.96,0.9,1,0.9,0.95,0.95,0.8125,0.96,0.95,0.95,1,0.95,0.95,0.8125,1,1,0.72
0.7,0.0000594829885328523,0.95,0.65,1,0.8,1,1,1,1,0.95,0.75,0.95,0.8,0.75,0.9,0.95,1,0.92,0.88,0.9375,0.88,0.65,1,1,0.76,1,1,1,0.92,1,0.9,0.76,0.95,1,0.96,0.9,1,0.9,0.95,0.95,0.8125,0.96,0.95,0.95,1,0.95,0.95,0.8125,1,1,0.72
0.7,0.0000541986837735797,0.95,0.65,1,0.8,1,1,1,1,0.95,0.75,0.95,0.75,0.75,0.9,0.95,1,0.92,0.88,0.9375,0.88,0.65,1,1,0.76,1,1,1,0.92,1,0.9,0.76,0.95,1,0.96,0.9,1,0.9,0.95,0.95,0.8125,0.96,0.95,0.95,1,0.95,0.95,0.8125,1,1,0.72
0.7,0.0000493838220849667,0.95,0.65,1,0.8,1,1,1,1,0.95,0.75,0.95,0.75,0.75,0.85,0.95,1,0.92,0.88,0.9375,0.88,0.65,1,1,0.76,1,1,1,0.92,1,0.9,0.76,0.95,1,0.96,0.9,1,0.9,0.95,0.95,0.8125,0.96,0.95,0.95,0.95,0.95,1,0.8125,1,1,0.72
0.7,0.0000449966994384553,0.95,0.65,1,0.8,1,1,1,1,0.95,0.75,0.95,0.75,0.75,0.85,0.95,1,0.92,0.88,0.9375,0.88,0.65,1,1,0.76,1,1,1,0.92,1,0.9,0.76,0.95,1,0.96,0.9,1,0.9,0.95,0.95,0.8125,0.96,0.95,0.95,0.95,0.9,1,0.8125,1,1,0.72
0.7,0.0000409993166764432,0.95,0.65,1,0.8,1,1,1,1,0.95,0.75,0.95,0.75,0.75,0.85,0.95,1,0.92,0.88,0.9375,0.88,0.65,1,1,0.76,1,1,1,0.92,1,0.9,0.76,0.95,1,0.96,0.9,1,0.9,0.95,0.95,0.8125,0.96,0.95,0.95,0.95,0.9,1,0.8125,1,1,0.72
0.7,0.0000373570503817597,0.95,0.65,1,0.8,1,1,1,1,0.95,0.75,0.95,0.75,0.75,0.85,0.95,1,0.88,0.88,0.9375,0.88,0.65,1,1,0.76,1,1,1,0.92,1,0.9,0.76,0.95,1,0.96,0.9,1,0.9,0.95,0.95,0.8125,0.96,0.95,0.95,0.95,0.9,1,0.8125,1,1,0.72
0.7,0.0000340383529861894,0.95,0.65,1,0.8,1,1,1,1,0.95,0.75,0.95,0.75,0.75,0.85,0.95,1,0.88,0.88,0.9375,0.88,0.65,1,1,0.76,1,1,1,0.92,1,0.9,0.76,0.95,1,0.96,0.9,1,0.9,0.95,0.95,0.8125,0.96,0.95,0.95,0.95,0.9,1,0.8125,1,1,0.72
0.7,0.0000310144795205282,0.95,0.65,1,0.8,1,1,1,1,0.95,0.75,0.95,0.75,0.75,0.85,0.95,1,0.88,0.88,0.9375,0.88,0.65,1,1,0.76,1,1,1,0.92,0.95,0.9,0.76,0.95,1,0.96,0.9,1,0.9,0.95,0.95,0.8125,0.96,0.95,0.95,0.95,0.9,1,0.8125,1,1,0.72
0.7,0.0000282592386394119,0.95,0.65,1,0.8,1,1,1,1,0.95,0.75,0.95,0.75,0.75,0.85,0.95,1,0.88,0.88,0.9375,0.88,0.65,1,1,0.76,1,1,1,0.92,0.95,0.9,0.76,0.95,1,0.96,0.9,1,0.9,0.95,0.95,0.8125,0.96,0.95,0.95,0.95,0.9,1,0.8125,1,1,0.72
0.7,0.0000257487657644119,0.95,0.65,1,0.76,1,1,1,1,0.95,0.75,0.95,0.75,0.75,0.85,0.95,1,0.88,0.88,0.9375,0.88,0.65,1,1,0.72,1,1,1,0.92,0.95,0.9,0.76,0.95,1,0.96,0.9,1,0.9,0.95,0.95,0.8125,0.96,0.95,0.95,0.95,0.9,1,0.8125,1,1,0.72
0.7,0.0000234613163804737,0.95,0.65,1,0.76,1,1,1,1,0.95,0.75,0.95,0.75,0.75,0.85,0.95,1,0.88,0.88,0.9375,0.88,0.65,1,1,0.72,1,1,1,0.92,0.95,0.9,0.76,0.95,1,0.96,0.9,1,0.9,0.95,0.95,0.8125,0.96,0.95,0.95,0.95,0.9,1,0.8125,1,1,0.72
0.7,0.0000213770776953299,0.95,0.65,1,0.76,1,1,1,1,0.95,0.75,0.95,0.75,0.75,0.9,0.95,1,0.88,0.88,0.9375,0.88,0.65,1,1,0.68,1,1,1,0.92,0.95,0.9,0.76,0.95,1,0.92,0.9,0.96,0.9,0.95,0.95,0.8125,0.96,0.95,0.95,0.9,0.9,1,0.8125,1,1,0.72
0.8,0.187049429834136,0.25,0.4,0.875,0.4,1,0.48,0.625,0.55,0.45,0.55,0.55,0.8,0.75,0.45,0.525,0.525,0.4,0.28,0.5625,0.76,0.575,0.84,0.875,0.56,0.425,0.45,0.2,0.72,0.6,0.7,0.68,0.65,0.85,0.6,0.55,0.44,0.35,0.35,0.7,0.625,0.36,0.55,0.55,0.5,0.6,0.75,0.9375,0.75,0.64,0.6
0.8,0.170432474017502,0.5,0.45,0.95,0.8,1,0.76,1,0.55,0.45,0.6,0.65,0.55,0.65,0.55,0.8,0.6,0.8,0.28,0.5,0.8,0.6,0.68,0.8125,0.56,0.7,0.45,0.25,0.72,0.65,0.65,0.64,0.65,0.8,0.8,0.7,0.48,0.5,0.45,0.75,0.75,0.36,0.65,0.5,0.8,0.6,0.8,0.9375,0.75,0.8,0.8
0.8,0.155291722757369,0.65,0.55,1,0.92,1,0.76,1,0.6,0.6,0.6,0.7,0.7,0.6,0.6,0.95,0.6,0.84,0.52,0.625,0.72,0.95,0.68,0.875,0.76,0.9,0.45,0.5,0.88,0.75,0.75,0.6,0.7,0.65,0.8,0.8,0.48,0.65,0.65,0.8,0.875,0.36,0.65,0.7,0.7,0.8,0.6,0.9375,0.7,0.84,0.8
0.8,0.141496034109527,0.65,0.55,1,0.92,1,0.72,1,0.55,0.65,0.7,0.65,0.75,0.55,0.65,0.95,0.6,0.84,0.76,0.6875,0.76,0.95,0.88,0.875,0.72,1,0.5,0.6,0.88,0.85,0.8,0.6,0.65,0.8,0.84,0.8,0.56,0.8,0.65,0.85,0.875,0.4,0.7,0.9,0.7,1,0.7,0.9375,0.75,0.84,0.72
0.8,0.128925916418647,0.7,0.55,0.95,0.92,1,0.72,0.95,0.6,0.65,0.75,0.65,0.8,0.6,0.75,0.95,0.6,0.84,0.76,0.6875,0.76,1,0.92,0.875,0.72,1,0.6,0.6,0.92,1,0.85,0.68,0.65,0.8,0.92,0.8,0.6,0.85,0.7,0.9,0.9375,0.56,0.7,0.9,0.8,1,0.65,0.875,0.75,0.84,0.76
0.8,0.11747249333873,0.7,0.6,1,0.92,0.95,0.68,0.95,0.65,0.65,0.7,0.8,0.9,0.6,0.8,1,0.6,0.88,0.76,0.6875,0.8,1,0.88,0.8125,0.72,1,0.65,0.65,0.88,1,0.85,0.76,0.65,0.85,0.88,0.85,0.68,0.85,0.75,0.9,0.9375,0.68,0.7,0.95,0.7,1,0.65,0.8125,0.7,0.88,0.8
0.8,0.107036560798276,0.75,0.6,1,0.92,0.95,0.76,0.95,0.65,0.7,0.8,0.8,0.9,0.65,0.8,1,0.6,0.96,1,0.6875,0.8,1,0.88,1,0.72,1,0.7,0.65,0.88,1,0.85,0.8,0.7,0.85,0.88,0.9,0.64,0.85,0.75,0.9,0.875,0.72,0.7,1,0.85,1,0.65,0.8125,0.7,0.88,0.8
0.8,0.09752772774208,0.75,0.6,1,0.92,0.95,0.84,0.95,0.65,0.7,0.85,0.8,0.9,0.65,0.85,1,0.65,0.92,0.96,0.6875,0.84,1,0.96,1,0.76,1,0.8,0.7,0.88,0.95,0.85,0.88,0.7,0.8,0.92,0.95,0.64,0.85,0.75,0.9,0.875,0.72,0.7,1,0.85,1,0.75,0.8125,0.7,0.88,0.88
0.8,0.0888636332071547,0.75,0.6,1,0.92,0.95,0.84,1,0.65,0.7,0.85,0.8,0.9,0.75,0.85,1,0.75,0.92,0.96,0.6875,0.84,1,1,1,0.76,1,0.8,0.7,0.84,0.95,0.85,0.92,0.75,0.8,0.92,0.95,0.64,0.85,0.75,0.9,0.875,0.76,0.7,1,0.85,1,0.75,0.8125,0.8,0.88,0.88
0.8,0.080969232951467,0.75,0.6,1,0.92,0.95,0.84,1,0.65,0.7,0.9,0.8,0.9,0.85,0.85,1,0.75,0.92,0.92,0.6875,0.84,1,1,1,0.76,1,0.8,0.75,0.84,0.95,0.85,0.88,0.75,0.85,0.92,0.95,0.68,0.85,0.75,0.9,0.875,0.76,0.7,1,0.85,1,0.75,0.75,0.8,0.88,0.88
0.8,0.0737761494566157,0.75,0.6,1,0.92,0.95,0.88,1,0.65,0.7,0.9,0.85,0.9,0.85,0.9,1,0.8,0.92,0.92,0.6875,0.84,1,1,1,0.76,1,0.8,0.8,0.88,0.95,0.85,0.88,0.75,0.8,0.92,0.95,0.68,0.85,0.8,0.9,0.875,0.76,0.65,1,0.9,1,0.8,0.75,0.8,0.88,0.88
0.8,0.0672220796744783,0.75,0.6,1,0.92,0.95,0.92,1,0.65,0.7,0.9,0.85,0.9,0.85,0.9,1,0.85,0.88,0.92,0.6875,0.84,1,1,1,0.8,1,0.8,0.8,0.84,0.95,0.85,0.88,0.75,0.8,0.92,0.95,0.68,0.85,0.8,0.9,0.875,0.8,0.65,1,0.9,1,0.8,0.75,0.8,0.88,0.92
0.8,0.0612502553880126,0.8,0.6,1,0.92,0.95,0.96,1,0.65,0.7,0.9,0.95,0.9,0.85,0.95,1,0.9,0.88,0.96,0.75,0.84,1,1,1,0.8,1,0.8,0.85,0.8,0.95,0.85,0.88,0.8,0.8,0.92,0.95,0.68,0.85,0.8,0.9,0.875,0.8,0.65,1,1,1,0.8,0.75,0.8,0.88,0.92
0.8,0.0558089515121192,0.8,0.6,1,0.92,0.95,0.96,1,0.7,0.7,0.9,0.95,0.9,0.85,0.95,1,0.9,0.84,0.96,0.75,0.84,1,1,1,0.8,1,0.8,0.85,0.8,0.95,0.85,0.88,0.85,0.8,0.92,0.95,0.72,0.85,0.8,0.9,0.875,0.8,0.65,1,1,1,0.8,0.75,0.85,0.88,0.96
0.8,0.0508510380756982,0.8,0.6,1,0.92,0.9,0.96,1,0.7,0.7,0.9,0.95,0.9,0.85,0.95,1,0.9,0.84,0.96,0.75,0.84,1,1,1,0.8,0.95,0.8,0.85,0.8,0.95,0.85,0.88,0.85,0.8,0.92,1,0.72,0.85,0.8,0.9,0.875,0.8,0.65,1,1,1,0.8,0.75,0.85,0.88,0.92
0.8,0.0463335720043869,0.8,0.6,1,0.92,0.85,0.96,1,0.75,0.75,0.9,0.95,0.9,0.85,0.95,1,0.9,0.84,0.96,0.75,0.84,1,1,1,0.8,0.95,0.85,0.9,0.8,0.95,0.85,0.88,0.85,0.8,0.92,1,0.76,0.85,0.8,0.9,0.875,0.84,0.6,1,1,1,0.8,0.75,0.85,0.88,0.88
0.8,0.0422174251681926,0.85,0.65,1,0.92,0.85,0.96,1,0.75,0.8,0.9,0.95,0.9,0.85,0.95,1,0.9,0.84,0.96,0.8125,0.84,1,1,1,0.8,0.95,0.85,0.9,0.84,0.95,0.85,0.88,0.9,0.85,0.96,1,0.76,0.85,0.8,0.9,0.875,0.88,0.6,1,1,1,0.8,0.75,0.85,0.88,0.88
0.8,0.0384669454723498,0.85,0.65,1,0.92,0.85,0.96,1,0.75,0.8,0.95,0.95,0.9,0.85,0.95,1,0.9,0.84,0.96,0.8125,0.84,1,1,1,0.8,0.95,0.9,0.9,0.84,0.95,0.85,0.88,0.9,0.85,0.96,1,0.76,0.85,0.8,0.9,0.875,0.88,0.6,1,1,1,0.8,0.75,0.95,0.88,0.88
0.8,0.0350496480559305,0.85,0.65,1,0.92,0.85,0.96,1,0.8,0.8,0.95,1,0.9,0.85,0.95,1,0.95,0.84,0.96,0.8125,0.84,0.95,1,1,0.84,0.95,0.9,0.9,0.84,0.95,0.85,0.88,0.9,0.85,0.96,1,0.76,0.85,0.8,0.9,0.875,0.88,0.6,1,1,1,0.85,0.75,0.95,0.88,0.88
0.8,0.0319359339235195,0.85,0.7,1,0.92,0.85,0.96,1,0.85,0.8,0.95,1,0.9,0.95,0.95,1,0.95,0.84,0.96,0.8125,0.84,0.9,1,1,0.84,0.95,0.9,0.9,0.84,0.95,0.85,0.88,0.9,0.85,0.96,1,0.76,0.85,0.85,0.9,0.875,0.92,0.6,1,1,1,0.85,0.75,1,0.92,0.88
0.8,0.0290988335728762,0.85,0.7,1,0.92,0.85,0.96,1,0.85,0.8,0.95,1,0.9,0.95,0.9,1,0.95,0.84,0.96,0.8125,0.84,0.85,1,1,0.84,1,0.9,0.9,0.84,0.95,0.85,0.88,0.95,0.85,0.96,1,0.76,0.85,0.9,0.9,0.875,0.92,0.65,1,1,1,0.85,0.75,1,0.92,0.88
0.8,0.0265137733980078,0.85,0.7,1,0.92,0.85,0.96,1,0.9,0.8,0.95,1,0.95,0.95,0.9,1,0.95,0.84,0.96,0.8125,0.88,0.85,1,1,0.84,1,0.9,0.9,0.84,0.95,0.85,0.84,0.95,0.9,0.96,1,0.76,0.85,0.9,0.9,0.875,0.92,0.65,1,1,1,0.85,0.75,1,0.92,0.88
0.8,0.0241583628443503,0.9,0.7,1,0.92,0.85,0.96,1,0.9,0.8,0.95,1,0.95,0.95,0.9,1,0.95,0.84,0.96,0.8125,0.88,0.85,1,1,0.84,1,0.9,0.9,0.84,0.95,0.85,0.84,0.95,0.9,0.96,1,0.84,0.85,0.9,0.9,0.875,0.92,0.65,1,1,1,0.85,0.75,1,0.92,0.84
0.8,0.0220122004724963,0.9,0.7,1,0.92,0.85,1,1,0.95,0.8,0.85,1,0.95,0.95,0.9,1,0.95,0.84,0.96,0.875,0.88,0.85,1,1,0.84,1,0.95,0.95,0.8,0.95,0.85,0.84,0.95,0.9,0.96,1,0.84,0.85,0.9,0.9,0.875,0.96,0.65,1,1,1,0.85,0.75,1,0.92,0.84
0.8,0.0200566972506864,0.9,0.7,1,0.92,0.9,1,1,1,0.8,0.85,1,0.95,0.9,0.9,1,0.95,0.84,0.96,0.875,0.88,0.85,1,1,0.84,1,1,0.95,0.84,0.95,0.85,0.84,0.95,0.9,0.96,1,0.84,0.85,0.9,0.9,0.875,0.96,0.65,1,1,1,0.85,0.8125,1,0.92,0.84
0.8,0.0182749155455094,0.9,0.7,1,0.88,0.95,1,1,1,0.8,0.85,1,0.95,0.9,0.9,1,0.95,0.92,0.96,0.875,0.88,0.85,1,1,0.84,1,1,0.95,0.84,0.95,0.85,0.84,0.95,1,0.96,1,0.92,0.85,0.9,0.9,0.875,0.96,0.65,1,1,1,0.9,0.8125,1,0.92,0.84
0.8,0.0166514224162241,0.95,0.7,1,0.88,0.95,1,1,1,0.8,0.85,1,0.95,0.9,0.9,1,1,0.92,0.96,0.875,0.88,0.85,1,1,0.84,1,1,1,0.84,0.95,0.85,0.84,0.95,1,0.96,1,0.92,0.85,0.9,0.9,0.9375,0.96,0.65,1,1,1,0.9,0.8125,1,0.92,0.84
0.8,0.01517215594201,0.95,0.7,1,0.88,0.95,1,1,1,0.85,0.85,1,0.95,0.9,0.9,1,1,0.92,0.96,0.875,0.88,0.85,1,1,0.88,1,1,1,0.84,0.95,0.85,0.84,0.95,1,0.96,1,0.92,0.8,0.9,0.95,0.9375,1,0.65,1,1,1,0.9,0.8125,1,0.92,0.84
0.8,0.0138243034243358,0.95,0.7,1,0.92,0.95,1,1,1,0.85,0.85,1,0.95,0.9,0.9,1,1,0.92,0.96,0.9375,0.88,0.85,1,1,0.84,1,1,1,0.88,0.95,0.85,0.84,0.95,1,0.96,1,0.92,0.85,0.9,0.95,0.9375,1,0.65,1,1,1,0.9,0.8125,1,0.92,0.84
0.8,0.0125961904094946,0.95,0.7,1,0.92,1,1,1,1,0.85,0.85,1,0.95,0.9,0.9,1,1,0.92,0.92,0.9375,0.88,0.85,1,1,0.84,1,1,1,0.88,0.95,0.85,0.84,0.95,1,0.96,1,0.96,0.85,0.9,0.95,0.9375,1,0.65,1,1,1,0.9,0.8125,1,0.92,0.84
0.8,0.0114771795700706,0.95,0.7,1,0.92,1,1,1,1,0.85,0.85,1,0.95,0.9,0.9,1,1,0.92,0.92,0.9375,0.88,0.85,1,1,0.84,1,1,1,0.88,0.95,0.85,0.84,0.95,1,0.96,1,0.96,0.9,0.9,0.95,0.9375,1,0.65,1,1,1,0.9,0.8125,1,0.92,0.84
0.8,0.0104575785694979,0.95,0.7,1,0.92,1,1,1,1,0.9,0.8,1,0.95,0.9,0.9,1,1,0.92,0.92,0.9375,0.88,0.85,1,1,0.84,1,1,1,0.88,0.95,0.8,0.84,0.95,1,0.96,1,0.96,0.9,0.9,0.95,0.9375,1,0.7,1,1,1,0.9,0.8125,1,0.92,0.84
0.8,0.00952855611167801,0.95,0.7,1,0.92,1,1,1,1,0.9,0.8,1,0.95,0.9,0.95,1,1,0.92,0.92,0.9375,0.88,0.85,1,1,0.84,1,1,1,0.88,0.95,0.8,0.84,0.95,1,0.96,1,1,0.9,0.9,0.95,0.9375,1,0.7,1,1,1,0.9,0.8125,1,0.92,0.84
0.8,0.00868206544851763,0.95,0.7,1,0.92,1,1,1,1,0.9,0.8,1,0.95,0.9,0.95,1,1,0.92,0.92,0.9375,0.88,0.85,1,1,0.8,1,1,1,0.92,0.95,0.8,0.84,0.95,1,0.96,1,1,0.95,0.9,0.95,0.9375,1,0.75,1,1,1,0.95,0.8125,1,0.92,0.84
0.8,0.00791077468284638,0.95,0.7,1,0.92,1,1,1,1,0.9,0.8,1,0.95,0.85,0.95,1,1,0.92,0.92,0.9375,0.88,0.8,1,1,0.8,1,1,1,0.88,0.95,0.8,0.84,0.95,1,0.96,1,1,0.95,0.9,0.95,0.9375,1,0.8,1,1,1,0.95,0.8125,1,0.92,0.84
0.8,0.00720800326303095,0.95,0.7,1,0.92,1,1,1,1,0.95,0.8,1,0.95,0.85,0.95,1,1,0.96,0.92,0.9375,0.88,0.8,1,1,0.8,1,1,1,0.88,1,0.8,0.84,0.95,1,0.96,1,1,0.95,0.9,0.95,0.9375,1,0.8,1,1,1,0.95,0.8125,1,0.92,0.84
0.8,0.00656766411923272,0.95,0.7,1,0.92,1,1,1,1,0.95,0.8,1,0.95,0.85,0.95,1,1,0.96,0.92,0.9375,0.88,0.8,1,1,0.84,1,1,1,0.88,1,0.8,0.84,0.95,1,0.96,1,1,0.95,0.9,0.9,0.9375,1,0.8,1,1,1,0.95,0.8125,1,0.92,0.84
0.8,0.00598421094012089,0.95,0.7,1,0.92,1,1,1,1,0.95,0.8,1,0.95,0.85,0.95,1,1,0.92,0.92,0.9375,0.88,0.8,1,1,0.84,1,1,1,0.88,1,0.85,0.84,0.95,1,0.96,1,1,0.95,0.9,0.9,0.9375,1,0.85,1,1,1,0.95,0.8125,1,0.92,0.8
0.8,0.00545259013337701,0.95,0.7,1,0.92,1,1,1,1,0.95,0.8,1,0.95,0.85,0.9,1,1,0.92,0.92,0.9375,0.92,0.8,1,1,0.84,1,1,1,0.88,1,0.85,0.84,0.95,1,0.96,1,1,0.95,0.9,0.9,0.9375,1,0.8,1,1,1,0.95,0.8125,1,0.92,0.8
0.8,0.00496819705389592,0.95,0.7,1,0.96,1,1,1,1,0.95,0.8,1,0.95,0.85,0.9,1,1,0.92,0.92,0.9375,0.92,0.8,1,1,0.84,1,1,1,0.88,1,0.85,0.84,0.95,1,0.96,1,1,0.95,0.9,0.9,0.9375,1,0.8,1,1,1,0.95,0.8125,1,0.92,0.8
0.8,0.00452683612055266,0.95,0.7,1,0.96,1,1,1,1,0.95,0.8,1,0.95,0.9,0.85,1,1,0.96,0.92,0.9375,0.92,0.75,1,1,0.84,1,1,1,0.88,1,0.85,0.84,0.95,1,0.96,1,1,0.95,0.9,0.9,0.9375,1,0.75,1,1,1,0.95,0.8125,1,0.92,0.8
0.8,0.00412468447608591,0.95,0.7,1,0.96,1,1,1,1,0.95,0.8,1,0.95,0.9,0.85,1,1,0.96,0.92,0.9375,0.92,0.75,1,1,0.84,1,1,1,0.88,1,0.85,0.84,0.95,1,0.96,1,1,0.95,0.9,0.9,0.9375,1,0.75,1,1,1,0.95,0.8125,1,0.92,0.8
0.8,0.00375825887533721,0.95,0.7,1,0.96,1,1,1,1,0.95,0.8,1,0.95,0.9,0.85,1,1,0.96,0.92,0.9375,0.92,0.75,1,1,0.84,1,1,1,0.88,1,0.85,0.84,0.95,1,0.96,1,1,0.95,0.9,0.9,0.9375,1,0.8,1,1,1,0.95,0.8125,1,0.92,0.8
0.8,0.00342438551504775,0.95,0.7,1,0.96,1,1,1,1,0.95,0.8,1,0.95,0.9,0.85,1,1,0.96,0.92,0.9375,0.96,0.75,1,1,0.84,1,1,1,0.88,1,0.85,0.84,0.95,1,0.96,1,1,0.95,0.95,0.95,0.9375,1,0.85,1,1,1,0.95,0.8125,1,0.92,0.8
0.8,0.00312017254389287,0.95,0.7,1,0.96,1,1,1,1,0.95,0.8,1,0.95,0.9,0.85,1,1,0.96,0.92,0.9375,0.92,0.75,1,1,0.84,0.95,1,1,0.88,1,0.85,0.8,0.95,1,0.96,1,1,0.95,0.95,0.95,0.9375,1,0.85,1,1,1,0.95,0.8125,1,0.92,0.8
0.8,0.00284298501464931,0.95,0.7,1,0.96,1,1,1,1,0.95,0.8,1,0.95,0.9,0.85,1,1,0.96,0.92,0.9375,0.92,0.75,1,1,0.84,0.95,1,1,0.88,1,0.85,0.8,0.95,1,0.96,1,1,0.95,0.95,0.95,0.9375,1,0.85,1,1,1,0.95,0.8125,1,0.92,0.8
0.8,0.0025904220615429,0.95,0.65,1,0.96,1,1,1,1,0.95,0.8,1,0.95,0.9,0.85,1,1,0.96,0.88,0.9375,0.92,0.75,1,1,0.84,0.95,1,1,0.88,1,0.85,0.8,0.95,1,0.96,1,1,0.95,0.95,0.95,0.9375,1,0.85,1,1,1,0.95,0.8125,1,0.92,0.8
0.8,0.00236029610509779,0.95,0.65,1,0.96,1,1,1,1,0.9,0.8,1,0.95,0.9,0.85,1,1,0.96,0.88,0.9375,0.92,0.7,1,1,0.84,0.95,1,1,0.88,1,0.85,0.8,0.95,1,0.96,1,1,0.95,0.95,0.95,0.9375,1,0.85,1,1,1,0.95,0.8125,1,0.92,0.8
0.8,0.00215061390436956,0.95,0.65,1,0.92,1,1,1,1,0.9,0.8,1,0.95,0.9,0.9,1,1,0.96,0.88,0.9375,0.92,0.7,1,1,0.84,0.95,1,1,0.88,1,0.85,0.8,0.95,1,0.96,1,1,0.95,0.95,0.95,0.9375,1,0.9,1,1,1,0.95,0.8125,1,0.92,0.8
0.8,0.00195955929244566,0.95,0.65,1,0.92,1,1,1,1,0.9,0.8,1,0.95,0.9,0.95,1,1,0.96,0.88,0.9375,0.92,0.7,1,1,0.84,0.95,1,1,0.88,1,0.85,0.8,0.95,1,0.96,1,1,0.95,0.95,0.95,0.9375,1,0.9,1,1,1,0.95,0.8125,1,0.92,0.8
0.8,0.00178547744567651,0.95,0.65,1,0.92,1,1,1,1,0.9,0.8,1,0.95,0.9,0.95,1,1,0.96,0.88,0.9375,0.92,0.7,1,1,0.84,0.95,1,1,0.88,1,0.85,0.8,0.95,1,0.96,1,1,0.95,0.9,0.95,0.9375,1,0.9,0.95,1,1,0.95,0.8125,1,0.92,0.8
0.8,0.00162686055038465,0.95,0.65,1,0.92,1,1,1,1,0.9,0.8,1,0.95,0.9,0.95,1,1,0.96,0.88,0.9375,0.92,0.7,1,1,0.84,0.95,1,1,0.88,1,0.85,0.8,0.95,1,0.96,1,1,0.95,0.9,0.95,0.875,1,0.9,0.95,1,1,0.95,0.8125,1,0.92,0.8
0.8,0.00148233474290404,0.95,0.65,1,0.92,1,1,1,1,0.9,0.8,1,0.95,0.9,0.95,1,1,0.96,0.88,0.9375,0.92,0.7,1,1,0.84,0.95,1,1,0.88,1,0.85,0.8,0.95,1,0.96,0.95,1,0.95,0.9,0.95,0.875,1,0.9,0.95,1,1,0.95,0.8125,1,0.92,0.8
0.8,0.00135064820983019,0.95,0.65,1,0.92,1,1,1,1,0.9,0.8,1,0.95,0.85,0.95,1,1,0.96,0.88,0.9375,0.92,0.7,1,1,0.84,0.95,1,1,0.88,1,0.85,0.8,0.95,1,0.96,0.95,1,0.95,0.9,0.95,0.875,1,0.9,0.95,1,1,0.95,0.8125,1,0.92,0.8
0.8,0.00123066034541133,0.95,0.65,1,0.92,1,1,1,1,0.9,0.8,1,0.95,0.85,0.95,1,1,0.96,0.88,0.9375,0.92,0.7,1,1,0.84,0.95,1,1,0.88,1,0.85,0.8,0.95,1,0.96,0.95,1,0.95,0.9,0.95,0.875,1,0.9,0.95,1,1,0.95,0.8125,1,0.96,0.8
0.8,0.00112133187216702,0.95,0.65,1,0.88,1,1,1,1,0.9,0.75,1,0.9,0.85,0.95,1,1,0.96,0.88,0.9375,0.92,0.7,1,1,0.84,0.95,1,1,0.88,1,0.85,0.8,0.95,1,0.96,0.95,1,0.95,0.9,0.95,0.875,1,0.9,0.95,1,1,0.95,0.8125,1,0.96,0.8
0.8,0.00102171583916385,0.95,0.65,1,0.88,1,1,1,1,0.9,0.75,1,0.85,0.85,0.95,1,1,0.96,0.88,0.9375,0.88,0.7,1,1,0.84,0.95,1,1,0.88,1,0.85,0.8,0.95,1,0.96,0.95,1,0.95,0.95,0.95,0.8125,1,0.9,0.95,1,1,0.95,0.8125,1,0.96,0.8
0.8,0.000930949419979381,0.95,0.65,1,0.88,1,1,1,1,0.95,0.75,1,0.85,0.85,0.95,1,1,0.96,0.88,0.9375,0.88,0.7,1,1,0.84,0.95,1,1,0.88,1,0.9,0.8,0.95,1,0.96,0.95,1,0.95,0.95,0.95,0.8125,1,0.9,0.95,1,1,0.95,0.8125,1,0.96,0.76
0.8,0.000848246439312529,0.95,0.65,1,0.84,1,1,1,1,0.95,0.75,1,0.85,0.8,0.95,1,1,0.96,0.88,0.9375,0.88,0.7,1,1,0.84,0.95,1,1,0.88,1,0.9,0.8,0.95,1,0.96,0.95,1,0.95,0.95,0.95,0.8125,1,0.9,0.95,1,1,0.95,0.8125,1,0.96,0.76
0.8,0.000772890563509154,0.95,0.65,1,0.84,1,1,1,1,0.95,0.75,1,0.85,0.8,0.95,1,1,0.96,0.88,0.9375,0.88,0.7,1,1,0.8,0.95,1,1,0.92,1,0.9,0.8,0.95,1,0.96,0.95,1,0.95,0.95,0.95,0.8125,1,0.9,0.95,1,1,0.95,0.8125,1,0.96,0.76
0.8,0.000704229096022654,0.95,0.65,1,0.84,1,1,1,1,0.95,0.75,1,0.85,0.8,0.95,1,1,0.96,0.88,0.9375,0.88,0.7,1,1,0.8,0.95,1,1,0.92,1,0.9,0.8,0.95,1,0.96,0.95,1,0.95,0.95,0.95,0.8125,1,0.9,0.95,1,1,0.95,0.8125,1,0.96,0.72
0.8,0.000641667324068721,0.95,0.65,1,0.84,1,1,1,1,0.95,0.75,1,0.85,0.8,0.95,1,1,0.96,0.88,0.9375,0.88,0.7,1,1,0.8,0.95,1,1,0.92,1,0.9,0.8,0.95,1,0.96,0.95,1,0.95,0.95,0.95,0.8125,1,0.9,0.95,1,1,0.95,0.8125,1,0.96,0.72
0.8,0.000584663367507707,0.95,0.65,1,0.84,1,1,1,1,0.95,0.75,1,0.85,0.8,0.95,1,1,0.96,0.88,0.9375,0.88,0.7,1,1,0.8,0.95,1,1,0.92,1,0.9,0.8,0.95,1,0.96,0.95,1,0.95,0.95,0.95,0.8125,1,0.9,0.95,1,1,0.95,0.8125,1,0.96,0.72
0.8,0.000532723485338085,0.95,0.65,1,0.84,1,1,1,1,0.95,0.75,1,0.85,0.8,0.95,1,1,0.96,0.88,0.9375,0.88,0.7,1,1,0.8,0.95,1,1,0.92,1,0.9,0.8,0.95,1,0.96,0.95,1,0.95,0.95,0.95,0.8125,1,0.9,0.95,1,1,0.95,0.8125,1,0.96,0.72
0.8,0.000485397799148099,0.95,0.65,1,0.84,1,1,1,1,0.95,0.75,1,0.85,0.8,0.95,1,1,0.96,0.88,0.9375,0.88,0.7,1,1,0.8,0.95,1,1,0.92,1,0.9,0.8,0.95,1,0.96,0.95,1,0.95,0.95,0.95,0.8125,1,0.95,0.95,1,0.95,0.95,0.8125,1,0.96,0.72
0.8,0.000442276396484175,0.95,0.65,1,0.88,1,1,1,1,0.95,0.75,1,0.85,0.8,0.95,1,1,0.96,0.88,0.9375,0.88,0.7,1,1,0.8,0.95,1,1,0.92,1,0.9,0.8,0.95,1,0.96,0.95,1,0.95,0.95,0.95,0.8125,1,0.95,0.95,1,0.95,0.95,0.8125,1,0.96,0.72
0.8,0.000402985780385348,0.95,0.65,1,0.88,1,1,1,1,0.95,0.75,1,0.85,0.8,0.9,1,1,0.96,0.88,0.9375,0.88,0.7,1,1,0.8,0.95,1,1,0.92,1,0.9,0.8,0.95,1,0.96,0.95,1,0.9,0.95,0.95,0.8125,1,0.95,0.95,1,0.95,0.95,0.8125,1,0.96,0.72
0.8,0.000367185634331265,0.95,0.65,1,0.88,1,1,1,1,0.95,0.75,1,0.85,0.8,0.9,1,1,0.96,0.88,0.9375,0.88,0.65,1,1,0.8,0.95,1,1,0.92,1,0.9,0.8,0.95,1,0.96,0.9,1,0.9,0.95,0.95,0.8125,1,0.95,0.95,1,0.95,0.95,0.8125,1,1,0.72
0.8,0.000334565874583289,0.95,0.65,1,0.88,1,1,1,1,0.95,0.75,1,0.85,0.8,0.9,1,1,0.96,0.88,0.9375,0.88,0.65,1,1,0.8,0.95,1,1,0.92,1,0.9,0.8,0.95,1,0.96,0.9,1,0.9,0.95,0.95,0.8125,1,0.95,0.95,1,0.95,0.95,0.8125,1,1,0.72
0.8,0.000304843964387499,0.95,0.65,1,0.88,1,1,1,1,0.95,0.75,1,0.85,0.75,0.9,1,1,0.96,0.88,0.9375,0.88,0.65,1,1,0.8,0.95,1,1,0.92,1,0.9,0.8,0.95,1,0.96,0.9,1,0.9,0.95,0.95,0.8125,1,0.95,0.95,1,0.95,0.95,0.8125,1,1,0.72
0.8,0.000277762466776486,0.95,0.65,1,0.84,1,1,1,1,0.95,0.75,1,0.85,0.75,0.9,1,1,0.96,0.88,0.9375,0.88,0.65,1,1,0.8,1,1,1,0.92,1,0.9,0.8,0.95,1,0.96,0.9,1,0.9,0.95,0.95,0.8125,1,0.95,0.95,1,0.95,0.95,0.8125,1,1,0.72
0.8,0.0002530868147735,0.95,0.65,1,0.84,1,1,1,1,0.95,0.75,1,0.85,0.75,0.9,1,1,0.96,0.88,0.9375,0.88,0.65,1,1,0.8,1,1,1,0.92,1,0.9,0.76,0.95,1,0.96,0.9,1,0.9,0.95,0.95,0.8125,1,0.95,0.95,1,0.95,0.95,0.8125,1,1,0.72
0.8,0.000230603279685512,0.95,0.65,1,0.8,1,1,1,1,0.95,0.75,1,0.85,0.75,0.9,1,1,0.96,0.88,0.9375,0.88,0.65,1,1,0.8,1,1,1,0.92,1,0.9,0.76,0.95,1,0.96,0.9,1,0.9,0.95,0.95,0.8125,1,0.95,0.95,1,0.95,0.95,0.8125,1,1,0.72
0.8,0.000210117119887522,0.95,0.65,1,0.8,1,1,1,1,0.95,0.75,1,0.85,0.75,0.9,1,1,0.96,0.88,0.9375,0.88,0.65,1,1,0.8,1,1,1,0.92,1,0.9,0.76,0.95,1,0.96,0.9,1,0.9,0.95,0.95,0.8125,1,0.95,0.95,1,0.95,0.95,0.8125,1,1,0.72
0.8,0.000191450894063764,0.95,0.65,1,0.8,1,1,1,1,0.95,0.75,1,0.85,0.75,0.9,1,1,0.96,0.88,0.9375,0.88,0.65,1,1,0.8,1,1,1,0.92,1,0.9,0.76,0.95,1,0.96,0.9,1,0.9,0.95,0.95,0.8125,0.96,0.95,0.95,1,0.95,0.95,0.8125,1,1,0.72
0.8,0.000174442924295913,0.95,0.65,1,0.8,1,1,1,1,0.95,0.75,1,0.85,0.75,0.9,1,1,0.96,0.88,0.9375,0.88,0.65,1,1,0.8,1,1,1,0.92,1,0.9,0.76,0.95,1,0.96,0.9,1,0.9,0.95,0.95,0.8125,0.96,0.95,0.95,1,0.95,0.95,0.8125,1,1,0.72
0.8,0.00015894589568631,0.95,0.65,1,0.8,1,1,1,1,0.95,0.75,1,0.85,0.75,0.9,1,1,0.96,0.88,0.9375,0.88,0.65,1,1,0.8,1,1,1,0.92,1,0.9,0.76,0.95,1,0.96,0.9,1,0.9,0.95,0.95,0.8125,0.96,0.95,0.95,1,0.95,0.95,0.8125,1,1,0.72
0.8,0.000144825580386783,0.95,0.65,1,0.8,1,1,1,1,0.95,0.75,0.95,0.85,0.75,0.9,1,1,0.96,0.88,0.9375,0.88,0.65,1,1,0.8,1,1,1,0.92,1,0.9,0.76,0.95,1,0.96,0.9,1,0.9,0.95,0.95,0.8125,0.96,0.95,0.95,1,0.95,0.95,0.8125,1,1,0.72
0.8,0.000131959674981247,0.95,0.65,1,0.8,1,1,1,1,0.95,0.75,0.95,0.85,0.75,0.9,1,1,0.96,0.88,0.9375,0.88,0.65,1,1,0.8,1,1,1,0.92,1,0.9,0.76,0.95,1,0.96,0.9,1,0.9,0.95,0.95,0.8125,0.96,0.95,0.95,1,0.95,0.95,0.8125,1,1,0.72
0.8,0.000120236741152017,0.95,0.65,1,0.8,1,1,1,1,0.95,0.75,0.95,0.85,0.75,0.9,0.95,1,0.92,0.88,0.9375,0.88,0.65,1,1,0.8,1,1,1,0.92,1,0.9,0.76,0.95,1,0.96,0.9,1,0.9,0.95,0.95,0.8125,0.96,0.95,0.95,1,0.95,0.95,0.8125,1,1,0.72
0.8,0.000109555240454417,0.95,0.65,1,0.8,1,1,1,1,0.95,0.75,0.95,0.85,0.75,0.9,0.95,1,0.92,0.88,0.9375,0.88,0.65,1,1,0.76,1,1,1,0.92,1,0.9,0.76,0.95,1,0.96,0.9,1,0.9,0.95,0.95,0.8125,0.96,0.95,0.95,1,0.95,0.95,0.8125,1,1,0.72
0.8,0.0000998226548393413,0.95,0.65,1,0.84,1,1,1,1,0.95,0.75,0.95,0.8,0.75,0.9,0.95,1,0.92,0.88,0.9375,0.88,0.65,1,1,0.76,1,1,1,0.92,1,0.9,0.76,0.95,1,0.96,0.9,1,0.9,0.95,0.95,0.8125,0.96,0.95,0.95,1,0.95,0.95,0.8125,1,1,0.72
0.8,0.0000909546853061794,0.95,0.65,1,0.84,1,1,1,1,0.95,0.75,0.95,0.8,0.75,0.9,0.95,1,0.92,0.88,0.9375,0.88,0.65,1,1,0.76,1,1,1,0.92,1,0.9,0.76,0.95,1,0.96,0.9,1,0.9,0.95,0.95,0.8125,0.96,0.95,0.95,1,0.95,0.95,0.8125,1,1,0.72
0.8,0.0000828745217451954,0.95,0.65,1,0.8,1,1,1,1,0.95,0.75,0.95,0.8,0.75,0.9,0.95,1,0.92,0.88,0.9375,0.88,0.65,1,1,0.76,1,1,1,0.92,1,0.9,0.76,0.95,1,0.96,0.9,1,0.9,0.95,0.95,0.8125,0.96,0.95,0.95,1,0.95,0.95,0.8125,1,1,0.72
0.8,0.0000755121776451053,0.95,0.65,1,0.8,1,1,1,1,0.95,0.75,0.95,0.75,0.75,0.9,0.95,1,0.92,0.88,0.9375,0.88,0.65,1,1,0.76,1,1,1,0.92,1,0.9,0.76,0.95,1,0.96,0.9,1,0.9,0.95,0.95,0.8125,0.96,0.95,0.95,1,0.95,0.95,0.8125,1,1,0.72
0.8,0.0000688038839033966,0.95,0.65,1,0.8,1,1,1,1,0.95,0.75,0.95,0.75,0.75,0.9,0.95,1,0.92,0.88,0.9375,0.88,0.65,1,1,0.76,1,1,1,0.92,1,0.9,0.76,0.95,1,0.96,0.9,1,0.9,0.95,0.95,0.8125,0.96,0.95,0.95,0.95,0.95,1,0.8125,1,1,0.72
0.8,0.000062691536488869,0.95,0.65,1,0.8,1,1,1,1,0.95,0.75,0.95,0.75,0.75,0.85,0.95,1,0.92,0.88,0.9375,0.88,0.65,1,1,0.76,1,1,1,0.92,1,0.9,0.76,0.95,1,0.96,0.9,1,0.9,0.95,0.95,0.8125,0.96,0.95,0.95,0.95,0.9,1,0.8125,1,1,0.72
0.8,0.0000571221931723126,0.95,0.65,1,0.8,1,1,1,1,0.95,0.75,0.95,0.75,0.75,0.85,0.95,1,0.92,0.88,0.9375,0.88,0.65,1,1,0.76,1,1,1,0.92,1,0.9,0.76,0.95,1,0.96,0.9,1,0.9,0.95,0.95,0.8125,0.96,0.95,0.95,0.95,0.9,1,0.8125,1,1,0.72
0.8,0.0000520476149662457,0.95,0.65,1,0.8,1,1,1,1,0.95,0.75,0.95,0.75,0.75,0.85,0.95,1,0.88,0.88,0.9375,0.88,0.65,1,1,0.76,1,1,1,0.92,1,0.9,0.76,0.95,1,0.96,0.9,1,0.9,0.95,0.95,0.8125,0.96,0.95,0.95,0.95,0.9,1,0.8125,1,1,0.72
0.8,0.0000474238483018823,0.95,0.65,1,0.8,1,1,1,1,0.95,0.75,0.95,0.75,0.75,0.85,0.95,1,0.88,0.88,0.9375,0.88,0.65,1,1,0.76,1,1,1,0.92,1,0.9,0.76,0.95,1,0.96,0.9,1,0.9,0.95,0.95,0.8125,0.96,0.95,0.95,0.95,0.9,1,0.8125,1,1,0.72
0.8,0.0000432108443243459,0.95,0.65,1,0.8,1,1,1,1,0.95,0.75,0.95,0.75,0.75,0.85,0.95,1,0.88,0.88,0.9375,0.88,0.65,1,1,0.76,1,1,1,0.92,1,0.9,0.76,0.95,1,0.96,0.9,1,0.9,0.95,0.95,0.8125,0.96,0.95,0.95,0.95,0.9,1,0.8125,1,1,0.72
0.8,0.0000393721120086484,0.95,0.65,1,0.8,1,1,1,1,0.95,0.75,0.95,0.75,0.75,0.85,0.95,1,0.88,0.88,0.9375,0.88,0.65,1,1,0.72,1,1,1,0.92,0.95,0.9,0.76,0.95,1,0.96,0.9,1,0.9,0.95,0.95,0.8125,0.96,0.95,0.95,0.95,0.9,1,0.8125,1,1,0.72
0.8,0.0000358744020918878,0.95,0.65,1,0.76,1,1,1,1,0.95,0.75,0.95,0.75,0.75,0.85,0.95,1,0.88,0.88,0.9375,0.88,0.65,1,1,0.72,1,1,1,0.92,0.95,0.9,0.76,0.95,1,0.96,0.9,1,0.9,0.95,0.95,0.8125,0.96,0.95,0.95,0.95,0.9,1,0.8125,1,1,0.72
0.8,0.0000326874190840397,0.95,0.65,1,0.76,1,1,1,1,0.95,0.75,0.95,0.75,0.75,0.85,0.95,1,0.88,0.88,0.9375,0.88,0.65,1,1,0.72,1,1,1,0.92,0.95,0.9,0.76,0.95,1,0.96,0.9,0.96,0.9,0.95,0.95,0.8125,0.96,0.95,0.95,0.95,0.9,1,0.8125,1,1,0.72
0.8,0.0000297835588629157,0.95,0.65,1,0.76,1,1,1,1,0.95,0.75,0.95,0.75,0.75,0.9,0.95,1,0.88,0.88,0.9375,0.88,0.65,1,1,0.68,1,1,1,0.92,0.95,0.9,0.76,0.95,1,0.96,0.9,0.96,0.9,0.95,0.95,0.8125,0.96,0.95,0.95,0.9,0.9,1,0.8125,1,1,0.72
0.8,0.0000271376695804622,0.95,0.65,1,0.72,1,1,1,1,0.95,0.75,0.95,0.75,0.75,0.9,0.95,1,0.88,0.88,0.9375,0.88,0.65,1,1,0.68,1,1,1,0.92,0.95,0.9,0.76,0.95,1,0.92,0.9,0.96,0.9,0.95,0.95,0.8125,0.96,0.95,0.95,0.9,0.9,1,0.75,1,1,0.72
0.8,0.0000247268338094854,0.95,0.65,1,0.72,1,1,1,1,0.95,0.75,0.95,0.75,0.75,0.9,0.95,1,0.88,0.88,0.9375,0.88,0.65,1,1,0.64,1,1,1,0.92,0.95,0.9,0.76,0.95,1,0.92,0.9,0.96,0.9,0.95,0.95,0.8125,0.96,0.95,0.95,0.9,0.9,1,0.75,1,1,0.72
0.8,0.0000225301700438604,0.95,0.65,1,0.72,1,1,1,1,0.95,0.75,0.95,0.75,0.75,0.9,0.95,1,0.88,0.88,0.9375,0.88,0.65,1,1,0.64,1,1,1,0.92,0.95,0.9,0.76,0.95,1,0.92,0.9,0.92,0.9,0.95,0.95,0.8125,0.96,0.95,0.95,0.9,0.9,1,0.75,1,1,0.72
0.8,0.0000205286518329144,0.95,0.65,1,0.72,1,1,1,1,0.95,0.75,0.95,0.75,0.75,0.9,0.95,1,0.88,0.88,0.9375,0.88,0.65,1,1,0.64,1,1,1,0.92,0.95,0.9,0.76,0.95,1,0.92,0.9,0.92,0.9,0.95,0.95,0.8125,0.96,0.95,0.95,0.9,0.9,1,0.75,1,1,0.72
0.8,0.0000187049429834136,0.95,0.65,1,0.72,1,1,1,1,0.95,0.75,0.95,0.75,0.75,0.9,0.95,1,0.88,0.88,0.9375,0.88,0.65,1,1,0.64,1,1,1,0.92,0.95,0.9,0.76,0.95,1,0.92,0.9,0.92,0.9,0.95,0.95,0.8125,0.96,0.95,0.95,0.9,0.9,1,0.75,1,1,0.72
0.9,0.166266159852565,0.25,0.4,0.875,0.4,1,0.48,0.625,0.55,0.45,0.55,0.55,0.8,0.75,0.4,0.525,0.525,0.4,0.28,0.5625,0.76,0.575,0.84,0.875,0.56,0.425,0.45,0.2,0.72,0.6,0.7,0.68,0.65,0.85,0.6,0.55,0.44,0.35,0.35,0.7,0.625,0.36,0.55,0.55,0.5,0.6,0.75,0.9375,0.75,0.64,0.6
0.9,0.151495532460002,0.55,0.45,0.95,0.8,1,0.76,1,0.55,0.45,0.6,0.65,0.55,0.65,0.55,0.8,0.6,0.8,0.28,0.5,0.8,0.575,0.72,0.8125,0.56,0.65,0.45,0.25,0.72,0.65,0.65,0.64,0.65,0.8,0.8,0.7,0.48,0.5,0.45,0.75,0.75,0.36,0.65,0.5,0.8,0.6,0.8,0.9375,0.75,0.8,0.8
0.9,0.138037086895439,0.7,0.55,1,0.92,1,0.76,1,0.6,0.6,0.6,0.65,0.65,0.6,0.6,0.95,0.6,0.84,0.52,0.625,0.8,0.95,0.68,0.875,0.76,0.9,0.45,0.45,0.88,0.75,0.75,0.6,0.7,0.65,0.8,0.8,0.48,0.65,0.65,0.85,0.875,0.36,0.65,0.7,0.7,0.8,0.6,0.9375,0.7,0.84,0.8
0.9,0.125774252541801,0.65,0.55,1,0.92,1,0.72,1,0.55,0.65,0.7,0.65,0.75,0.55,0.65,0.95,0.6,0.84,0.76,0.6875,0.76,0.95,0.88,0.875,0.68,1,0.5,0.6,0.88,0.85,0.8,0.6,0.65,0.8,0.84,0.8,0.56,0.8,0.65,0.8,0.875,0.4,0.7,0.9,0.7,0.95,0.7,0.9375,0.75,0.84,0.76
0.9,0.114600814594353,0.7,0.55,0.95,0.92,1,0.72,0.95,0.6,0.65,0.75,0.65,0.8,0.6,0.75,0.95,0.6,0.84,0.76,0.6875,0.8,1,0.92,0.875,0.72,1,0.55,0.6,0.92,1,0.85,0.68,0.65,0.8,0.92,0.8,0.56,0.85,0.65,0.9,0.9375,0.52,0.7,0.9,0.8,1,0.7,0.8125,0.7,0.84,0.8
0.9,0.104419994078871,0.7,0.6,1,0.92,0.95,0.68,0.95,0.65,0.65,0.7,0.8,0.9,0.6,0.8,1,0.6,0.88,0.76,0.6875,0.8,1,0.88,0.8125,0.72,1,0.65,0.65,0.88,1,0.85,0.76,0.65,0.8,0.88,0.85,0.68,0.85,0.75,0.9,0.9375,0.68,0.7,0.95,0.7,1,0.75,0.8125,0.7,0.88,0.8
0.9,0.0951436095984673,0.75,0.6,1,0.92,0.95,0.76,0.95,0.65,0.7,0.8,0.8,0.9,0.6,0.8,1,0.6,0.96,0.88,0.6875,0.8,1,0.88,1,0.72,1,0.7,0.65,0.88,1,0.85,0.8,0.7,0.8,0.88,0.9,0.68,0.85,0.75,0.9,0.875,0.72,0.7,1,0.85,1,0.7,0.8125,0.7,0.88,0.8
0.9,0.0866913135485156,0.75,0.6,1,0.92,0.95,0.84,0.95,0.65,0.7,0.85,0.8,0.9,0.65,0.85,1,0.65,0.92,0.96,0.6875,0.84,1,0.96,1,0.76,1,0.8,0.7,0.88,0.95,0.85,0.88,0.7,0.8,0.88,0.95,0.68,0.85,0.75,0.9,0.875,0.72,0.7,1,0.85,1,0.7,0.8125,0.7,0.88,0.84
0.9,0.0789898961841375,0.75,0.6,1,0.92,0.95,0.84,1,0.65,0.7,0.85,0.8,0.9,0.7,0.85,1,0.8,0.92,0.96,0.6875,0.84,1,1,1,0.72,1,0.8,0.7,0.92,0.95,0.85,0.92,0.75,0.8,0.92,0.95,0.68,0.85,0.75,0.9,0.875,0.76,0.7,1,0.85,1,0.8,0.75,0.8,0.88,0.88
0.9,0.0719726515124151,0.75,0.55,1,0.92,0.95,0.84,1,0.65,0.7,0.9,0.8,0.9,0.85,0.85,1,0.8,0.92,0.96,0.6875,0.84,1,1,1,0.72,1,0.8,0.75,0.88,0.95,0.85,0.88,0.75,0.85,0.92,0.95,0.68,0.85,0.75,0.9,0.875,0.76,0.7,1,0.85,1,0.8,0.75,0.7,0.88,0.88
0.9,0.0655787995169918,0.75,0.6,1,0.92,0.95,0.88,1,0.65,0.7,0.9,0.85,0.9,0.85,0.85,1,0.85,0.92,0.96,0.6875,0.84,1,1,1,0.76,1,0.8,0.8,0.84,0.95,0.85,0.88,0.75,0.8,0.92,0.95,0.68,0.85,0.75,0.9,0.875,0.76,0.65,1,0.9,1,0.8,0.75,0.75,0.88,0.88
0.9,0.0597529597106473,0.75,0.6,1,0.92,0.95,0.92,1,0.65,0.7,0.9,0.85,0.9,0.85,0.9,1,0.9,0.88,0.92,0.6875,0.84,1,1,1,0.76,1,0.8,0.8,0.84,0.95,0.85,0.88,0.75,0.8,0.92,0.95,0.68,0.85,0.8,0.9,0.875,0.76,0.65,1,0.9,1,0.8,0.75,0.8,0.88,0.92
0.9,0.0544446714560112,0.8,0.6,1,0.92,0.95,0.96,1,0.65,0.7,0.9,0.95,0.9,0.85,0.9,1,0.9,0.88,0.92,0.6875,0.84,1,1,1,0.76,1,0.8,0.85,0.84,0.95,0.85,0.88,0.85,0.8,0.92,0.95,0.72,0.85,0.8,0.9,0.875,0.8,0.65,1,0.95,1,0.8,0.75,0.8,0.88,0.92
0.9,0.0496079568996615,0.8,0.6,1,0.92,0.9,0.96,1,0.7,0.7,0.9,0.95,0.9,0.85,0.95,1,0.9,0.84,0.96,0.75,0.84,1,1,1,0.8,1,0.8,0.85,0.8,0.95,0.85,0.88,0.85,0.8,0.92,0.95,0.72,0.85,0.8,0.9,0.875,0.8,0.65,1,1,1,0.8,0.75,0.8,0.88,0.96
0.9,0.045200922733954,0.8,0.6,1,0.92,0.9,0.96,1,0.75,0.7,0.9,0.95,0.9,0.85,0.95,1,0.9,0.84,0.96,0.75,0.84,1,1,1,0.8,0.95,0.8,0.85,0.8,0.95,0.85,0.88,0.85,0.8,0.92,0.95,0.72,0.85,0.8,0.9,0.875,0.84,0.6,1,1,1,0.8,0.75,0.85,0.88,0.96
0.9,0.0411853973372328,0.8,0.6,1,0.92,0.85,0.96,1,0.75,0.75,0.9,0.95,0.9,0.85,0.95,1,0.9,0.84,0.96,0.75,0.84,1,1,1,0.8,0.95,0.85,0.9,0.84,0.95,0.85,0.88,0.9,0.8,0.92,1,0.72,0.85,0.8,0.9,0.875,0.84,0.6,1,1,1,0.8,0.75,0.85,0.88,0.96
0.9,0.0375266001495045,0.85,0.6,1,0.92,0.85,0.96,1,0.75,0.8,0.9,0.95,0.9,0.85,0.95,1,0.95,0.84,0.96,0.75,0.84,1,1,1,0.8,0.95,0.85,0.9,0.84,0.95,0.85,0.88,0.9,0.8,0.92,1,0.76,0.85,0.8,0.9,0.875,0.88,0.6,1,1,1,0.8,0.75,0.85,0.88,0.88
0.9,0.0341928404198665,0.85,0.65,1,0.92,0.85,0.96,1,0.75,0.8,0.9,0.95,0.9,0.85,0.95,1,0.95,0.84,0.96,0.8125,0.84,1,1,1,0.8,0.95,0.9,0.9,0.84,0.95,0.85,0.88,0.9,0.8,0.96,1,0.76,0.85,0.8,0.9,0.875,0.88,0.6,1,1,1,0.85,0.75,0.9,0.88,0.88
0.9,0.0311552427163826,0.85,0.65,1,0.92,0.85,0.96,1,0.8,0.8,0.95,1,0.9,0.85,0.9,1,0.95,0.84,0.96,0.8125,0.84,0.95,1,1,0.8,0.95,0.9,0.9,0.84,0.95,0.85,0.88,0.9,0.8,0.96,1,0.76,0.85,0.8,0.9,0.875,0.88,0.6,1,1,1,0.85,0.75,0.95,0.92,0.88
0.9,0.0283874968209062,0.85,0.7,1,0.92,0.85,0.96,1,0.85,0.8,0.95,1,0.9,0.9,0.9,1,0.95,0.84,0.96,0.8125,0.84,0.9,1,1,0.8,1,0.9,0.9,0.84,0.95,0.85,0.88,0.95,0.8,0.96,1,0.76,0.85,0.85,0.9,0.875,0.92,0.6,1,1,1,0.85,0.75,0.95,0.92,0.88
0.9,0.0258656298425566,0.85,0.7,1,0.92,0.85,0.96,1,0.85,0.8,0.95,1,0.9,0.95,0.9,1,0.95,0.84,0.96,0.8125,0.84,0.85,1,1,0.84,1,0.9,0.9,0.84,0.95,0.85,0.88,0.95,0.8,0.96,1,0.8,0.85,0.9,0.9,0.875,0.92,0.65,1,1,1,0.85,0.75,1,0.92,0.88
0.9,0.0235677985760069,0.85,0.7,1,0.92,0.85,0.96,1,0.9,0.8,0.95,1,0.9,0.95,0.9,1,0.95,0.84,0.96,0.8125,0.88,0.85,1,1,0.84,1,0.9,0.9,0.84,0.95,0.85,0.84,0.95,0.85,0.96,1,0.84,0.85,0.9,0.9,0.875,0.92,0.65,1,1,1,0.85,0.75,1,0.92,0.88
0.9,0.0214741003060892,0.9,0.7,1,0.92,0.85,1,1,0.9,0.8,0.95,1,0.95,0.95,0.9,1,0.95,0.84,0.96,0.8125,0.88,0.85,1,1,0.84,1,0.95,0.9,0.84,0.95,0.85,0.84,0.95,0.9,0.96,1,0.84,0.85,0.9,0.9,0.875,0.92,0.65,1,1,1,0.85,0.75,1,0.92,0.88
0.9,0.0195664004199967,0.9,0.7,1,0.92,0.85,1,1,0.95,0.8,0.85,1,0.95,0.95,0.9,1,0.95,0.84,0.96,0.875,0.88,0.85,1,1,0.84,1,1,0.95,0.88,0.95,0.85,0.84,0.95,0.9,0.96,1,0.92,0.85,0.9,0.9,0.875,0.96,0.65,1,1,1,0.9,0.75,1,0.92,0.84
0.9,0.0178281753339434,0.9,0.7,1,0.88,0.95,1,1,1,0.8,0.85,1,0.95,0.9,0.9,1,1,0.88,0.96,0.875,0.88,0.85,1,1,0.84,1,1,0.95,0.84,0.95,0.85,0.84,0.95,0.95,0.96,1,0.92,0.85,0.9,0.9,0.875,0.96,0.65,1,1,1,0.9,0.8125,1,0.92,0.84
0.9,0.0162443693737861,0.95,0.7,1,0.88,0.95,1,1,1,0.8,0.85,1,0.95,0.9,0.9,1,1,0.92,0.96,0.875,0.88,0.85,1,1,0.84,1,1,1,0.84,0.95,0.85,0.84,0.95,1,0.96,1,0.92,0.85,0.9,0.9,0.875,0.96,0.65,1,1,1,0.9,0.8125,1,0.92,0.84
0.9,0.014801264369977,0.95,0.7,1,0.88,0.95,1,1,1,0.85,0.85,1,0.95,0.9,0.9,1,1,0.92,0.96,0.875,0.88,0.85,1,1,0.84,1,1,1,0.88,0.95,0.85,0.84,0.95,1,0.96,1,0.92,0.85,0.9,0.95,0.9375,1,0.65,1,1,1,0.9,0.8125,1,0.92,0.84
0.9,0.0134863608373422,0.95,0.7,1,0.92,0.95,1,1,1,0.85,0.85,1,0.95,0.9,0.9,1,1,0.92,0.92,0.9375,0.88,0.85,1,1,0.84,1,1,1,0.88,0.95,0.85,0.84,0.95,1,0.96,1,0.96,0.9,0.9,0.95,0.9375,1,0.65,1,1,1,0.9,0.8125,1,0.92,0.84
0.9,0.0122882697105207,0.95,0.7,1,0.92,1,1,1,1,0.85,0.85,1,0.95,0.9,0.9,1,1,0.92,0.92,0.9375,0.88,0.85,1,1,0.84,1,1,1,0.88,0.95,0.85,0.84,0.95,1,0.96,1,0.96,0.9,0.9,0.95,0.9375,1,0.65,1,1,1,0.9,0.8125,1,0.92,0.84
0.9,0.0111966136973286,0.95,0.7,1,0.92,1,1,1,1,0.85,0.85,1,0.95,0.9,0.9,1,1,0.92,0.92,0.9375,0.88,0.85,1,1,0.84,1,1,1,0.88,0.95,0.85,0.84,0.95,1,0.96,1,0.96,0.9,0.9,0.95,0.9375,1,0.65,1,1,1,0.9,0.8125,1,0.92,0.84
0.9,0.0102019373956183,0.95,0.75,1,0.92,1,1,1,1,0.85,0.8,1,0.95,0.9,0.9,1,1,0.92,0.92,0.9375,0.88,0.85,1,1,0.8,1,1,1,0.92,0.95,0.85,0.84,0.95,1,0.96,1,1,0.95,0.9,0.95,0.9375,1,0.7,1,1,1,0.95,0.8125,1,0.92,0.84
0.9,0.00929562539510927,0.95,0.75,1,0.92,1,1,1,1,0.9,0.8,1,0.95,0.9,0.9,1,1,0.92,0.92,0.9375,0.88,0.85,1,1,0.8,1,1,1,0.92,0.95,0.8,0.84,0.95,1,0.96,1,1,0.95,0.9,0.95,0.9375,1,0.7,1,1,1,0.95,0.8125,1,0.92,0.84
0.9,0.00846982765482489,0.95,0.75,1,0.92,1,1,1,1,0.9,0.8,1,0.95,0.9,0.95,1,1,0.92,0.92,0.9375,0.88,0.85,1,1,0.8,1,1,1,0.92,0.95,0.8,0.84,0.95,1,0.96,1,1,0.95,0.9,0.95,0.9375,1,0.75,1,1,1,0.95,0.8125,1,0.92,0.84
0.9,0.00771739150979344,0.95,0.75,1,0.92,1,1,1,1,0.95,0.8,1,0.95,0.85,0.95,1,1,0.96,0.92,0.9375,0.88,0.8,1,1,0.84,1,1,1,0.92,0.95,0.8,0.84,0.95,1,0.96,1,1,0.95,0.9,0.95,0.9375,1,0.8,1,1,1,0.95,0.8125,1,0.92,0.84
0.9,0.00703179971808567,0.95,0.75,1,0.92,1,1,1,1,0.95,0.8,1,0.95,0.85,0.95,1,1,0.96,0.92,0.9375,0.88,0.8,1,1,0.84,1,1,1,0.92,0.95,0.8,0.84,0.95,1,0.96,1,1,0.95,0.9,0.95,0.9375,1,0.8,1,1,1,0.95,0.8125,1,0.92,0.84
0.9,0.00640711401158306,0.95,0.75,1,0.92,1,1,1,1,0.95,0.8,1,0.95,0.85,0.95,1,1,0.92,0.92,0.9375,0.88,0.8,1,1,0.84,1,1,1,0.88,0.95,0.8,0.84,0.95,1,0.96,1,1,0.95,0.9,0.9,0.9375,1,0.85,1,1,1,0.95,0.8125,1,0.92,0.8
0.9,0.00583792366154019,0.95,0.75,1,0.92,1,1,1,1,0.95,0.8,1,0.95,0.85,0.95,1,1,0.92,0.92,0.9375,0.92,0.8,1,1,0.84,1,1,1,0.88,1,0.8,0.84,0.95,1,0.96,1,1,0.95,0.9,0.9,0.9375,1,0.85,1,1,1,0.95,0.8125,1,0.92,0.8
0.9,0.00531929861344079,0.95,0.75,1,0.96,1,1,1,1,0.95,0.8,1,0.95,0.85,0.85,1,1,0.92,0.92,0.9375,0.92,0.8,1,1,0.84,1,1,1,0.88,1,0.85,0.84,0.95,1,0.96,1,1,0.95,0.9,0.9,0.9375,1,0.85,1,1,1,0.95,0.8125,1,0.92,0.8
0.9,0.00484674678522401,0.95,0.75,1,0.96,1,1,1,1,0.95,0.8,1,0.95,0.9,0.85,1,1,0.96,0.92,0.9375,0.92,0.75,1,1,0.84,1,1,1,0.88,1,0.85,0.84,0.95,1,0.96,1,1,0.95,0.9,0.9,0.9375,1,0.85,1,1,1,0.95,0.8125,1,0.92,0.8
0.9,0.00441617515901859,0.95,0.75,1,0.96,1,1,1,1,0.95,0.8,1,0.95,0.9,0.85,1,1,0.96,0.92,0.9375,0.92,0.75,1,1,0.84,1,1,1,0.88,1,0.85,0.84,0.95,1,0.96,1,1,0.95,0.9,0.9,0.9375,1,0.9,1,1,1,0.95,0.8125,1,0.92,0.8
0.9,0.00402385432938014,0.95,0.75,1,0.96,1,1,1,1,0.95,0.8,1,0.95,0.9,0.85,1,1,0.96,0.92,0.9375,0.88,0.75,1,1,0.84,1,1,1,0.88,1,0.85,0.84,0.95,1,0.96,1,1,0.95,0.9,0.9,0.9375,1,0.9,1,1,1,0.95,0.8125,1,0.92,0.8
0.9,0.00366638620096525,0.95,0.7,1,0.96,1,1,1,1,0.95,0.8,1,0.95,0.9,0.85,1,1,0.96,0.92,0.9375,0.88,0.75,1,1,0.84,1,1,1,0.88,1,0.85,0.84,0.95,1,0.96,1,1,0.95,0.9,0.95,0.9375,1,0.9,1,1,1,0.95,0.8125,1,0.92,0.8
0.9,0.0033406745558553,0.95,0.7,1,0.96,1,1,1,1,0.95,0.8,1,0.95,0.9,0.85,1,1,0.96,0.92,0.9375,0.88,0.75,1,1,0.84,0.95,1,1,0.88,1,0.85,0.8,0.95,1,0.96,1,1,0.95,0.95,0.95,0.9375,1,0.95,1,1,1,0.95,0.8125,1,0.92,0.8
0.9,0.003043898235598,0.95,0.7,1,0.96,1,1,1,1,0.95,0.8,1,0.95,0.9,0.85,1,1,0.96,0.92,0.9375,0.92,0.75,1,1,0.84,0.95,1,1,0.88,1,0.85,0.8,0.95,1,0.96,1,1,0.95,0.95,0.95,0.9375,1,0.9,1,1,1,0.95,0.8125,1,0.92,0.8
0.9,0.00277348670568255,0.95,0.7,1,0.96,1,1,1,1,0.9,0.8,1,0.95,0.9,0.85,1,1,0.96,0.92,0.9375,0.92,0.75,1,1,0.84,0.9,1,1,0.88,1,0.85,0.8,0.95,1,0.96,1,1,0.95,0.95,0.95,0.9375,1,0.9,1,1,1,0.95,0.8125,1,0.92,0.8
0.9,0.00252709779079938,0.95,0.65,1,0.96,1,1,1,1,0.9,0.8,1,0.95,0.9,0.85,1,1,0.96,0.88,0.9375,0.92,0.7,1,1,0.84,0.9,1,1,0.88,1,0.85,0.8,0.95,1,0.96,1,1,0.95,0.95,0.95,0.9375,1,0.9,1,1,1,0.95,0.8125,1,0.92,0.8
0.9,0.00230259738803813,0.95,0.65,1,0.92,1,1,1,1,0.9,0.8,1,0.95,0.9,0.9,1,1,0.96,0.88,0.9375,0.92,0.7,1,1,0.84,0.9,1,1,0.88,1,0.85,0.8,0.95,1,0.96,1,1,0.95,0.95,0.95,0.9375,1,0.9,1,1,1,0.95,0.8125,1,0.92,0.8
0.9,0.00209804098230915,0.95,0.65,1,0.92,1,1,1,1,0.9,0.8,1,0.95,0.9,0.95,1,1,0.96,0.88,0.9375,0.92,0.7,1,1,0.84,0.9,1,1,0.88,1,0.85,0.8,0.95,1,0.96,1,1,0.95,0.9,0.95,0.9375,1,0.9,1,1,1,0.95,0.8125,1,0.92,0.8
0.9,0.00191165680388405,0.95,0.65,1,0.92,1,1,1,1,0.9,0.8,1,0.95,0.9,0.95,1,1,0.96,0.88,0.9375,0.92,0.7,1,1,0.84,0.9,1,1,0.88,1,0.85,0.8,0.95,1,0.96,1,1,0.95,0.9,0.95,0.9375,1,0.9,0.95,1,1,0.95,0.8125,1,0.92,0.8
0.9,0.00174183048217392,0.95,0.65,1,0.92,1,1,1,1,0.9,0.8,1,0.95,0.9,0.95,1,1,0.96,0.88,0.9375,0.92,0.7,1,1,0.84,0.9,1,1,0.88,1,0.85,0.8,0.95,1,0.96,1,1,0.95,0.9,0.95,0.875,1,0.9,0.95,1,1,0.95,0.8125,1,0.96,0.8
0.9,0.00158709106282356,0.95,0.65,1,0.92,1,1,1,1,0.9,0.8,1,0.95,0.85,0.95,1,1,0.96,0.88,0.9375,0.92,0.7,1,1,0.84,0.9,1,1,0.88,1,0.85,0.8,0.95,1,0.96,0.95,1,0.95,0.9,0.95,0.875,1,0.9,0.95,1,1,0.95,0.8125,1,0.96,0.8
0.9,0.00144609826700858,0.95,0.65,1,0.92,1,1,1,1,0.9,0.8,1,0.9,0.85,0.95,1,1,0.96,0.88,0.9375,0.92,0.7,1,1,0.84,0.9,1,1,0.88,1,0.85,0.8,0.95,1,0.96,0.95,1,0.95,0.9,0.95,0.875,1,0.9,0.95,1,1,0.95,0.8125,1,0.96,0.8
0.9,0.00131763088258137,0.95,0.65,1,0.92,1,1,1,1,0.95,0.8,1,0.85,0.85,0.95,1,1,0.96,0.88,0.9375,0.92,0.7,1,1,0.84,0.9,1,1,0.88,1,0.85,0.8,0.95,1,0.96,0.95,1,0.95,0.95,0.95,0.875,1,0.9,0.95,1,1,0.95,0.8125,1,0.96,0.8
0.9,0.00120057618651572,0.95,0.65,1,0.92,1,1,1,1,0.95,0.75,1,0.85,0.85,0.95,1,1,0.96,0.88,0.9375,0.88,0.7,1,1,0.84,0.95,1,1,0.88,1,0.85,0.8,0.95,1,0.96,0.95,1,0.95,0.95,0.95,0.8125,1,0.9,0.95,1,1,0.95,0.8125,1,0.96,0.8
0.9,0.00109392030703229,0.95,0.65,1,0.92,1,1,1,1,0.95,0.75,1,0.85,0.85,0.95,1,1,0.96,0.88,0.9375,0.88,0.7,1,1,0.8,0.95,1,1,0.88,1,0.9,0.8,0.95,1,0.96,0.95,1,0.95,0.95,0.95,0.8125,1,0.9,0.95,1,1,0.95,0.8125,1,0.96,0.76
0.9,0.000996739441926243,0.95,0.65,1,0.88,1,1,1,1,0.95,0.75,1,0.85,0.8,0.95,1,1,0.96,0.88,0.9375,0.88,0.7,1,1,0.8,0.95,1,1,0.88,1,0.9,0.8,0.95,1,0.96,0.95,1,0.95,0.95,0.95,0.8125,1,0.9,0.95,1,1,0.95,0.8125,1,0.96,0.76
0.9,0.00090819185703453,0.95,0.65,1,0.88,1,1,1,1,0.95,0.75,1,0.85,0.8,0.95,1,1,0.96,0.88,0.9375,0.88,0.7,1,1,0.8,0.95,1,1,0.88,1,0.9,0.8,0.95,1,0.96,0.95,1,0.95,0.95,0.95,0.8125,1,0.9,0.95,1,1,0.95,0.8125,1,0.96,0.76
0.9,0.000827510595537227,0.95,0.65,1,0.88,1,1,1,1,0.95,0.75,1,0.85,0.8,0.95,1,1,0.96,0.88,0.9375,0.88,0.7,1,1,0.8,0.95,1,1,0.92,1,0.9,0.8,0.95,1,0.96,0.95,1,0.95,0.95,0.95,0.8125,1,0.9,0.95,1,1,0.95,0.8125,1,0.96,0.72
0.9,0.00075399683494447,0.95,0.65,1,0.88,1,1,1,1,0.95,0.75,1,0.85,0.8,0.95,1,1,0.96,0.88,0.9375,0.88,0.7,1,1,0.8,0.95,1,1,0.92,1,0.9,0.8,0.95,1,0.96,0.95,1,0.95,0.95,0.95,0.8125,1,0.95,0.95,1,1,0.95,0.8125,1,0.96,0.72
0.9,0.000687013834230359,0.95,0.65,1,0.88,1,1,1,1,0.95,0.75,1,0.85,0.8,0.95,1,1,0.96,0.88,0.9375,0.88,0.7,1,1,0.8,0.95,1,1,0.92,1,0.9,0.8,0.95,1,0.96,0.95,1,0.95,0.95,0.95,0.8125,1,0.95,0.95,1,1,0.95,0.8125,1,0.96,0.72
0.9,0.000625981418686803,0.95,0.65,1,0.88,1,1,1,1,0.95,0.75,1,0.85,0.8,0.95,1,1,0.96,0.88,0.9375,0.88,0.7,1,1,0.8,0.95,1,1,0.92,1,0.9,0.8,0.95,1,0.96,0.95,1,0.95,0.95,0.95,0.8125,1,0.95,0.95,1,1,0.95,0.8125,1,0.96,0.72
0.9,0.000570370954727752,0.95,0.65,1,0.88,1,1,1,1,0.95,0.75,1,0.85,0.8,0.95,1,1,0.96,0.88,0.9375,0.88,0.7,1,1,0.8,0.95,1,1,0.92,1,0.9,0.8,0.95,1,0.96,0.95,1,0.95,0.95,0.95,0.8125,1,0.95,0.95,1,0.95,0.95,0.8125,1,0.96,0.72
0.9,0.000519700771117961,0.95,0.65,1,0.88,1,1,1,1,0.95,0.75,1,0.85,0.8,0.95,1,1,0.96,0.88,0.9375,0.88,0.7,1,1,0.8,0.95,1,1,0.92,1,0.9,0.8,0.95,1,0.96,0.95,1,0.9,0.95,0.95,0.8125,1,0.95,0.95,1,0.95,0.95,0.8125,1,0.96,0.72
0.9,0.000473531986967187,0.95,0.65,1,0.84,1,1,1,1,0.95,0.75,1,0.85,0.8,0.9,1,1,0.96,0.88,0.9375,0.88,0.65,1,1,0.8,1,1,1,0.92,1,0.9,0.8,0.95,1,0.96,0.95,1,0.9,0.95,0.95,0.8125,1,0.95,0.95,1,0.95,0.95,0.8125,1,0.96,0.72
0.9,0.000431464710353866,0.95,0.65,1,0.84,1,1,1,1,0.95,0.75,1,0.85,0.8,0.9,1,1,0.96,0.88,0.9375,0.88,0.65,1,1,0.8,1,1,1,0.92,1,0.9,0.8,0.95,1,0.96,0.95,1,0.9,0.95,0.95,0.8125,1,0.95,0.95,1,0.95,0.95,0.8125,1,1,0.72
0.9,0.000393134574652599,0.95,0.65,1,0.84,1,1,1,1,0.95,0.75,1,0.85,0.75,0.9,0.95,1,0.96,0.88,0.9375,0.88,0.65,1,1,0.8,1,1,1,0.92,1,0.9,0.76,0.95,1,0.96,0.95,1,0.9,0.95,0.95,0.8125,1,0.95,0.95,1,0.95,0.95,0.8125,1,1,0.72
0.9,0.000358209582564753,0.95,0.65,1,0.84,1,1,1,1,0.95,0.75,1,0.85,0.75,0.9,0.95,1,0.96,0.88,0.9375,0.88,0.65,1,1,0.8,1,1,1,0.92,1,0.9,0.76,0.95,1,0.96,0.9,1,0.9,0.95,0.95,0.8125,1,0.95,0.95,1,0.95,0.95,0.8125,1,1,0.72
0.9,0.000326387230516679,0.95,0.65,1,0.8,1,1,1,1,0.95,0.75,1,0.85,0.75,0.9,0.95,1,0.96,0.88,0.9375,0.88,0.65,1,1,0.8,1,1,1,0.92,1,0.9,0.76,0.95,1,0.96,0.9,1,0.9,0.95,0.95,0.8125,1,0.95,0.95,1,0.95,0.95,0.8125,1,1,0.72
0.9,0.000297391888518479,0.95,0.65,1,0.8,1,1,1,1,0.95,0.75,1,0.85,0.75,0.9,0.95,1,0.96,0.88,0.9375,0.88,0.65,1,1,0.8,1,1,1,0.92,1,0.9,0.76,0.95,1,0.96,0.9,1,0.9,0.95,0.95,0.8125,1,0.95,0.95,1,0.95,0.95,0.8125,1,1,0.72
0.9,0.000270972412788888,0.95,0.65,1,0.8,1,1,1,1,0.95,0.75,1,0.85,0.75,0.9,0.95,1,0.96,0.88,0.9375,0.88,0.65,1,1,0.8,1,1,1,0.92,1,0.9,0.76,0.95,1,0.96,0.9,1,0.9,0.95,0.95,0.8125,0.96,0.95,0.95,1,0.95,0.95,0.8125,1,1,0.72
0.9,0.000246899970467987,0.95,0.65,1,0.8,1,1,1,1,0.95,0.75,1,0.85,0.75,0.9,0.95,1,0.96,0.88,0.9375,0.88,0.65,1,1,0.8,1,1,1,0.92,1,0.9,0.76,0.95,1,0.96,0.9,1,0.9,0.95,0.95,0.8125,0.96,0.95,0.95,1,0.95,0.95,0.8125,1,1,0.72
0.9,0.000224966057576444,0.95,0.65,1,0.8,1,1,1,1,0.95,0.75,1,0.85,0.75,0.9,0.95,1,0.96,0.88,0.9375,0.88,0.65,1,1,0.8,1,1,1,0.92,1,0.9,0.76,0.95,1,0.96,0.9,1,0.9,0.95,0.95,0.8125,0.96,0.95,0.95,1,0.95,0.95,0.8125,1,1,0.72
0.9,0.000204980693053788,0.95,0.65,1,0.8,1,1,1,1,0.95,0.75,0.95,0.85,0.75,0.9,0.95,1,0.92,0.88,0.9375,0.88,0.65,1,1,0.8,1,1,1,0.92,1,0.9,0.76,0.95,1,0.96,0.9,1,0.9,0.95,0.95,0.8125,0.96,0.95,0.95,1,0.95,0.95,0.8125,1,1,0.72
0.9,0.000186770773233353,0.95,0.65,1,0.8,1,1,1,1,0.95,0.75,0.95,0.85,0.75,0.9,0.95,1,0.92,0.88,0.9375,0.88,0.65,1,1,0.8,1,1,1,0.92,1,0.9,0.76,0.95,1,0.96,0.9,1,0.9,0.95,0.95,0.8125,0.96,0.95,0.95,1,0.95,0.95,0.8125,1,1,0.72
0.9,0.000170178572501123,0.95,0.65,1,0.84,1,1,1,1,0.95,0.75,0.95,0.8,0.75,0.9,0.95,1,0.92,0.88,0.9375,0.88,0.65,1,1,0.76,1,1,1,0.92,1,0.9,0.76,0.95,1,0.96,0.9,1,0.9,0.95,0.95,0.8125,0.96,0.95,0.95,1,0.95,0.95,0.8125,1,1,0.72
0.9,0.000155060377151923,0.95,0.65,1,0.84,1,1,1,1,0.95,0.75,0.95,0.8,0.75,0.9,0.95,1,0.92,0.88,0.9375,0.88,0.65,1,1,0.76,1,1,1,0.92,1,0.9,0.76,0.95,1,0.96,0.9,1,0.9,0.95,0.95,0.8125,0.96,0.95,0.95,1,0.95,0.95,0.8125,1,1,0.72
0.9,0.000141285240610053,0.95,0.65,1,0.84,1,1,1,1,0.95,0.75,0.95,0.8,0.75,0.9,0.95,1,0.92,0.88,0.9375,0.88,0.65,1,1,0.76,1,1,1,0.92,1,0.9,0.76,0.95,1,0.96,0.9,1,0.9,0.95,0.95,0.8125,0.96,0.95,0.95,1,0.95,0.95,0.8125,1,1,0.72
0.9,0.000128733849232696,0.95,0.65,1,0.8,1,1,1,1,0.95,0.75,0.95,0.8,0.75,0.9,0.95,1,0.92,0.88,0.9375,0.88,0.65,1,1,0.76,1,1,1,0.92,1,0.9,0.76,0.95,1,0.96,0.9,1,0.9,0.95,0.95,0.8125,0.96,0.95,0.95,1,0.95,0.95,0.8125,1,1,0.72
0.9,0.000117297488872219,0.95,0.65,1,0.8,1,1,1,1,0.95,0.75,0.95,0.75,0.75,0.9,0.95,1,0.92,0.88,0.9375,0.88,0.65,1,1,0.76,1,1,1,0.92,1,0.9,0.76,0.95,1,0.96,0.9,1,0.9,0.95,0.95,0.8125,0.96,0.95,0.95,0.95,0.95,0.95,0.8125,1,1,0.72
0.9,0.000106877103246237,0.95,0.65,1,0.8,1,1,1,1,0.95,0.75,0.95,0.75,0.75,0.9,0.95,1,0.92,0.88,0.9375,0.88,0.65,1,1,0.76,1,1,1,0.92,1,0.9,0.76,0.95,1,0.96,0.9,1,0.9,0.95,0.95,0.8125,0.96,0.95,0.95,0.95,0.95,0.95,0.8125,1,1,0.72
0.9,0.0000973824359594812,0.95,0.65,1,0.8,1,1,1,1,0.95,0.75,0.95,0.75,0.75,0.85,0.95,1,0.92,0.88,0.9375,0.88,0.65,1,1,0.76,1,1,1,0.92,1,0.9,0.76,0.95,1,0.96,0.9,1,0.9,0.95,0.95,0.8125,0.96,0.95,0.95,0.95,0.9,1,0.8125,1,1,0.72
0.9,0.000088731248746081,0.95,0.65,1,0.8,1,1,1,1,0.95,0.75,0.95,0.75,0.75,0.85,0.95,1,0.92,0.88,0.9375,0.88,0.65,1,1,0.76,1,1,1,0.92,1,0.9,0.76,0.95,1,0.96,0.9,1,0.9,0.95,0.95,0.8125,0.96,0.95,0.95,0.95,0.9,1,0.8125,1,1,0.72
0.9,0.0000808486091610482,0.95,0.65,1,0.8,1,1,1,1,0.95,0.75,0.95,0.75,0.75,0.85,0.95,1,0.88,0.88,0.9375,0.88,0.65,1,1,0.72,1,1,1,0.92,1,0.9,0.76,0.95,1,0.96,0.9,1,0.9,0.95,0.95,0.8125,0.96,0.95,0.95,0.95,0.9,1,0.8125,1,1,0.72
0.9,0.0000736662415512847,0.95,0.65,1,0.8,1,1,1,1,0.95,0.75,0.95,0.75,0.75,0.85,0.95,1,0.88,0.88,0.9375,0.88,0.65,1,1,0.72,1,1,1,0.92,1,0.9,0.76,0.95,1,0.96,0.9,1,0.9,0.95,0.95,0.8125,0.96,0.95,0.95,0.95,0.9,1,0.8125,1,1,0.72
0.9,0.0000671219356845379,0.95,0.65,1,0.8,1,1,1,1,0.95,0.75,0.95,0.75,0.75,0.85,0.95,1,0.88,0.88,0.9375,0.88,0.65,1,1,0.72,1,1,1,0.92,1,0.9,0.76,0.95,1,0.96,0.9,1,0.9,0.95,0.95,0.8125,0.96,0.95,0.95,0.95,0.9,1,0.8125,1,1,0.72
0.9,0.0000611590079141302,0.95,0.65,1,0.76,1,1,1,1,0.95,0.75,0.95,0.75,0.75,0.85,0.95,1,0.88,0.88,0.9375,0.88,0.65,1,1,0.72,1,1,1,0.92,0.95,0.9,0.76,0.95,1,0.96,0.9,1,0.9,0.95,0.95,0.8125,0.96,0.95,0.95,0.95,0.9,1,0.8125,1,1,0.72
0.9,0.0000557258102123279,0.95,0.65,1,0.76,1,1,1,1,0.95,0.75,0.95,0.75,0.75,0.85,0.95,1,0.88,0.88,0.9375,0.88,0.65,1,1,0.72,1,1,1,0.92,0.95,0.9,0.76,0.95,1,0.96,0.9,0.96,0.9,0.95,0.95,0.8125,0.96,0.95,0.95,0.95,0.9,1,0.8125,1,1,0.72
0.9,0.0000507752828198334,0.95,0.65,1,0.76,1,1,1,1,0.95,0.75,0.95,0.75,0.75,0.85,0.95,1,0.88,0.88,0.9375,0.88,0.65,1,1,0.68,1,1,1,0.92,0.95,0.9,0.76,0.95,1,0.96,0.9,0.96,0.9,0.95,0.95,0.8125,0.96,0.95,0.95,0.9,0.9,1,0.8125,1,1,0.72
0.9,0.0000462645466366628,0.95,0.65,1,0.72,1,1,1,1,0.95,0.75,0.95,0.75,0.75,0.9,0.95,1,0.88,0.88,0.9375,0.88,0.65,1,1,0.64,1,1,1,0.92,0.95,0.9,0.76,0.95,1,0.96,0.9,0.96,0.9,0.95,0.95,0.8125,0.96,0.95,0.95,0.9,0.9,1,0.75,1,1,0.72
0.9,0.0000421545318238953,0.95,0.65,1,0.72,1,1,1,1,0.95,0.75,0.95,0.75,0.75,0.9,0.95,1,0.88,0.88,0.875,0.88,0.65,1,1,0.68,1,1,1,0.92,0.95,0.9,0.76,0.95,1,0.92,0.9,0.92,0.9,0.95,0.95,0.8125,0.96,0.95,0.95,0.9,0.9,1,0.75,1,1,0.72
0.9,0.0000384096393994185,0.95,0.65,1,0.72,1,1,1,1,0.95,0.75,0.95,0.75,0.75,0.9,0.95,1,0.88,0.88,0.875,0.88,0.65,1,1,0.64,1,1,1,0.92,0.95,0.9,0.76,0.95,1,0.92,0.9,0.92,0.9,0.95,0.95,0.8125,0.96,0.95,0.95,0.9,0.9,1,0.75,1,1,0.72
0.9,0.0000349974328965763,0.95,0.65,1,0.72,1,1,1,1,0.95,0.75,0.95,0.75,0.75,0.9,0.95,1,0.88,0.88,0.875,0.88,0.65,1,1,0.64,1,1,1,0.92,0.95,0.9,0.76,0.95,1,0.92,0.9,0.92,0.9,0.95,0.95,0.8125,0.96,0.95,0.95,0.9,0.9,1,0.75,1,1,0.72
0.9,0.0000318883574150113,0.95,0.65,1,0.72,1,1,1,1,0.95,0.75,0.95,0.75,0.75,0.9,0.95,1,0.88,0.88,0.875,0.88,0.65,1,1,0.64,1,1,1,0.92,0.95,0.9,0.76,0.95,1,0.92,0.9,0.92,0.9,0.95,0.95,0.8125,0.96,0.95,0.95,0.9,0.9,1,0.75,1,1,0.72
0.9,0.0000290554836302575,0.95,0.65,1,0.72,1,1,1,1,0.95,0.75,0.95,0.75,0.75,0.9,0.95,1,0.88,0.88,0.875,0.88,0.65,1,1,0.64,1,1,1,0.92,0.95,0.9,0.76,0.95,1,0.92,0.9,0.92,0.9,0.95,0.95,0.8125,0.96,0.95,0.95,0.9,0.9,1,0.75,1,1,0.72
0.9,0.0000264742745448139,0.95,0.65,1,0.72,1,1,1,1,0.95,0.75,0.95,0.75,0.75,0.9,0.95,1,0.88,0.88,0.875,0.88,0.65,1,1,0.64,1,1,1,0.92,0.95,0.9,0.76,0.95,1,0.92,0.9,0.92,0.9,0.95,0.95,0.8125,0.96,0.95,0.95,0.9,0.9,1,0.75,1,1,0.72
0.9,0.0000241223729604108,0.95,0.65,1,0.72,1,1,1,1,0.95,0.75,0.95,0.75,0.75,0.9,0.95,1,0.88,0.88,0.875,0.88,0.65,1,1,0.6,1,1,1,0.92,0.95,0.9,0.76,0.95,1,0.92,0.9,0.88,0.9,0.95,0.95,0.8125,0.96,0.95,0.95,0.9,0.9,1,0.75,1,1,0.72
0.9,0.0000219794078306536,0.95,0.65,1,0.72,1,0.96,1,1,0.95,0.75,0.95,0.75,0.75,0.9,0.95,1,0.88,0.88,0.875,0.88,0.65,1,1,0.6,1,1,1,0.92,0.95,0.9,0.76,0.95,1,0.92,0.9,0.88,0.9,0.95,0.95,0.8125,0.96,0.95,0.95,0.9,0.9,0.95,0.75,1,1,0.72
0.9,0.0000200268178167647,0.95,0.65,1,0.72,1,0.96,1,1,0.95,0.75,0.95,0.75,0.75,0.9,0.95,1,0.88,0.88,0.875,0.88,0.65,1,1,0.56,1,1,1,0.92,0.95,0.9,0.76,0.95,1,0.92,0.9,0.88,0.9,0.95,0.95,0.8125,0.96,0.95,0.95,0.9,0.9,0.95,0.75,1,1,0.72
0.9,0.0000182476905181461,0.95,0.65,1,0.72,1,0.96,1,1,0.95,0.75,0.95,0.75,0.75,0.9,0.95,1,0.88,0.88,0.875,0.88,0.65,1,1,0.56,1,1,1,0.92,0.95,0.825,0.76,0.95,1,0.92,0.9,0.88,0.9,0.95,0.95,0.8125,0.96,0.95,0.95,0.9,0.9,0.95,0.75,1,1,0.72
0.9,0.0000166266159852565,0.95,0.65,1,0.72,1,0.96,1,1,0.95,0.75,0.95,0.75,0.75,0.9,0.95,1,0.88,0.88,0.875,0.88,0.65,1,1,0.56,1,1,1,0.92,0.95,0.825,0.76,0.95,1,0.92,0.85,0.88,0.9,0.95,0.9,0.8125,0.96,0.95,0.95,0.9,0.9,0.95,0.75,1,1,0.72
1,0.149639543867309,0.25,0.4,0.875,0.4,1,0.48,0.625,0.55,0.45,0.55,0.55,0.8,0.75,0.4,0.525,0.525,0.4,0.28,0.5625,0.76,0.575,0.84,0.875,0.56,0.425,0.45,0.2,0.72,0.6,0.7,0.68,0.65,0.85,0.6,0.55,0.44,0.35,0.35,0.7,0.625,0.36,0.55,0.55,0.5,0.6,0.75,0.9375,0.75,0.64,0.6
1,0.136345979214002,0.55,0.45,0.95,0.8,1,0.72,1,0.55,0.45,0.6,0.65,0.6,0.65,0.55,0.8,0.6,0.8,0.28,0.5,0.8,0.575,0.72,0.8125,0.56,0.65,0.4,0.25,0.68,0.65,0.65,0.64,0.65,0.8,0.8,0.7,0.44,0.5,0.45,0.75,0.75,0.36,0.7,0.5,0.8,0.6,0.8,0.9375,0.75,0.8,0.8
1,0.124233378205895,0.7,0.55,1,0.92,1,0.76,1,0.55,0.6,0.6,0.65,0.65,0.6,0.6,0.95,0.6,0.84,0.52,0.625,0.8,0.95,0.68,0.875,0.76,0.9,0.45,0.45,0.88,0.75,0.75,0.6,0.7,0.65,0.8,0.8,0.48,0.65,0.65,0.85,0.875,0.36,0.65,0.7,0.7,0.8,0.65,0.9375,0.7,0.84,0.8
1,0.113196827287621,0.65,0.55,1,0.92,1,0.76,1,0.55,0.65,0.7,0.65,0.75,0.55,0.65,0.95,0.6,0.84,0.76,0.6875,0.76,0.95,0.88,0.875,0.68,1,0.5,0.6,0.88,0.85,0.8,0.6,0.65,0.8,0.84,0.8,0.56,0.8,0.65,0.85,0.875,0.4,0.7,0.9,0.7,0.95,0.7,0.9375,0.75,0.84,0.8
1,0.103140733134918,0.7,0.55,0.95,0.92,1,0.72,0.95,0.6,0.65,0.75,0.65,0.8,0.6,0.75,0.95,0.6,0.84,0.76,0.6875,0.8,1,0.92,0.875,0.72,1,0.55,0.6,0.92,1,0.85,0.68,0.65,0.8,0.92,0.8,0.6,0.85,0.65,0.9,0.9375,0.52,0.7,0.9,0.8,1,0.75,0.8125,0.7,0.84,0.8
1,0.093977994670984,0.75,0.55,1,0.92,0.95,0.68,0.95,0.65,0.65,0.75,0.75,0.9,0.6,0.8,1,0.6,0.88,0.76,0.6875,0.8,1,0.88,0.8125,0.72,1,0.65,0.65,0.88,1,0.85,0.76,0.65,0.8,0.88,0.85,0.68,0.85,0.75,0.9,0.9375,0.68,0.7,0.95,0.7,1,0.75,0.8125,0.7,0.88,0.8
1,0.0856292486386206,0.75,0.6,1,0.92,0.95,0.76,0.95,0.65,0.7,0.8,0.8,0.9,0.6,0.8,1,0.6,0.96,0.8,0.6875,0.8,1,0.88,0.9375,0.72,1,0.7,0.65,0.88,1,0.85,0.8,0.7,0.8,0.88,0.9,0.76,0.85,0.75,0.9,0.875,0.72,0.7,1,0.85,1,0.75,0.8125,0.7,0.88,0.8
1,0.078022182193664,0.75,0.6,1,0.92,0.95,0.84,0.95,0.65,0.7,0.85,0.8,0.9,0.65,0.85,1,0.7,0.92,0.96,0.6875,0.84,1,0.96,1,0.76,1,0.8,0.65,0.92,0.95,0.85,0.88,0.7,0.8,0.88,0.95,0.72,0.85,0.75,0.9,0.875,0.72,0.7,1,0.85,1,0.75,0.75,0.7,0.88,0.84
1,0.0710909065657238,0.75,0.6,1,0.92,0.95,0.84,1,0.65,0.7,0.85,0.8,0.9,0.7,0.85,1,0.8,0.92,0.96,0.6875,0.84,1,1,1,0.72,1,0.8,0.7,0.92,0.95,0.85,0.92,0.75,0.8,0.92,0.95,0.72,0.85,0.75,0.9,0.875,0.76,0.7,1,0.85,1,0.75,0.75,0.75,0.88,0.84
1,0.0647753863611736,0.75,0.55,1,0.92,0.95,0.88,1,0.65,0.7,0.9,0.8,0.9,0.85,0.85,1,0.85,0.92,0.96,0.6875,0.84,1,1,1,0.72,1,0.8,0.75,0.88,0.95,0.85,0.88,0.75,0.8,0.92,0.95,0.72,0.85,0.75,0.9,0.875,0.76,0.7,1,0.9,1,0.8,0.75,0.7,0.88,0.88
1,0.0590209195652926,0.75,0.6,1,0.92,0.95,0.88,1,0.65,0.7,0.9,0.85,0.9,0.85,0.85,1,0.85,0.92,0.96,0.6875,0.84,1,1,1,0.72,1,0.8,0.8,0.88,0.95,0.85,0.88,0.75,0.8,0.92,0.95,0.72,0.85,0.75,0.9,0.875,0.76,0.65,1,0.9,1,0.8,0.75,0.75,0.88,0.92
1,0.0537776637395826,0.75,0.6,1,0.92,0.95,0.92,1,0.65,0.7,0.9,0.95,0.9,0.85,0.85,1,0.9,0.88,0.96,0.6875,0.84,1,1,1,0.76,1,0.8,0.8,0.84,0.95,0.85,0.88,0.75,0.8,0.92,0.95,0.72,0.85,0.8,0.9,0.875,0.76,0.65,1,0.9,1,0.8,0.75,0.8,0.88,0.92
1,0.0490002043104101,0.8,0.6,1,0.92,0.9,0.96,1,0.7,0.7,0.9,0.95,0.9,0.85,0.9,1,0.9,0.88,0.96,0.6875,0.84,1,1,1,0.76,1,0.8,0.8,0.84,0.95,0.85,0.88,0.85,0.8,0.92,0.95,0.72,0.85,0.8,0.9,0.875,0.8,0.65,1,0.9,1,0.8,0.75,0.8,0.88,0.92
1,0.0446471612096953,0.8,0.6,1,0.92,0.9,0.96,1,0.7,0.7,0.9,0.95,0.9,0.85,0.9,1,0.9,0.84,0.96,0.75,0.84,1,1,1,0.76,1,0.8,0.85,0.84,0.95,0.85,0.88,0.85,0.8,0.92,0.95,0.72,0.85,0.8,0.9,0.875,0.8,0.65,1,1,1,0.8,0.75,0.8,0.88,0.96
1,0.0406808304605586,0.8,0.6,1,0.92,0.9,0.96,1,0.75,0.7,0.9,0.95,0.9,0.85,0.9,1,0.95,0.84,0.96,0.75,0.84,1,1,1,0.8,0.95,0.8,0.85,0.8,0.95,0.85,0.88,0.85,0.8,0.92,0.95,0.72,0.85,0.8,0.9,0.875,0.84,0.65,1,1,1,0.8,0.75,0.8,0.88,0.96
1,0.0370668576035095,0.8,0.6,1,0.92,0.85,0.96,1,0.75,0.75,0.9,0.95,0.9,0.85,0.9,1,0.95,0.84,0.96,0.75,0.84,1,1,1,0.8,0.95,0.85,0.85,0.84,0.95,0.85,0.88,0.9,0.8,0.92,0.95,0.72,0.85,0.8,0.9,0.875,0.84,0.6,1,1,1,0.85,0.75,0.85,0.88,0.96
1,0.0337739401345541,0.85,0.6,1,0.92,0.85,0.96,1,0.75,0.8,0.9,0.95,0.9,0.85,0.9,1,0.95,0.84,0.96,0.75,0.84,1,1,1,0.8,0.95,0.85,0.9,0.84,0.95,0.85,0.88,0.9,0.8,0.92,1,0.72,0.85,0.8,0.9,0.875,0.88,0.6,1,1,1,0.85,0.75,0.85,0.88,0.96
1,0.0307735563778798,0.85,0.65,1,0.92,0.85,0.96,1,0.75,0.8,0.9,1,0.9,0.85,0.9,1,0.95,0.84,0.96,0.75,0.84,1,1,1,0.8,0.95,0.9,0.9,0.84,0.95,0.85,0.88,0.9,0.8,0.96,1,0.76,0.85,0.8,0.9,0.875,0.88,0.6,1,1,1,0.85,0.75,0.85,0.88,0.88
1,0.0280397184447444,0.85,0.65,1,0.92,0.85,0.96,1,0.8,0.8,0.9,1,0.9,0.9,0.9,1,0.95,0.84,0.96,0.8125,0.84,0.95,1,1,0.8,0.95,0.9,0.9,0.84,0.95,0.85,0.88,0.95,0.8,0.96,1,0.76,0.85,0.85,0.9,0.875,0.92,0.6,1,1,1,0.85,0.75,0.9,0.92,0.88
1,0.0255487471388156,0.85,0.7,1,0.92,0.85,0.96,1,0.85,0.8,0.95,1,0.9,0.9,0.9,1,0.95,0.84,0.96,0.8125,0.84,0.9,1,1,0.8,1,0.9,0.9,0.84,0.95,0.85,0.88,0.95,0.8,0.96,1,0.8,0.85,0.85,0.9,0.875,0.92,0.6,1,1,1,0.85,0.75,0.95,0.92,0.88
1,0.023279066858301,0.85,0.7,1,0.92,0.85,0.96,1,0.9,0.8,0.95,1,0.9,0.95,0.9,1,0.95,0.84,0.96,0.8125,0.88,0.85,1,1,0.8,1,0.9,0.9,0.84,0.95,0.85,0.88,0.95,0.8,0.96,1,0.8,0.85,0.9,0.9,0.875,0.92,0.65,1,1,1,0.85,0.75,0.95,0.92,0.88
1,0.0212110187184062,0.85,0.7,1,0.92,0.85,1,1,0.9,0.8,0.95,1,0.9,0.95,0.9,1,0.95,0.84,0.96,0.8125,0.88,0.85,1,1,0.8,1,0.95,0.9,0.84,0.95,0.85,0.84,0.95,0.8,0.96,1,0.84,0.85,0.9,0.9,0.875,0.92,0.65,1,1,1,0.9,0.75,1,0.92,0.88
1,0.0193266902754803,0.9,0.7,1,0.92,0.85,1,1,0.95,0.8,0.85,1,0.95,0.95,0.9,1,1,0.84,0.96,0.875,0.88,0.85,1,1,0.84,1,1,0.95,0.84,0.95,0.85,0.84,0.95,0.9,0.96,1,0.92,0.85,0.9,0.9,0.875,0.96,0.65,1,1,1,0.9,0.75,1,0.92,0.88
1,0.017609760377997,0.9,0.7,1,0.88,0.85,1,1,1,0.8,0.85,1,0.95,0.95,0.9,1,1,0.84,0.96,0.875,0.88,0.85,1,1,0.8,1,1,0.95,0.88,0.95,0.85,0.84,0.95,0.9,0.96,1,0.92,0.85,0.9,0.9,0.875,0.96,0.65,1,1,1,0.9,0.75,1,0.92,0.84
1,0.0160453578005491,0.9,0.7,1,0.88,0.95,1,1,1,0.8,0.85,1,0.95,0.95,0.9,1,1,0.92,0.96,0.875,0.88,0.85,1,1,0.84,1,1,1,0.88,0.95,0.85,0.84,0.95,1,0.96,1,0.92,0.85,0.9,0.9,0.875,0.96,0.65,1,1,1,0.9,0.8125,1,0.92,0.84
1,0.0146199324364075,0.95,0.7,1,0.92,0.95,1,1,1,0.85,0.85,1,0.95,0.9,0.9,1,1,0.92,0.96,0.875,0.88,0.85,1,1,0.84,1,1,1,0.88,0.95,0.85,0.84,0.95,1,0.96,1,0.96,0.85,0.9,0.95,0.9375,1,0.65,0.95,1,1,0.9,0.8125,1,0.92,0.84
1,0.0133211379329793,0.95,0.7,1,0.92,0.95,1,1,1,0.85,0.85,1,0.95,0.9,0.9,1,1,0.92,0.92,0.9375,0.88,0.85,1,1,0.84,1,1,1,0.88,0.95,0.85,0.84,0.95,1,0.96,1,0.96,0.9,0.9,0.95,0.9375,1,0.65,0.95,1,1,0.9,0.8125,1,0.92,0.84
1,0.012137724753608,0.95,0.75,1,0.92,1,1,1,1,0.85,0.85,1,0.95,0.9,0.9,1,1,0.92,0.92,0.9375,0.88,0.85,1,1,0.84,1,1,1,0.92,1,0.85,0.84,0.95,1,0.96,1,1,0.9,0.9,0.95,0.9375,1,0.65,0.9,1,1,0.9,0.8125,1,0.92,0.84
1,0.0110594427394687,0.95,0.75,1,0.92,1,1,1,1,0.85,0.8,1,0.95,0.9,0.9,1,1,0.92,0.92,0.9375,0.88,0.85,1,1,0.8,1,1,1,0.92,1,0.85,0.84,0.95,1,0.96,1,1,0.95,0.9,0.95,0.9375,1,0.65,0.9,1,1,0.95,0.8125,1,0.92,0.84
1,0.0100769523275957,0.95,0.8,1,0.92,1,1,1,1,0.85,0.8,1,0.95,0.9,0.9,1,1,0.92,0.92,0.9375,0.88,0.85,1,1,0.8,1,1,1,0.92,1,0.85,0.84,0.95,1,0.96,1,1,0.95,0.9,0.95,0.9375,1,0.7,0.9,1,1,0.95,0.8125,1,0.92,0.84
1,0.0091817436560565,0.95,0.8,1,0.92,1,1,1,1,0.9,0.8,1,0.95,0.9,0.9,1,1,0.96,0.92,0.9375,0.88,0.85,1,1,0.84,1,1,1,0.92,1,0.85,0.84,0.95,1,0.96,1,1,0.95,0.9,0.95,0.9375,1,0.7,0.9,1,1,0.95,0.8125,1,0.92,0.84
1,0.00836606285559835,0.95,0.8,1,0.92,1,1,1,1,0.95,0.8,1,0.95,0.9,0.85,1,1,0.96,0.92,0.9375,0.88,0.85,1,1,0.84,1,1,1,0.92,1,0.85,0.84,0.95,1,0.96,1,1,0.95,0.9,0.95,0.9375,1,0.75,0.9,1,1,0.95,0.8125,1,0.92,0.84
1,0.00762284488934241,0.95,0.8,1,0.92,1,1,1,1,0.95,0.8,1,0.95,0.85,0.85,1,1,0.96,0.92,0.9375,0.88,0.8,1,1,0.84,1,1,1,0.92,1,0.8,0.84,0.95,1,0.96,1,1,0.95,0.9,0.95,0.9375,1,0.8,0.85,1,1,0.95,0.8125,1,0.92,0.76
1,0.0069456523588141,0.95,0.85,1,0.96,1,1,1,1,0.95,0.8,1,0.95,0.85,0.9,1,1,0.92,0.92,0.9375,0.88,0.8,1,1,0.84,1,1,1,0.92,1,0.8,0.84,0.95,1,0.96,1,1,0.95,0.9,0.95,1,1,0.85,0.85,1,1,0.95,0.8125,1,0.92,0.76
1,0.00632861974627711,0.95,0.85,1,0.96,1,1,1,1,0.95,0.8,1,0.95,0.9,0.9,1,1,0.96,0.92,0.9375,0.92,0.8,1,1,0.84,1,1,1,0.92,1,0.8,0.84,0.95,1,0.96,1,1,0.95,0.9,0.9,1,1,0.85,0.9,1,1,0.95,0.8125,1,0.92,0.76
1,0.00576640261042476,0.95,0.85,1,0.96,1,1,1,1,0.95,0.8,1,0.95,0.9,0.85,1,1,0.96,0.92,0.9375,0.92,0.8,1,1,0.84,1,1,1,0.92,1,0.8,0.84,0.95,1,0.96,1,1,0.95,0.9,0.9,1,1,0.85,0.9,1,1,0.95,0.8125,1,0.92,0.76
1,0.00525413129538617,0.95,0.85,1,0.96,1,1,1,1,0.95,0.8,1,0.95,0.9,0.85,1,1,0.96,0.92,0.9375,0.88,0.8,1,1,0.84,1,1,1,0.88,1,0.85,0.84,0.95,1,0.96,1,1,0.95,0.9,0.9,1,1,0.85,0.9,1,1,0.95,0.8125,1,0.92,0.76
1,0.00478736875209671,0.95,0.8,1,0.96,1,1,1,1,0.95,0.8,1,0.95,0.9,0.85,1,1,0.96,0.92,0.9375,0.88,0.75,1,1,0.84,1,1,1,0.88,1,0.85,0.84,0.95,1,0.96,1,1,0.95,0.9,0.9,1,1,0.9,0.9,1,1,0.95,0.8125,1,0.92,0.76
1,0.00436207210670161,0.95,0.8,1,0.96,1,1,1,1,0.95,0.8,1,0.95,0.9,0.85,1,1,0.96,0.92,0.9375,0.88,0.75,1,1,0.84,1,1,1,0.88,1,0.85,0.8,0.95,1,0.96,1,1,0.95,0.9,0.9,1,1,0.9,0.95,1,1,0.95,0.8125,1,0.92,0.76
1,0.00397455764311674,0.95,0.8,1,0.96,1,1,1,1,0.95,0.8,1,0.95,0.9,0.85,1,1,0.96,0.92,0.9375,0.88,0.75,1,1,0.84,1,1,1,0.88,1,0.85,0.8,0.95,1,0.96,1,1,0.95,0.9,0.95,1,1,0.95,0.95,1,1,0.95,0.8125,1,0.92,0.76
1,0.00362146889644213,0.95,0.75,1,0.96,1,1,1,1,0.95,0.8,1,0.95,0.9,0.85,1,1,0.96,0.92,0.875,0.88,0.75,1,1,0.84,0.95,1,1,0.88,1,0.85,0.8,0.95,1,0.96,1,1,0.95,0.95,0.95,1,1,0.95,0.95,1,1,0.95,0.8125,1,0.92,0.76
1,0.00329974758086873,0.95,0.7,1,0.96,1,1,1,1,0.9,0.8,1,0.95,0.9,0.85,1,1,0.96,0.92,0.875,0.92,0.75,1,1,0.84,0.95,1,1,0.88,1,0.85,0.8,0.95,1,0.96,1,1,0.95,0.95,0.95,1,1,0.95,1,1,1,0.95,0.8125,1,0.92,0.76
1,0.00300660710026977,0.95,0.7,1,0.96,1,1,1,1,0.9,0.8,1,0.95,0.9,0.85,1,1,0.96,0.92,0.875,0.92,0.7,1,1,0.84,0.9,1,1,0.88,1,0.85,0.8,0.95,1,0.96,1,1,0.95,0.95,0.95,1,1,0.95,1,1,1,0.95,0.8125,1,0.96,0.76
1,0.0027395084120382,0.95,0.7,1,0.92,1,1,1,1,0.9,0.8,1,0.95,0.9,0.85,1,1,0.96,0.92,0.875,0.92,0.7,1,1,0.84,0.9,1,1,0.88,1,0.85,0.8,0.95,1,0.96,1,1,0.95,0.95,0.95,1,1,0.95,1,1,1,0.95,0.8125,1,0.96,0.76
1,0.0024961380351143,0.95,0.7,1,0.92,1,1,1,1,0.9,0.8,1,0.95,0.85,0.85,1,1,0.96,0.88,0.875,0.92,0.7,1,1,0.84,0.9,1,1,0.88,1,0.85,0.8,0.95,1,0.96,1,1,0.95,0.9,0.95,1,1,0.95,1,1,1,0.95,0.8125,1,0.96,0.76
1,0.00227438801171944,0.95,0.7,1,0.92,1,1,1,1,0.9,0.8,1,0.95,0.85,0.95,0.95,1,0.96,0.88,0.875,0.92,0.7,1,1,0.84,0.9,1,1,0.88,1,0.85,0.8,0.95,1,0.96,1,0.96,0.95,0.9,0.95,0.9375,1,0.9,1,1,1,0.95,0.8125,1,0.96,0.8
1,0.00207233764923432,0.95,0.7,1,0.92,1,1,1,1,0.9,0.8,1,0.9,0.85,0.95,0.95,1,0.96,0.88,0.875,0.92,0.7,1,1,0.84,0.9,1,1,0.88,1,0.85,0.8,0.95,1,0.96,1,0.88,0.95,0.9,0.95,0.9375,1,0.9,0.95,1,1,0.95,0.8125,1,0.96,0.8
1,0.00188823688407823,0.95,0.7,1,0.92,1,1,1,1,0.9,0.8,1,0.85,0.85,0.95,0.95,1,0.96,0.88,0.9375,0.92,0.7,1,1,0.84,0.9,1,1,0.88,1,0.85,0.8,0.95,1,0.96,1,0.84,0.95,0.95,0.95,0.875,1,0.9,0.95,1,1,0.95,0.8125,1,0.96,0.8
1,0.00172049112349565,0.95,0.7,1,0.92,1,1,1,1,0.95,0.8,1,0.85,0.85,0.95,0.95,1,0.96,0.88,0.9375,0.88,0.7,1,1,0.8,0.9,1,1,0.88,1,0.85,0.8,0.95,1,0.96,1,0.84,0.95,0.95,0.95,0.875,1,0.9,0.95,1,1,0.95,0.8125,1,0.96,0.8
1,0.00156764743395653,0.95,0.7,1,0.92,1,1,1,1,0.95,0.8,1,0.85,0.85,0.95,0.95,1,0.96,0.88,0.9375,0.88,0.7,1,1,0.76,0.9,1,1,0.88,1,0.9,0.8,0.95,1,0.96,0.95,0.84,0.95,0.95,0.95,0.875,1,0.9,0.95,1,1,0.95,0.8125,1,0.96,0.8
1,0.0014283819565412,0.95,0.7,1,0.92,1,1,1,1,0.95,0.8,1,0.85,0.85,0.95,0.95,1,0.96,0.88,0.9375,0.88,0.7,1,1,0.76,0.9,1,1,0.92,1,0.9,0.8,0.95,1,0.96,0.95,0.84,0.95,0.95,0.95,0.8125,1,0.9,0.95,1,1,0.95,0.8125,1,0.96,0.8
1,0.00130148844030772,0.95,0.7,1,0.92,1,1,1,1,0.95,0.8,1,0.85,0.85,0.95,0.95,1,0.96,0.88,0.9375,0.88,0.7,1,1,0.76,0.95,1,1,0.92,1,0.9,0.8,0.95,1,0.96,0.95,0.84,0.95,0.95,0.95,0.8125,1,0.95,0.95,1,1,0.95,0.8125,1,0.92,0.76
1,0.00118586779432323,0.95,0.7,1,0.92,1,1,1,1,0.95,0.8,1,0.85,0.8,0.95,0.95,1,0.96,0.88,0.9375,0.88,0.7,1,1,0.76,0.95,1,1,0.92,1,0.9,0.8,0.95,1,0.96,0.95,0.84,0.95,0.95,0.95,0.8125,1,0.95,0.95,1,1,0.95,0.8125,1,0.92,0.76
1,0.00108051856786415,0.95,0.7,1,0.88,1,1,1,1,0.95,0.75,1,0.85,0.8,0.95,0.95,1,0.96,0.88,0.9375,0.88,0.7,1,1,0.76,0.95,1,1,0.92,1,0.9,0.8,0.95,1,0.96,0.95,0.84,0.95,0.95,0.95,0.8125,1,0.95,0.95,1,1,0.95,0.8125,1,0.92,0.72
1,0.000984528276329061,0.95,0.7,1,0.88,1,1,1,1,0.95,0.75,1,0.85,0.8,0.95,0.95,1,0.96,0.88,0.9375,0.88,0.7,1,1,0.76,0.95,1,1,0.92,1,0.9,0.8,0.95,1,0.96,0.95,0.84,0.9,0.95,0.95,0.8125,1,0.95,0.95,1,1,0.95,0.8125,1,0.92,0.72
1,0.000897065497733619,0.95,0.7,1,0.88,1,1,1,1,0.95,0.75,1,0.85,0.8,0.95,0.95,1,0.96,0.88,0.9375,0.88,0.7,1,1,0.76,0.95,1,1,0.92,1,0.9,0.8,0.95,1,0.96,0.95,0.84,0.9,0.95,0.95,0.8125,1,0.95,0.95,1,1,0.95,0.8125,1,0.92,0.72
1,0.000817372671331078,0.95,0.7,1,0.88,1,1,1,1,0.95,0.75,1,0.85,0.8,0.95,0.95,1,0.96,0.88,0.9375,0.88,0.7,1,1,0.76,0.95,1,1,0.92,1,0.9,0.8,0.95,1,0.96,0.95,0.84,0.9,0.95,0.95,0.8125,1,0.95,0.95,1,1,0.95,0.8125,1,0.92,0.72
1,0.000744759535983505,0.95,0.7,1,0.88,1,1,1,1,0.95,0.75,1,0.85,0.8,0.95,0.95,1,0.96,0.88,0.9375,0.88,0.7,1,1,0.76,0.95,1,1,0.92,1,0.9,0.8,0.95,1,0.96,0.95,0.84,0.9,0.95,0.95,0.8125,1,0.95,0.95,1,0.95,0.95,0.8125,1,0.92,0.72
1,0.000678597151450023,0.95,0.7,1,0.88,1,1,1,1,0.95,0.75,1,0.85,0.8,0.9,0.95,1,0.96,0.88,0.9375,0.88,0.65,1,1,0.76,0.95,1,1,0.92,1,0.9,0.76,0.95,1,0.96,0.95,0.84,0.9,0.95,0.95,0.8125,1,0.95,0.95,1,0.95,0.95,0.8125,1,0.92,0.72
1,0.000618312450807323,0.95,0.7,1,0.88,1,1,1,1,0.95,0.75,1,0.85,0.8,0.9,0.95,1,0.92,0.88,0.9375,0.88,0.65,1,1,0.76,1,1,1,0.92,1,0.9,0.76,0.95,1,0.96,0.95,0.84,0.9,0.95,0.95,0.8125,1,0.95,0.95,1,0.95,0.95,0.8125,1,0.92,0.72
1,0.000563383276818123,0.95,0.7,1,0.84,1,1,1,1,0.95,0.75,1,0.85,0.75,0.9,0.95,1,0.92,0.88,0.9375,0.88,0.65,1,1,0.76,1,1,1,0.92,1,0.9,0.76,0.95,1,0.96,0.95,0.84,0.9,0.95,0.95,0.8125,0.96,0.95,0.95,1,0.95,0.95,0.8125,1,0.92,0.72
1,0.000513333859254977,0.95,0.7,1,0.84,1,1,1,1,0.95,0.75,1,0.85,0.75,0.9,0.95,1,0.92,0.88,0.9375,0.88,0.65,1,1,0.76,1,1,1,0.92,1,0.9,0.76,0.95,1,0.96,0.95,0.84,0.9,0.95,0.95,0.8125,0.96,0.95,0.95,1,0.95,0.95,0.8125,1,0.96,0.72
1,0.000467730694006165,0.95,0.7,1,0.84,1,1,1,1,0.95,0.75,1,0.85,0.75,0.9,0.95,1,0.92,0.88,0.9375,0.88,0.65,1,1,0.76,1,1,1,0.92,1,0.9,0.76,0.95,1,0.96,0.95,0.84,0.9,0.95,0.95,0.8125,0.96,0.95,0.95,1,0.95,0.95,0.8125,1,0.96,0.72
1,0.000426178788270468,0.95,0.7,1,0.84,1,1,1,1,0.95,0.75,1,0.8,0.75,0.9,0.95,1,0.92,0.88,0.875,0.88,0.65,1,1,0.72,1,1,1,0.92,1,0.9,0.76,0.95,1,0.96,0.95,0.84,0.9,0.95,0.95,0.8125,0.96,0.95,0.95,1,0.95,0.95,0.8125,1,0.96,0.72
1,0.000388318239318479,0.95,0.7,1,0.84,1,1,1,1,0.95,0.75,1,0.8,0.75,0.9,0.95,1,0.92,0.88,0.875,0.88,0.65,1,1,0.72,1,1,1,0.92,1,0.9,0.76,0.95,1,0.96,0.95,0.84,0.9,0.95,0.95,0.8125,0.96,0.95,0.95,1,0.95,0.95,0.8125,1,0.96,0.72
1,0.00035382111718734,0.95,0.7,1,0.84,1,1,1,1,0.95,0.75,1,0.8,0.75,0.9,0.95,1,0.92,0.88,0.875,0.88,0.65,1,1,0.72,1,1,1,0.92,1,0.9,0.76,0.95,1,0.96,0.95,0.84,0.9,0.95,0.95,0.8125,0.96,0.95,0.95,0.95,0.95,0.95,0.8125,1,0.96,0.72
1,0.000322388624308278,0.95,0.7,1,0.8,1,1,1,1,0.95,0.75,0.95,0.8,0.75,0.9,0.95,1,0.92,0.88,0.875,0.88,0.65,1,1,0.72,1,1,1,0.92,1,0.9,0.76,0.95,1,0.96,0.95,0.84,0.9,0.95,0.95,0.8125,0.96,0.95,0.95,0.95,0.95,0.95,0.8125,1,0.96,0.72
1,0.000293748507465012,0.95,0.7,1,0.8,1,1,1,1,0.95,0.75,0.95,0.75,0.75,0.9,0.95,1,0.92,0.88,0.875,0.88,0.65,1,1,0.72,1,1,1,0.92,1,0.9,0.76,0.95,1,0.96,0.95,0.84,0.9,0.95,0.95,0.8125,0.96,0.95,0.95,0.95,0.95,0.95,0.8125,1,1,0.72
1,0.000267652699666631,0.95,0.7,1,0.8,1,1,1,1,0.95,0.75,0.95,0.75,0.75,0.9,0.95,1,0.92,0.88,0.875,0.88,0.65,1,1,0.68,1,1,1,0.92,1,0.9,0.76,0.95,1,0.96,0.95,0.84,0.9,0.95,0.95,0.8125,0.96,0.95,0.95,0.95,0.95,0.95,0.8125,1,1,0.72
1,0.000243875171509999,0.95,0.7,1,0.8,1,1,1,1,0.95,0.75,0.95,0.75,0.75,0.9,0.95,1,0.92,0.88,0.875,0.88,0.65,1,1,0.64,1,1,1,0.92,1,0.9,0.76,0.95,1,0.96,0.95,0.8,0.9,0.95,0.95,0.8125,0.96,0.95,0.95,0.95,0.9,0.95,0.8125,1,1,0.72
1,0.000222209973421189,0.95,0.7,1,0.8,1,1,1,1,0.95,0.75,0.95,0.75,0.75,0.9,0.95,1,0.92,0.88,0.875,0.88,0.65,1,1,0.72,1,1,1,0.92,1,0.9,0.76,0.95,1,0.96,0.9,0.8,0.9,0.95,0.95,0.8125,0.96,0.95,0.95,0.95,0.9,1,0.8125,1,1,0.72
1,0.0002024694518188,0.95,0.7,1,0.8,1,1,1,1,0.95,0.75,0.95,0.75,0.75,0.85,0.95,1,0.88,0.88,0.875,0.88,0.65,1,1,0.68,1,1,1,0.92,1,0.9,0.76,0.95,1,0.96,0.9,0.8,0.9,0.95,0.95,0.8125,0.96,0.95,0.95,0.9,0.9,1,0.8125,1,1,0.72
1,0.00018448262374841,0.95,0.7,1,0.8,1,1,1,1,0.95,0.75,0.95,0.75,0.75,0.85,0.95,1,0.88,0.88,0.875,0.88,0.65,1,1,0.68,1,1,1,0.92,1,0.9,0.76,0.95,1,0.96,0.9,0.8,0.9,0.95,0.95,0.8125,0.96,1,0.95,0.9,0.9,1,0.8125,1,1,0.72
1,0.000168093695910018,1,0.7,1,0.76,1,1,1,1,0.95,0.75,0.95,0.75,0.75,0.85,0.95,1,0.88,0.88,0.875,0.88,0.65,1,1,0.64,1,1,1,0.92,1,0.9,0.76,0.95,1,0.96,0.9,0.8,0.9,0.95,0.95,0.8125,0.96,1,0.95,0.9,0.9,1,0.75,1,1,0.72
1,0.000153160715251011,1,0.7,1,0.72,1,1,1,1,1,0.75,0.95,0.75,0.75,0.85,0.95,1,0.88,0.88,0.875,0.88,0.65,1,1,0.68,1,1,1,0.92,1,0.9,0.76,0.95,1,0.96,0.9,0.76,0.9,0.95,0.95,0.8125,0.96,1,0.95,0.9,0.9,1,0.75,1,1,0.72
1,0.000139554339436731,1,0.7,1,0.72,1,1,1,1,1,0.75,0.95,0.75,0.75,0.85,0.95,1,0.88,0.88,0.875,0.88,0.65,1,1,0.68,1,1,1,0.92,1,0.9,0.76,0.95,1,0.96,0.9,0.76,0.9,0.95,0.95,0.8125,0.96,1,0.95,0.9,0.9,1,0.75,1,1,0.72
1,0.000127156716549048,1,0.7,1,0.72,1,0.96,1,1,1,0.75,0.95,0.75,0.75,0.9,0.95,1,0.88,0.88,0.875,0.88,0.65,1,1,0.68,1,1,1,0.92,1,0.9,0.76,0.95,1,0.96,0.9,0.76,0.9,1,0.95,0.8125,0.96,1,0.95,0.9,0.9,1,0.75,1,1,0.72
1,0.000115860464309427,1,0.7,1,0.72,1,0.96,1,1,1,0.75,0.95,0.75,0.75,0.9,0.95,1,0.88,0.88,0.875,0.88,0.65,1,1,0.68,1,1,1,0.92,0.95,0.9,0.76,0.95,1,0.96,0.9,0.76,0.9,1,0.95,0.8125,0.96,1,0.95,0.9,0.9,1,0.75,1,1,0.72
1,0.000105567739984998,1,0.7,1,0.72,1,0.96,1,1,1,0.75,0.95,0.75,0.75,0.9,0.95,1,0.88,0.88,0.875,0.88,0.65,1,1,0.68,1,1,1,0.88,0.95,0.9,0.76,0.95,1,0.96,0.9,0.76,0.9,1,0.95,0.8125,0.96,1,0.95,0.9,0.9,1,0.75,1,1,0.72
1,0.0000961893929216137,1,0.7,1,0.72,1,0.92,1,1,1,0.75,0.95,0.75,0.75,0.9,0.95,1,0.88,0.88,0.875,0.88,0.65,1,1,0.68,1,1,1,0.88,0.95,0.9,0.76,0.95,1,0.92,0.9,0.76,0.9,1,0.9,0.8125,0.96,1,0.95,0.9,0.9,1,0.75,1,1,0.72
1,0.0000876441923635332,1,0.7,1,0.72,1,0.84,1,1,1,0.75,0.95,0.75,0.75,0.9,0.95,1,0.88,0.88,0.875,0.88,0.65,1,1,0.52,1,1,1,0.88,0.95,0.9,0.76,0.95,1,0.92,0.95,0.76,0.9,1,0.9,0.8125,0.96,1,0.95,0.85,0.9,1,0.75,1,1,0.72
1,0.0000798581238714731,1,0.7,1,0.72,1,0.84,1,1,1,0.75,0.95,0.75,0.75,0.9,0.95,1,0.88,0.88,0.875,0.88,0.65,1,1,0.44,1,1,1,0.88,0.95,0.9,0.76,0.95,1,0.92,0.95,0.76,0.9,1,0.9,0.8125,0.96,1,0.95,0.85,0.9,1,0.6875,1,1,0.72
1,0.0000727637482449435,1,0.7,1,0.72,1,0.84,1,1,1,0.75,0.95,0.75,0.75,0.9,0.95,1,0.88,0.88,0.875,0.88,0.625,1,1,0.44,1,1,1,0.88,0.9,0.9,0.76,0.95,1,0.92,0.9,0.76,0.9,1,0.9,0.8125,0.96,1,0.95,0.85,0.9,1,0.6875,1,1,0.72
1,0.0000662996173961563,1,0.7,1,0.72,1,0.84,1,1,1,0.75,0.95,0.75,0.75,0.9,0.95,1,0.84,0.88,0.875,0.88,0.625,1,1,0.44,1,1,1,0.88,0.85,0.9,0.76,0.95,1,0.92,0.85,0.72,0.9,1,0.9,0.8125,0.96,1,0.95,0.85,0.9,1,0.6875,1,1,0.72
1,0.0000604097421160843,1,0.7,1,0.72,1,0.82,1,1,1,0.75,0.95,0.75,0.75,0.9,0.95,1,0.8,0.92,0.875,0.88,0.625,1,1,0.44,1,1,1,0.88,0.85,0.9,0.76,0.95,1,0.92,0.8,0.72,0.9,1,0.9,0.8125,0.96,1,0.95,0.85,0.9,1,0.6875,1,1,0.72
1,0.0000550431071227173,1,0.7,1,0.72,1,0.82,1,1,1,0.75,0.95,0.75,0.75,0.9,0.95,1,0.8,0.92,0.875,0.88,0.625,1,1,0.44,1,0.9,1,0.88,0.85,0.9,0.76,0.95,1,0.92,0.8,0.72,0.9,1,0.9,0.8125,0.96,1,0.95,0.8,0.9,1,0.6875,1,0.9,0.72
1,0.0000501532291910952,1,0.7,1,0.72,1,0.82,1,1,1,0.75,0.95,0.75,0.75,0.9,0.95,1,0.78,0.84,0.875,0.88,0.625,1,1,0.44,1,0.9,1,0.88,0.85,0.825,0.76,0.95,1,0.92,0.85,0.72,0.9,1,0.9,0.8125,0.96,1,0.95,0.8,0.9,1,0.6875,1,0.9,0.72
